  0
SECTION
  2
HEADER
  9
$ACADVER
  1
AC1027
  9
$ACADMAINTVER
 70
105
  9
$DWGCODEPAGE
  3
ANSI_1252
  9
$LASTSAVEDBY
  1
ezdxf
  9
$REQUIREDVERSIONS
160
0
  9
$INSBASE
 10
0.0
 20
0.0
 30
0.0
  9
$EXTMIN
 10
1e+20
 20
1e+20
 30
1e+20
  9
$EXTMAX
 10
-1e+20
 20
-1e+20
 30
-1e+20
  9
$LIMMIN
 10
0.0
 20
0.0
  9
$LIMMAX
 10
420.0
 20
297.0
  9
$ORTHOMODE
 70
0
  9
$REGENMODE
 70
1
  9
$FILLMODE
 70
1
  9
$QTEXTMODE
 70
0
  9
$MIRRTEXT
 70
1
  9
$LTSCALE
 40
1.0
  9
$ATTMODE
 70
1
  9
$TEXTSIZE
 40
2.5
  9
$TRACEWID
 40
1.0
  9
$TEXTSTYLE
  7
Standard
  9
$CLAYER
  8
0
  9
$CELTYPE
  6
ByLayer
  9
$CECOLOR
 62
256
  9
$CELTSCALE
 40
1.0
  9
$DISPSILH
 70
0
  9
$DIMSCALE
 40
1.0
  9
$DIMASZ
 40
2.5
  9
$DIMEXO
 40
0.625
  9
$DIMDLI
 40
3.75
  9
$DIMRND
 40
0.0
  9
$DIMDLE
 40
0.0
  9
$DIMEXE
 40
1.25
  9
$DIMTP
 40
0.0
  9
$DIMTM
 40
0.0
  9
$DIMTXT
 40
2.5
  9
$DIMCEN
 40
2.5
  9
$DIMTSZ
 40
0.0
  9
$DIMTOL
 70
0
  9
$DIMLIM
 70
0
  9
$DIMTIH
 70
0
  9
$DIMTOH
 70
0
  9
$DIMSE1
 70
0
  9
$DIMSE2
 70
0
  9
$DIMTAD
 70
1
  9
$DIMZIN
 70
8
  9
$DIMBLK
  1

  9
$DIMASO
 70
1
  9
$DIMSHO
 70
1
  9
$DIMPOST
  1

  9
$DIMAPOST
  1

  9
$DIMALT
 70
0
  9
$DIMALTD
 70
3
  9
$DIMALTF
 40
0.03937007874
  9
$DIMLFAC
 40
1.0
  9
$DIMTOFL
 70
1
  9
$DIMTVP
 40
0.0
  9
$DIMTIX
 70
0
  9
$DIMSOXD
 70
0
  9
$DIMSAH
 70
0
  9
$DIMBLK1
  1

  9
$DIMBLK2
  1

  9
$DIMSTYLE
  2
ISO-25
  9
$DIMCLRD
 70
0
  9
$DIMCLRE
 70
0
  9
$DIMCLRT
 70
0
  9
$DIMTFAC
 40
1.0
  9
$DIMGAP
 40
0.625
  9
$DIMJUST
 70
0
  9
$DIMSD1
 70
0
  9
$DIMSD2
 70
0
  9
$DIMTOLJ
 70
0
  9
$DIMTZIN
 70
8
  9
$DIMALTZ
 70
0
  9
$DIMALTTZ
 70
0
  9
$DIMUPT
 70
0
  9
$DIMDEC
 70
2
  9
$DIMTDEC
 70
2
  9
$DIMALTU
 70
2
  9
$DIMALTTD
 70
3
  9
$DIMTXSTY
  7
Standard
  9
$DIMAUNIT
 70
0
  9
$DIMADEC
 70
0
  9
$DIMALTRND
 40
0.0
  9
$DIMAZIN
 70
0
  9
$DIMDSEP
 70
44
  9
$DIMATFIT
 70
3
  9
$DIMFRAC
 70
0
  9
$DIMLDRBLK
  1

  9
$DIMLUNIT
 70
2
  9
$DIMLWD
 70
-2
  9
$DIMLWE
 70
-2
  9
$DIMTMOVE
 70
0
  9
$DIMFXL
 40
1.0
  9
$DIMFXLON
 70
0
  9
$DIMJOGANG
 40
0.785398163397
  9
$DIMTFILL
 70
0
  9
$DIMTFILLCLR
 70
0
  9
$DIMARCSYM
 70
0
  9
$DIMLTYPE
  6

  9
$DIMLTEX1
  6

  9
$DIMLTEX2
  6

  9
$DIMTXTDIRECTION
 70
0
  9
$LUNITS
 70
2
  9
$LUPREC
 70
4
  9
$SKETCHINC
 40
1.0
  9
$FILLETRAD
 40
10.0
  9
$AUNITS
 70
0
  9
$AUPREC
 70
2
  9
$MENU
  1
.
  9
$ELEVATION
 40
0.0
  9
$PELEVATION
 40
0.0
  9
$THICKNESS
 40
0.0
  9
$LIMCHECK
 70
0
  9
$CHAMFERA
 40
0.0
  9
$CHAMFERB
 40
0.0
  9
$CHAMFERC
 40
0.0
  9
$CHAMFERD
 40
0.0
  9
$SKPOLY
 70
0
  9
$TDCREATE
 40
2461321.3617708334
  9
$TDUCREATE
 40
2458532.153996898
  9
$TDUPDATE
 40
2461321.3617708334
  9
$TDUUPDATE
 40
2458532.1544311
  9
$TDINDWG
 40
0.0
  9
$TDUSRTIMER
 40
0.0
  9
$USRTIMER
 70
1
  9
$ANGBASE
 50
0.0
  9
$ANGDIR
 70
0
  9
$PDMODE
 70
0
  9
$PDSIZE
 40
0.0
  9
$PLINEWID
 40
0.0
  9
$SPLFRAME
 70
0
  9
$SPLINETYPE
 70
6
  9
$SPLINESEGS
 70
8
  9
$HANDSEED
  5
70F
  9
$SURFTAB1
 70
6
  9
$SURFTAB2
 70
6
  9
$SURFTYPE
 70
6
  9
$SURFU
 70
6
  9
$SURFV
 70
6
  9
$UCSBASE
  2

  9
$UCSNAME
  2

  9
$UCSORG
 10
0.0
 20
0.0
 30
0.0
  9
$UCSXDIR
 10
1.0
 20
0.0
 30
0.0
  9
$UCSYDIR
 10
0.0
 20
1.0
 30
0.0
  9
$UCSORTHOREF
  2

  9
$UCSORTHOVIEW
 70
0
  9
$UCSORGTOP
 10
0.0
 20
0.0
 30
0.0
  9
$UCSORGBOTTOM
 10
0.0
 20
0.0
 30
0.0
  9
$UCSORGLEFT
 10
0.0
 20
0.0
 30
0.0
  9
$UCSORGRIGHT
 10
0.0
 20
0.0
 30
0.0
  9
$UCSORGFRONT
 10
0.0
 20
0.0
 30
0.0
  9
$UCSORGBACK
 10
0.0
 20
0.0
 30
0.0
  9
$PUCSBASE
  2

  9
$PUCSNAME
  2

  9
$PUCSORG
 10
0.0
 20
0.0
 30
0.0
  9
$PUCSXDIR
 10
1.0
 20
0.0
 30
0.0
  9
$PUCSYDIR
 10
0.0
 20
1.0
 30
0.0
  9
$PUCSORTHOREF
  2

  9
$PUCSORTHOVIEW
 70
0
  9
$PUCSORGTOP
 10
0.0
 20
0.0
 30
0.0
  9
$PUCSORGBOTTOM
 10
0.0
 20
0.0
 30
0.0
  9
$PUCSORGLEFT
 10
0.0
 20
0.0
 30
0.0
  9
$PUCSORGRIGHT
 10
0.0
 20
0.0
 30
0.0
  9
$PUCSORGFRONT
 10
0.0
 20
0.0
 30
0.0
  9
$PUCSORGBACK
 10
0.0
 20
0.0
 30
0.0
  9
$USERI1
 70
0
  9
$USERI2
 70
0
  9
$USERI3
 70
0
  9
$USERI4
 70
0
  9
$USERI5
 70
0
  9
$USERR1
 40
0.0
  9
$USERR2
 40
0.0
  9
$USERR3
 40
0.0
  9
$USERR4
 40
0.0
  9
$USERR5
 40
0.0
  9
$WORLDVIEW
 70
1
  9
$SHADEDGE
 70
3
  9
$SHADEDIF
 70
70
  9
$TILEMODE
 70
1
  9
$MAXACTVP
 70
64
  9
$PINSBASE
 10
0.0
 20
0.0
 30
0.0
  9
$PLIMCHECK
 70
0
  9
$PEXTMIN
 10
1e+20
 20
1e+20
 30
1e+20
  9
$PEXTMAX
 10
-1e+20
 20
-1e+20
 30
-1e+20
  9
$PLIMMIN
 10
0.0
 20
0.0
  9
$PLIMMAX
 10
420.0
 20
297.0
  9
$UNITMODE
 70
0
  9
$VISRETAIN
 70
1
  9
$PLINEGEN
 70
0
  9
$PSLTSCALE
 70
1
  9
$TREEDEPTH
 70
3020
  9
$CMLSTYLE
  2
Standard
  9
$CMLJUST
 70
0
  9
$CMLSCALE
 40
20.0
  9
$PROXYGRAPHICS
 70
1
  9
$MEASUREMENT
 70
1
  9
$CELWEIGHT
370
-1
  9
$ENDCAPS
280
0
  9
$JOINSTYLE
280
0
  9
$LWDISPLAY
290
0
  9
$INSUNITS
 70
4
  9
$HYPERLINKBASE
  1

  9
$STYLESHEET
  1

  9
$XEDIT
290
1
  9
$CEPSNTYPE
380
0
  9
$PSTYLEMODE
290
1
  9
$FINGERPRINTGUID
  2
{A5380C4C-845F-40BC-A8A4-C2040227E031}
  9
$VERSIONGUID
  2
{5FF8E3A0-B0BD-4806-B725-2CACD4D48A2D}
  9
$EXTNAMES
290
1
  9
$PSVPSCALE
 40
0.0
  9
$OLESTARTUP
290
0
  9
$SORTENTS
280
127
  9
$INDEXCTL
280
0
  9
$HIDETEXT
280
1
  9
$XCLIPFRAME
280
1
  9
$HALOGAP
280
0
  9
$OBSCOLOR
 70
257
  9
$OBSLTYPE
280
0
  9
$INTERSECTIONDISPLAY
280
0
  9
$INTERSECTIONCOLOR
 70
257
  9
$DIMASSOC
280
2
  9
$PROJECTNAME
  1

  9
$CAMERADISPLAY
290
0
  9
$LENSLENGTH
 40
50.0
  9
$CAMERAHEIGHT
 40
0.0
  9
$STEPSPERSEC
 40
24.0
  9
$STEPSIZE
 40
100.0
  9
$3DDWFPREC
 40
2.0
  9
$PSOLWIDTH
 40
0.005
  9
$PSOLHEIGHT
 40
0.08
  9
$LOFTANG1
 40
1.570796326795
  9
$LOFTANG2
 40
1.570796326795
  9
$LOFTMAG1
 40
0.0
  9
$LOFTMAG2
 40
0.0
  9
$LOFTPARAM
 70
7
  9
$LOFTNORMALS
280
1
  9
$LATITUDE
 40
37.795
  9
$LONGITUDE
 40
-122.394
  9
$NORTHDIRECTION
 40
0.0
  9
$TIMEZONE
 70
-8000
  9
$LIGHTGLYPHDISPLAY
280
1
  9
$TILEMODELIGHTSYNCH
280
1
  9
$CMATERIAL
347
20
  9
$SOLIDHIST
280
0
  9
$SHOWHIST
280
1
  9
$DWFFRAME
280
2
  9
$DGNFRAME
280
2
  9
$REALWORLDSCALE
290
1
  9
$INTERFERECOLOR
 62
256
  9
$CSHADOW
280
0
  9
$SHADOWPLANELOCATION
 40
0.0
  0
ENDSEC
  0
SECTION
  2
CLASSES
  0
CLASS
  1
ACDBDICTIONARYWDFLT
  2
AcDbDictionaryWithDefault
  3
ObjectDBX Classes
 90
0
 91
0
280
0
281
0
  0
CLASS
  1
SUN
  2
AcDbSun
  3
SCENEOE
 90
1153
 91
0
280
0
281
0
  0
CLASS
  1
VISUALSTYLE
  2
AcDbVisualStyle
  3
ObjectDBX Classes
 90
4095
 91
0
280
0
281
0
  0
CLASS
  1
MATERIAL
  2
AcDbMaterial
  3
ObjectDBX Classes
 90
1153
 91
0
280
0
281
0
  0
CLASS
  1
SCALE
  2
AcDbScale
  3
ObjectDBX Classes
 90
1153
 91
0
280
0
281
0
  0
CLASS
  1
TABLESTYLE
  2
AcDbTableStyle
  3
ObjectDBX Classes
 90
4095
 91
0
280
0
281
0
  0
CLASS
  1
MLEADERSTYLE
  2
AcDbMLeaderStyle
  3
ACDB_MLEADERSTYLE_CLASS
 90
4095
 91
0
280
0
281
0
  0
CLASS
  1
DICTIONARYVAR
  2
AcDbDictionaryVar
  3
ObjectDBX Classes
 90
0
 91
0
280
0
281
0
  0
CLASS
  1
CELLSTYLEMAP
  2
AcDbCellStyleMap
  3
ObjectDBX Classes
 90
1152
 91
0
280
0
281
0
  0
CLASS
  1
MENTALRAYRENDERSETTINGS
  2
AcDbMentalRayRenderSettings
  3
SCENEOE
 90
1024
 91
0
280
0
281
0
  0
CLASS
  1
ACDBDETAILVIEWSTYLE
  2
AcDbDetailViewStyle
  3
ObjectDBX Classes
 90
1025
 91
0
280
0
281
0
  0
CLASS
  1
ACDBSECTIONVIEWSTYLE
  2
AcDbSectionViewStyle
  3
ObjectDBX Classes
 90
1025
 91
0
280
0
281
0
  0
CLASS
  1
RASTERVARIABLES
  2
AcDbRasterVariables
  3
ISM
 90
0
 91
0
280
0
281
0
  0
CLASS
  1
ACDBPLACEHOLDER
  2
AcDbPlaceHolder
  3
ObjectDBX Classes
 90
0
 91
0
280
0
281
0
  0
CLASS
  1
LAYOUT
  2
AcDbLayout
  3
ObjectDBX Classes
 90
0
 91
0
280
0
281
0
  0
ENDSEC
  0
SECTION
  2
TABLES
  0
TABLE
  2
VPORT
  5
8
330
0
100
AcDbSymbolTable
 70
1
  0
VPORT
  5
70B
330
8
100
AcDbSymbolTableRecord
100
AcDbViewportTableRecord
  2
*Active
 70
0
 10
0.0
 20
0.0
 11
1.0
 21
1.0
 12
420.5
 22
297.0
 13
0.0
 23
0.0
 14
0.5
 24
0.5
 15
0.5
 25
0.5
 16
0.0
 26
0.0
 36
1.0
 17
0.0
 27
0.0
 37
0.0
 40
594.0
 41
1.34
 42
50.0
 43
0.0
 44
0.0
 50
0.0
 51
0.0
 71
0
 72
1000
 73
1
 74
3
 75
0
 76
0
 77
0
 78
0
281
0
 65
1
110
0.0
120
0.0
130
0.0
111
1.0
121
0.0
131
0.0
112
0.0
122
1.0
132
0.0
 79
0
146
0.0
  0
ENDTAB
  0
TABLE
  2
LTYPE
  5
2
330
0
100
AcDbSymbolTable
 70
4
  0
LTYPE
  5
24
330
2
100
AcDbSymbolTableRecord
100
AcDbLinetypeTableRecord
  2
ByBlock
 70
0
  3

 72
65
 73
0
 40
0.0
  0
LTYPE
  5
25
330
2
100
AcDbSymbolTableRecord
100
AcDbLinetypeTableRecord
  2
ByLayer
 70
0
  3

 72
65
 73
0
 40
0.0
  0
LTYPE
  5
26
330
2
100
AcDbSymbolTableRecord
100
AcDbLinetypeTableRecord
  2
Continuous
 70
0
  3

 72
65
 73
0
 40
0.0
  0
LTYPE
  5
2F
330
2
100
AcDbSymbolTableRecord
100
AcDbLinetypeTableRecord
  2
DASHED
 70
0
  3
Dashed control / unconfirmed
 72
65
 73
2
 40
4.0
 49
2.0
 74
0
 49
-2.0
 74
0
  0
ENDTAB
  0
TABLE
  2
LAYER
  5
1
330
0
100
AcDbSymbolTable
 70
15
  0
LAYER
  5
27
330
1
100
AcDbSymbolTableRecord
100
AcDbLayerTableRecord
  2
0
 70
0
 62
7
  6
Continuous
370
-3
390
13
347
21
  0
LAYER
  5
28
330
1
100
AcDbSymbolTableRecord
100
AcDbLayerTableRecord
  2
Defpoints
 70
0
 62
7
  6
Continuous
290
0
370
-3
390
13
347
21
  0
LAYER
  5
30
330
1
100
AcDbSymbolTableRecord
100
AcDbLayerTableRecord
  2
M-SA
 70
0
 62
5
420
2331425
  6
CONTINUOUS
370
25
390
13
347
21
  0
LAYER
  5
31
330
1
100
AcDbSymbolTableRecord
100
AcDbLayerTableRecord
  2
M-RA
 70
0
 62
3
420
1402813
  6
CONTINUOUS
370
25
390
13
347
21
  0
LAYER
  5
32
330
1
100
AcDbSymbolTableRecord
100
AcDbLayerTableRecord
  2
M-EA
 70
0
 62
30
420
11619093
  6
CONTINUOUS
370
25
390
13
347
21
  0
LAYER
  5
33
330
1
100
AcDbSymbolTableRecord
100
AcDbLayerTableRecord
  2
M-OA
 70
0
 62
4
420
5864854
  6
CONTINUOUS
370
25
390
13
347
21
  0
LAYER
  5
34
330
1
100
AcDbSymbolTableRecord
100
AcDbLayerTableRecord
  2
M-RL
 70
0
 62
6
420
7754134
  6
CONTINUOUS
370
25
390
13
347
21
  0
LAYER
  5
35
330
1
100
AcDbSymbolTableRecord
100
AcDbLayerTableRecord
  2
M-INST
 70
0
 62
6
420
7749744
  6
CONTINUOUS
370
25
390
13
347
21
  0
LAYER
  5
36
330
1
100
AcDbSymbolTableRecord
100
AcDbLayerTableRecord
  2
M-CTRL
 70
0
 62
6
420
7559033
  6
DASHED
370
25
390
13
347
21
  0
LAYER
  5
37
330
1
100
AcDbSymbolTableRecord
100
AcDbLayerTableRecord
  2
A-ARCH
 70
0
 62
8
420
11909051
  6
CONTINUOUS
370
9
390
13
347
21
  0
LAYER
  5
38
330
1
100
AcDbSymbolTableRecord
100
AcDbLayerTableRecord
  2
M-INK
 70
0
 62
7
420
1514533
  6
CONTINUOUS
370
25
390
13
347
21
  0
LAYER
  5
39
330
1
100
AcDbSymbolTableRecord
100
AcDbLayerTableRecord
  2
M-DIM
 70
0
 62
8
420
5922147
  6
CONTINUOUS
370
25
390
13
347
21
  0
LAYER
  5
3A
330
1
100
AcDbSymbolTableRecord
100
AcDbLayerTableRecord
  2
M-PENDING
 70
0
 62
1
420
10631732
  6
CONTINUOUS
370
25
390
13
347
21
  0
LAYER
  5
3B
330
1
100
AcDbSymbolTableRecord
100
AcDbLayerTableRecord
  2
M-FILL
 70
0
 62
9
420
15791093
  6
CONTINUOUS
370
25
390
13
347
21
  0
LAYER
  5
3C
330
1
100
AcDbSymbolTableRecord
100
AcDbLayerTableRecord
  2
VIEWPORT
 70
0
 62
8
  6
Continuous
290
0
370
-3
390
13
347
21
  0
ENDTAB
  0
TABLE
  2
STYLE
  5
5
330
0
100
AcDbSymbolTable
 70
1
  0
STYLE
  5
29
330
5
100
AcDbSymbolTableRecord
100
AcDbTextStyleTableRecord
  2
Standard
 70
0
 40
0.0
 41
1.0
 50
0.0
 71
0
 42
2.5
  3
txt
  4

  0
ENDTAB
  0
TABLE
  2
VIEW
  5
7
330
0
100
AcDbSymbolTable
 70
0
  0
ENDTAB
  0
TABLE
  2
UCS
  5
6
330
0
100
AcDbSymbolTable
 70
0
  0
ENDTAB
  0
TABLE
  2
APPID
  5
3
330
0
100
AcDbSymbolTable
 70
3
  0
APPID
  5
2A
330
3
100
AcDbSymbolTableRecord
100
AcDbRegAppTableRecord
  2
ACAD
 70
0
  0
APPID
  5
70C
330
3
100
AcDbSymbolTableRecord
100
AcDbRegAppTableRecord
  2
HATCHBACKGROUNDCOLOR
 70
0
  0
APPID
  5
70D
330
3
100
AcDbSymbolTableRecord
100
AcDbRegAppTableRecord
  2
EZDXF
 70
0
  0
ENDTAB
  0
TABLE
  2
DIMSTYLE
  5
4
330
0
100
AcDbSymbolTable
 70
1
100
AcDbDimStyleTable
  0
DIMSTYLE
105
2B
330
4
100
AcDbSymbolTableRecord
100
AcDbDimStyleTableRecord
  2
Standard
 70
0
 40
1.0
 41
2.5
 42
0.625
 43
3.75
 44
1.25
 45
0.0
 46
0.0
 47
0.0
 48
0.0
 49
2.5
140
2.5
141
2.5
142
0.0
143
0.03937007874
144
1.0
145
0.0
146
1.0
147
0.625
148
0.0
 69
0
 70
0
 71
0
 72
0
 73
0
 74
0
 75
0
 76
0
 77
1
 78
8
 79
3
170
0
171
3
172
1
173
0
174
0
175
0
176
0
177
0
178
0
179
2
271
2
272
2
273
2
274
3
275
0
276
0
277
2
278
44
279
0
280
0
281
0
282
0
283
0
284
8
285
0
286
0
288
0
289
3
290
0
371
-2
372
-2
  0
ENDTAB
  0
TABLE
  2
BLOCK_RECORD
  5
9
330
0
100
AcDbSymbolTable
 70
6
  0
BLOCK_RECORD
  5
17
330
9
100
AcDbSymbolTableRecord
100
AcDbBlockTableRecord
  2
*Model_Space
340
1A
 70
0
280
1
281
0
  0
BLOCK_RECORD
  5
1B
330
9
100
AcDbSymbolTableRecord
100
AcDbBlockTableRecord
  2
*Paper_Space
340
1E
 70
0
280
1
281
0
  0
BLOCK_RECORD
  5
226
330
9
100
AcDbSymbolTableRecord
100
AcDbBlockTableRecord
  2
*Paper_Space0
340
229
 70
0
280
1
281
0
  0
BLOCK_RECORD
  5
446
330
9
100
AcDbSymbolTableRecord
100
AcDbBlockTableRecord
  2
*Paper_Space1
340
449
 70
0
280
1
281
0
  0
BLOCK_RECORD
  5
655
330
9
100
AcDbSymbolTableRecord
100
AcDbBlockTableRecord
  2
*Paper_Space2
340
658
 70
0
280
1
281
0
  0
BLOCK_RECORD
  5
705
330
9
100
AcDbSymbolTableRecord
100
AcDbBlockTableRecord
  2
*Paper_Space3
340
708
 70
0
280
1
281
0
  0
ENDTAB
  0
ENDSEC
  0
SECTION
  2
BLOCKS
  0
BLOCK
  5
18
330
17
100
AcDbEntity
  8
0
100
AcDbBlockBegin
  2
*Model_Space
 70
0
 10
0.0
 20
0.0
 30
0.0
  3
*Model_Space
  1

  0
ENDBLK
  5
19
330
17
100
AcDbEntity
  8
0
100
AcDbBlockEnd
  0
BLOCK
  5
1C
330
1B
100
AcDbEntity
  8
0
100
AcDbBlockBegin
  2
*Paper_Space
 70
0
 10
0.0
 20
0.0
 30
0.0
  3
*Paper_Space
  1

  0
ENDBLK
  5
1D
330
1B
100
AcDbEntity
  8
0
100
AcDbBlockEnd
  0
BLOCK
  5
227
330
226
100
AcDbEntity
  8
0
100
AcDbBlockBegin
  2
*Paper_Space0
 70
0
 10
0.0
 20
0.0
 30
0.0
  3
*Paper_Space0
  1

  0
VIEWPORT
  5
22A
330
226
100
AcDbEntity
 67
1
  8
VIEWPORTS
100
AcDbViewport
 10
420.5
 20
297.0
 30
0.0
 40
925.1
 41
653.4000000000001
 68
1
 69
1
 12
420.5
 22
297.0
 13
0.0
 23
0.0
 14
10.0
 24
10.0
 15
10.0
 25
10.0
 16
0.0
 26
0.0
 36
1.0
 17
0.0
 27
0.0
 37
0.0
 42
50.0
 43
0.0
 44
0.0
 45
653.4000000000001
 50
0.0
 51
0.0
 72
100
 90
557088
  1

281
0
 71
0
 74
0
110
0.0
120
0.0
130
0.0
111
1.0
121
0.0
131
0.0
112
0.0
122
1.0
132
0.0
 79
0
146
0.0
282
0
  0
VIEWPORT
  5
22B
330
226
100
AcDbEntity
 67
1
  8
VIEWPORT
100
AcDbViewport
 10
420.5
 20
297.0
 30
0.0
 40
841.0
 41
594.0
 68
2
 69
3
 12
420.5
 22
297.0
 13
0.0
 23
0.0
 14
10.0
 24
10.0
 15
10.0
 25
10.0
 16
0.0
 26
0.0
 36
1.0
 17
0.0
 27
0.0
 37
0.0
 42
50.0
 43
0.0
 44
0.0
 45
594.0
 50
0.0
 51
0.0
 72
100
 90
0
  1

281
0
 71
0
 74
0
110
0.0
120
0.0
130
0.0
111
1.0
121
0.0
131
0.0
112
0.0
122
1.0
132
0.0
 79
0
146
0.0
282
0
  0
ENDBLK
  5
228
330
226
100
AcDbEntity
  8
0
100
AcDbBlockEnd
  0
BLOCK
  5
447
330
446
100
AcDbEntity
  8
0
100
AcDbBlockBegin
  2
*Paper_Space1
 70
0
 10
0.0
 20
0.0
 30
0.0
  3
*Paper_Space1
  1

  0
VIEWPORT
  5
44A
330
446
100
AcDbEntity
 67
1
  8
VIEWPORTS
100
AcDbViewport
 10
420.5
 20
297.0
 30
0.0
 40
925.1
 41
653.4000000000001
 68
1
 69
1
 12
420.5
 22
297.0
 13
0.0
 23
0.0
 14
10.0
 24
10.0
 15
10.0
 25
10.0
 16
0.0
 26
0.0
 36
1.0
 17
0.0
 27
0.0
 37
0.0
 42
50.0
 43
0.0
 44
0.0
 45
653.4000000000001
 50
0.0
 51
0.0
 72
100
 90
557088
  1

281
0
 71
0
 74
0
110
0.0
120
0.0
130
0.0
111
1.0
121
0.0
131
0.0
112
0.0
122
1.0
132
0.0
 79
0
146
0.0
282
0
  0
VIEWPORT
  5
44B
330
446
100
AcDbEntity
 67
1
  8
VIEWPORT
100
AcDbViewport
 10
420.5
 20
297.0
 30
0.0
 40
841.0
 41
594.0
 68
2
 69
3
 12
1320.5
 22
297.0
 13
0.0
 23
0.0
 14
10.0
 24
10.0
 15
10.0
 25
10.0
 16
0.0
 26
0.0
 36
1.0
 17
0.0
 27
0.0
 37
0.0
 42
50.0
 43
0.0
 44
0.0
 45
594.0
 50
0.0
 51
0.0
 72
100
 90
0
  1

281
0
 71
0
 74
0
110
0.0
120
0.0
130
0.0
111
1.0
121
0.0
131
0.0
112
0.0
122
1.0
132
0.0
 79
0
146
0.0
282
0
  0
ENDBLK
  5
448
330
446
100
AcDbEntity
  8
0
100
AcDbBlockEnd
  0
BLOCK
  5
656
330
655
100
AcDbEntity
  8
0
100
AcDbBlockBegin
  2
*Paper_Space2
 70
0
 10
0.0
 20
0.0
 30
0.0
  3
*Paper_Space2
  1

  0
VIEWPORT
  5
659
330
655
100
AcDbEntity
 67
1
  8
VIEWPORTS
100
AcDbViewport
 10
420.5
 20
297.0
 30
0.0
 40
925.1
 41
653.4000000000001
 68
1
 69
1
 12
420.5
 22
297.0
 13
0.0
 23
0.0
 14
10.0
 24
10.0
 15
10.0
 25
10.0
 16
0.0
 26
0.0
 36
1.0
 17
0.0
 27
0.0
 37
0.0
 42
50.0
 43
0.0
 44
0.0
 45
653.4000000000001
 50
0.0
 51
0.0
 72
100
 90
557088
  1

281
0
 71
0
 74
0
110
0.0
120
0.0
130
0.0
111
1.0
121
0.0
131
0.0
112
0.0
122
1.0
132
0.0
 79
0
146
0.0
282
0
  0
VIEWPORT
  5
65A
330
655
100
AcDbEntity
 67
1
  8
VIEWPORT
100
AcDbViewport
 10
420.5
 20
297.0
 30
0.0
 40
841.0
 41
594.0
 68
2
 69
3
 12
2220.5
 22
297.0
 13
0.0
 23
0.0
 14
10.0
 24
10.0
 15
10.0
 25
10.0
 16
0.0
 26
0.0
 36
1.0
 17
0.0
 27
0.0
 37
0.0
 42
50.0
 43
0.0
 44
0.0
 45
594.0
 50
0.0
 51
0.0
 72
100
 90
0
  1

281
0
 71
0
 74
0
110
0.0
120
0.0
130
0.0
111
1.0
121
0.0
131
0.0
112
0.0
122
1.0
132
0.0
 79
0
146
0.0
282
0
  0
ENDBLK
  5
657
330
655
100
AcDbEntity
  8
0
100
AcDbBlockEnd
  0
BLOCK
  5
706
330
705
100
AcDbEntity
  8
0
100
AcDbBlockBegin
  2
*Paper_Space3
 70
0
 10
0.0
 20
0.0
 30
0.0
  3
*Paper_Space3
  1

  0
VIEWPORT
  5
709
330
705
100
AcDbEntity
 67
1
  8
VIEWPORTS
100
AcDbViewport
 10
420.5
 20
297.0
 30
0.0
 40
925.1
 41
653.4000000000001
 68
1
 69
1
 12
420.5
 22
297.0
 13
0.0
 23
0.0
 14
10.0
 24
10.0
 15
10.0
 25
10.0
 16
0.0
 26
0.0
 36
1.0
 17
0.0
 27
0.0
 37
0.0
 42
50.0
 43
0.0
 44
0.0
 45
653.4000000000001
 50
0.0
 51
0.0
 72
100
 90
557088
  1

281
0
 71
0
 74
0
110
0.0
120
0.0
130
0.0
111
1.0
121
0.0
131
0.0
112
0.0
122
1.0
132
0.0
 79
0
146
0.0
282
0
  0
VIEWPORT
  5
70A
330
705
100
AcDbEntity
 67
1
  8
VIEWPORT
100
AcDbViewport
 10
420.5
 20
297.0
 30
0.0
 40
841.0
 41
594.0
 68
2
 69
3
 12
3120.5
 22
297.0
 13
0.0
 23
0.0
 14
10.0
 24
10.0
 15
10.0
 25
10.0
 16
0.0
 26
0.0
 36
1.0
 17
0.0
 27
0.0
 37
0.0
 42
50.0
 43
0.0
 44
0.0
 45
594.0
 50
0.0
 51
0.0
 72
100
 90
0
  1

281
0
 71
0
 74
0
110
0.0
120
0.0
130
0.0
111
1.0
121
0.0
131
0.0
112
0.0
122
1.0
132
0.0
 79
0
146
0.0
282
0
  0
ENDBLK
  5
707
330
705
100
AcDbEntity
  8
0
100
AcDbBlockEnd
  0
ENDSEC
  0
SECTION
  2
ENTITIES
  0
LWPOLYLINE
  5
3D
330
17
100
AcDbEntity
  8
M-INK
100
AcDbPolyline
 90
4
 70
1
 10
10.0
 20
584.0
 10
831.0
 20
584.0
 10
831.0
 20
10.0
 10
10.0
 20
10.0
  0
LINE
  5
3E
330
17
100
AcDbEntity
  8
M-INK
100
AcDbLine
 10
675.0
 20
584.0
 30
0.0
 11
675.0
 21
10.0
 31
0.0
  0
TEXT
  5
3F
330
17
100
AcDbEntity
  8
M-INK
100
AcDbText
 10
18.0
 20
571.0
 30
0.0
 40
4.2
  1
ADMINISTRATION HVAC - CENTRAL PAU DUCT AND INSTRUMENTATION SCHEMATIC
 11
18.0
 21
571.0
 31
0.0
100
AcDbText
  0
LINE
  5
40
330
17
100
AcDbEntity
  8
M-INK
100
AcDbLine
 10
18.0
 20
565.0
 30
0.0
 11
665.0
 21
565.0
 31
0.0
  0
TEXT
  5
41
330
17
100
AcDbEntity
  8
M-INK
100
AcDbText
 10
683.0
 20
571.0
 30
0.0
 40
3.0
  1
GENERAL NOTES / DESIGN HOLDS
 11
683.0
 21
571.0
 31
0.0
100
AcDbText
  0
TEXT
  5
42
330
17
100
AcDbEntity
  8
M-INK
100
AcDbText
 10
683.0
 20
560.0
 30
0.0
 40
2.5
  1
1. All duct sizes are clear internal W x H in mm; round sizes are diameters. Add approved insulation outside
 11
683.0
 21
560.0
 31
0.0
100
AcDbText
  0
TEXT
  5
43
330
17
100
AcDbEntity
  8
M-INK
100
AcDbText
 10
683.0
 20
556.375
 30
0.0
 40
2.5
  1
these dimensions.
 11
683.0
 21
556.375
 31
0.0
100
AcDbText
  0
TEXT
  5
44
330
17
100
AcDbEntity
  8
M-INK
100
AcDbText
 10
683.0
 20
548.75
 30
0.0
 40
2.5
  1
2. HAP reference supply 3697.80 L/s. Assumed return 3006.68 L/s. Final IAQ, outdoor air, revised thermal loads
 11
683.0
 21
548.75
 31
0.0
100
AcDbText
  0
TEXT
  5
45
330
17
100
AcDbEntity
  8
M-INK
100
AcDbText
 10
683.0
 20
545.125
 30
0.0
 40
2.5
  1
and OEM fan pressure remain open.
 11
683.0
 21
545.125
 31
0.0
100
AcDbText
  0
TEXT
  5
46
330
17
100
AcDbEntity
  8
M-INK
100
AcDbText
 10
683.0
 20
537.5
 30
0.0
 40
2.5
  1
3. Room targets: +50 Pa normal rooms; +25 Pa kitchen, toilet and clean-agent relative to outdoors. Actual
 11
683.0
 21
537.5
 31
0.0
100
AcDbText
  0
TEXT
  5
47
330
17
100
AcDbEntity
  8
M-INK
100
AcDbText
 10
683.0
 20
533.875
 30
0.0
 40
2.5
  1
pressure / outward paths are unverified.
 11
683.0
 21
533.875
 31
0.0
100
AcDbText
  0
TEXT
  5
48
330
17
100
AcDbEntity
  8
M-INK
100
AcDbText
 10
683.0
 20
526.25
 30
0.0
 40
2.5
  1
4. Confirmed fire stops the entire HVAC system. Fire ESD restart requires local manual reset; post-fire purge is
 11
683.0
 21
526.25
 31
0.0
100
AcDbText
  0
TEXT
  5
49
330
17
100
AcDbEntity
  8
M-INK
100
AcDbText
 10
683.0
 20
522.625
 30
0.0
 40
2.5
  1
a separate approved design.
 11
683.0
 21
522.625
 31
0.0
100
AcDbText
  0
TEXT
  5
4A
330
17
100
AcDbEntity
  8
M-INK
100
AcDbText
 10
683.0
 20
515.0
 30
0.0
 40
2.5
  1
5. Reference substation drawings guide drafting style only. Project requirements follow the supplied TAQA
 11
683.0
 21
515.0
 31
0.0
100
AcDbText
  0
TEXT
  5
4B
330
17
100
AcDbEntity
  8
M-INK
100
AcDbText
 10
683.0
 20
511.375
 30
0.0
 40
2.5
  1
specification and accepted room basis.
 11
683.0
 21
511.375
 31
0.0
100
AcDbText
  0
TEXT
  5
4C
330
17
100
AcDbEntity
  8
M-INK
100
AcDbText
 10
683.0
 20
503.75
 30
0.0
 40
2.5
  1
6. 3 x 50% PAUs: two duty, one available. Any unit may be standby; programmed rotation and fault
 11
683.0
 21
503.75
 31
0.0
100
AcDbText
  0
TEXT
  5
4D
330
17
100
AcDbEntity
  8
M-INK
100
AcDbText
 10
683.0
 20
500.125
 30
0.0
 40
2.5
  1
changeover apply.
 11
683.0
 21
500.125
 31
0.0
100
AcDbText
  0
TEXT
  5
4E
330
17
100
AcDbEntity
  8
M-INK
100
AcDbText
 10
683.0
 20
492.5
 30
0.0
 40
2.5
  1
7. Common and comfort heaters are indoors. Humidifier is conditional; no heating or humidification duty has
 11
683.0
 21
492.5
 31
0.0
100
AcDbText
  0
TEXT
  5
4F
330
17
100
AcDbEntity
  8
M-INK
100
AcDbText
 10
683.0
 20
488.875
 30
0.0
 40
2.5
  1
been selected.
 11
683.0
 21
488.875
 31
0.0
100
AcDbText
  0
LINE
  5
50
330
17
100
AcDbEntity
  8
M-INK
100
AcDbLine
 10
675.0
 20
234.0
 30
0.0
 11
831.0
 21
234.0
 31
0.0
  0
TEXT
  5
51
330
17
100
AcDbEntity
  8
M-PENDING
100
AcDbText
 10
683.0
 20
221.0
 30
0.0
 40
3.3
  1
FOR COORDINATION - NOT FOR CONSTRUCTION
 11
683.0
 21
221.0
 31
0.0
100
AcDbText
  0
TEXT
  5
52
330
17
100
AcDbEntity
  8
M-PENDING
100
AcDbText
 10
683.0
 20
203.0
 30
0.0
 40
2.4
  1
Unconfirmed routes, levels, outdoor air and OEM selections: Insufficient data to verify.
 11
683.0
 21
203.0
 31
0.0
100
AcDbText
  0
LINE
  5
53
330
17
100
AcDbEntity
  8
M-INK
100
AcDbLine
 10
675.0
 20
178.0
 30
0.0
 11
831.0
 21
178.0
 31
0.0
  0
TEXT
  5
54
330
17
100
AcDbEntity
  8
M-DIM
100
AcDbText
 10
683.0
 20
168.0
 30
0.0
 40
2.1
  1
CLIENT / DESIGN BASIS
 11
683.0
 21
168.0
 31
0.0
100
AcDbText
  0
TEXT
  5
55
330
17
100
AcDbEntity
  8
M-INK
100
AcDbText
 10
683.0
 20
159.0
 30
0.0
 40
3.5
  1
TAQA TRANSMISSION
 11
683.0
 21
159.0
 31
0.0
100
AcDbText
  0
TEXT
  5
56
330
17
100
AcDbEntity
  8
M-INK
100
AcDbText
 10
683.0
 20
149.0
 30
0.0
 40
2.6
  1
N-19082-RO-012 / Design Standardization for Pumping Stations
 11
683.0
 21
149.0
 31
0.0
100
AcDbText
  0
LINE
  5
57
330
17
100
AcDbEntity
  8
M-INK
100
AcDbLine
 10
675.0
 20
125.0
 30
0.0
 11
831.0
 21
125.0
 31
0.0
  0
TEXT
  5
58
330
17
100
AcDbEntity
  8
M-DIM
100
AcDbText
 10
683.0
 20
116.0
 30
0.0
 40
2.1
  1
DRAWING TITLE
 11
683.0
 21
116.0
 31
0.0
100
AcDbText
  0
TEXT
  5
59
330
17
100
AcDbEntity
  8
M-INK
100
AcDbText
 10
683.0
 20
106.0
 30
0.0
 40
3.2
  1
Administration HVAC - central PAU duct and instrumentation schematic
 11
683.0
 21
106.0
 31
0.0
100
AcDbText
  0
LINE
  5
5A
330
17
100
AcDbEntity
  8
M-INK
100
AcDbLine
 10
675.0
 20
76.0
 30
0.0
 11
831.0
 21
76.0
 31
0.0
  0
TEXT
  5
5B
330
17
100
AcDbEntity
  8
M-DIM
100
AcDbText
 10
683.0
 20
67.0
 30
0.0
 40
2.1
  1
DRAWING NUMBER
 11
683.0
 21
67.0
 31
0.0
100
AcDbText
  0
TEXT
  5
5C
330
17
100
AcDbEntity
  8
M-INK
100
AcDbText
 10
683.0
 20
57.0
 30
0.0
 40
3.5
  1
ADM-HVAC-S-001
 11
683.0
 21
57.0
 31
0.0
100
AcDbText
  0
LINE
  5
5D
330
17
100
AcDbEntity
  8
M-INK
100
AcDbLine
 10
675.0
 20
51.0
 30
0.0
 11
831.0
 21
51.0
 31
0.0
  0
LINE
  5
5E
330
17
100
AcDbEntity
  8
M-INK
100
AcDbLine
 10
675.0
 20
34.0
 30
0.0
 11
831.0
 21
34.0
 31
0.0
  0
LINE
  5
5F
330
17
100
AcDbEntity
  8
M-INK
100
AcDbLine
 10
675.0
 20
20.0
 30
0.0
 11
831.0
 21
20.0
 31
0.0
  0
TEXT
  5
60
330
17
100
AcDbEntity
  8
M-INK
100
AcDbText
 10
683.0
 20
43.0
 30
0.0
 40
2.5
  1
REV 09   |   07 Oct 2026   |   1/4
 11
683.0
 21
43.0
 31
0.0
100
AcDbText
  0
TEXT
  5
61
330
17
100
AcDbEntity
  8
M-INK
100
AcDbText
 10
683.0
 20
26.0
 30
0.0
 40
2.4
  1
SCALE NTS   |   A1 / mm / L/s / Pa
 11
683.0
 21
26.0
 31
0.0
100
AcDbText
  0
TEXT
  5
62
330
17
100
AcDbEntity
  8
M-DIM
100
AcDbText
 10
683.0
 20
13.0
 30
0.0
 40
2.1
  1
Prepared: draft   Checked / approved: pending
 11
683.0
 21
13.0
 31
0.0
100
AcDbText
  0
TEXT
  5
63
330
17
100
AcDbEntity
  8
M-DIM
100
AcDbText
 10
18.0
 20
15.0
 30
0.0
 40
2.2
  1
SOURCE: HAP / ADMIN ARCHITECTURE / C-H-SS-001 Rev0. All new equipment and instrument tags are proposed.
 11
18.0
 21
15.0
 31
0.0
100
AcDbText
  0
TEXT
  5
64
330
17
100
AcDbEntity
  8
M-INK
100
AcDbText
 10
24.0
 20
551.0
 30
0.0
 40
3.4
  1
OUTDOOR / ROOF PLANT
 11
24.0
 21
551.0
 31
0.0
100
AcDbText
  0
LINE
  5
65
330
17
100
AcDbEntity
  8
M-RA
100
AcDbLine
 10
65.0
 20
501.0
 30
0.0
 11
65.0
 21
227.0
 31
0.0
  0
TEXT
  5
66
330
17
100
AcDbEntity
  8
M-RA
100
AcDbText
 10
22.0
 20
512.0
 30
0.0
 40
2.5
  1
RETURN MAIN
 11
22.0
 21
512.0
 31
0.0
100
AcDbText
  0
TEXT
  5
67
330
17
100
AcDbEntity
  8
M-RA
100
AcDbText
 10
22.0
 20
506.0
 30
0.0
 40
2.4
  1
3006.68 L/s ASSUMED
 11
22.0
 21
506.0
 31
0.0
100
AcDbText
  0
LINE
  5
68
330
17
100
AcDbEntity
  8
M-RL
100
AcDbLine
 10
65.0
 20
501.0
 30
0.0
 11
65.0
 21
543.0
 31
0.0
  0
LINE
  5
69
330
17
100
AcDbEntity
  8
M-RL
100
AcDbLine
 10
65.0
 20
543.0
 30
0.0
 11
140.0
 21
543.0
 31
0.0
  0
LWPOLYLINE
  5
6A
330
17
100
AcDbEntity
  8
M-RL
100
AcDbPolyline
 90
4
 70
1
 10
97.5
 20
546.5
 10
104.5
 20
546.5
 10
104.5
 20
539.5
 10
97.5
 20
539.5
  0
LINE
  5
6B
330
17
100
AcDbEntity
  8
M-RL
100
AcDbLine
 10
98.34
 20
540.34
 30
0.0
 11
103.66
 21
545.66
 31
0.0
  0
LWPOLYLINE
  5
6C
330
17
100
AcDbEntity
  8
M-RL
100
AcDbPolyline
 90
4
 70
1
 10
98.9
 20
550.35
 10
103.10000000000001
 20
550.35
 10
103.10000000000001
 20
547.2
 10
98.9
 20
547.2
  0
TEXT
  5
6D
330
17
100
AcDbEntity
  8
M-RL
100
AcDbText
 10
101.0
 20
547.83
 30
0.0
 40
1.9600000000000002
  1
M
 72
1
 11
101.0
 21
547.83
 31
0.0
100
AcDbText
  0
TEXT
  5
6E
330
17
100
AcDbEntity
  8
M-RL
100
AcDbText
 10
101.0
 20
536.35
 30
0.0
 40
2.1
  1
PRD-01
 72
1
 11
101.0
 21
536.35
 31
0.0
100
AcDbText
  0
LINE
  5
6F
330
17
100
AcDbEntity
  8
M-RL
100
AcDbLine
 10
115.0
 20
543.0
 30
0.0
 11
149.0
 21
543.0
 31
0.0
  0
LWPOLYLINE
  5
70
330
17
100
AcDbEntity
  8
M-RL
100
AcDbPolyline
 90
3
 70
1
 10
149.0
 20
543.0
 10
146.5
 20
544.125
 10
146.5
 20
541.875
  0
TEXT
  5
71
330
17
100
AcDbEntity
  8
M-RL
100
AcDbText
 10
150.0
 20
546.0
 30
0.0
 40
2.4
  1
RELIEF Q = FINAL OA - 691.12 L/s
 11
150.0
 21
546.0
 31
0.0
100
AcDbText
  0
TEXT
  5
72
330
17
100
AcDbEntity
  8
M-RL
100
AcDbText
 10
150.0
 20
540.0
 30
0.0
 40
2.2
  1
Flow / setpoint / actuator selection TBC
 11
150.0
 21
540.0
 31
0.0
100
AcDbText
  0
LWPOLYLINE
  5
73
330
17
100
AcDbEntity
  8
M-OA
100
AcDbPolyline
 90
6
 70
1
 10
640.0
 20
519.0
 10
172.0
 20
519.0
 10
172.0
 20
240.0
 10
178.0
 20
240.0
 10
178.0
 20
513.0
 10
640.0
 20
513.0
  0
LINE
  5
74
330
17
100
AcDbEntity
  8
M-OA
100
AcDbLine
 10
430.75
 20
516.0
 30
0.0
 11
365.65000000000003
 21
516.0
 31
0.0
  0
LWPOLYLINE
  5
75
330
17
100
AcDbEntity
  8
M-OA
100
AcDbPolyline
 90
3
 70
1
 10
365.65000000000003
 20
516.0
 10
366.55
 20
515.595
 10
366.55
 20
516.405
  0
LINE
  5
76
330
17
100
AcDbEntity
  8
M-OA
100
AcDbLine
 10
175.0
 20
391.8
 30
0.0
 11
175.0
 21
353.15999999999997
 31
0.0
  0
LWPOLYLINE
  5
77
330
17
100
AcDbEntity
  8
M-OA
100
AcDbPolyline
 90
3
 70
1
 10
175.0
 20
353.15999999999997
 10
175.405
 20
354.06
 10
174.595
 20
354.06
  0
LWPOLYLINE
  5
78
330
17
100
AcDbEntity
  8
M-OA
100
AcDbPolyline
 90
4
 70
1
 10
602.0
 20
529.0
 10
625.0
 20
529.0
 10
625.0
 20
503.0
 10
602.0
 20
503.0
  0
TEXT
  5
79
330
17
100
AcDbEntity
  8
M-OA
100
AcDbText
 10
613.0
 20
514.0
 30
0.0
 40
3.0
  1
STL
 72
1
 11
613.0
 21
514.0
 31
0.0
100
AcDbText
  0
TEXT
  5
7A
330
17
100
AcDbEntity
  8
M-OA
100
AcDbText
 10
600.0
 20
533.0
 30
0.0
 40
2.4
  1
STL-01 / MESH
 72
1
 11
600.0
 21
533.0
 31
0.0
100
AcDbText
  0
LWPOLYLINE
  5
7B
330
17
100
AcDbEntity
  8
M-OA
100
AcDbPolyline
 90
4
 70
1
 10
548.0
 20
529.0
 10
562.0
 20
529.0
 10
562.0
 20
503.0
 10
548.0
 20
503.0
  0
LINE
  5
7C
330
17
100
AcDbEntity
  8
M-OA
100
AcDbLine
 10
549.0
 20
525.2857142857143
 30
0.0
 11
561.0
 21
522.8714285714286
 31
0.0
  0
LINE
  5
7D
330
17
100
AcDbEntity
  8
M-OA
100
AcDbLine
 10
549.0
 20
521.5714285714286
 30
0.0
 11
561.0
 21
519.1571428571428
 31
0.0
  0
LINE
  5
7E
330
17
100
AcDbEntity
  8
M-OA
100
AcDbLine
 10
549.0
 20
517.8571428571429
 30
0.0
 11
561.0
 21
515.4428571428572
 31
0.0
  0
LINE
  5
7F
330
17
100
AcDbEntity
  8
M-OA
100
AcDbLine
 10
549.0
 20
514.1428571428571
 30
0.0
 11
561.0
 21
511.7285714285714
 31
0.0
  0
LINE
  5
80
330
17
100
AcDbEntity
  8
M-OA
100
AcDbLine
 10
549.0
 20
510.42857142857144
 30
0.0
 11
561.0
 21
508.01428571428573
 31
0.0
  0
TEXT
  5
81
330
17
100
AcDbEntity
  8
M-OA
100
AcDbText
 10
555.0
 20
498.0
 30
0.0
 40
2.5
  1
F-OA-01
 72
1
 11
555.0
 21
498.0
 31
0.0
100
AcDbText
  0
LWPOLYLINE
  5
82
330
17
100
AcDbEntity
  8
M-OA
100
AcDbPolyline
 90
4
 70
1
 10
474.0
 20
528.0
 10
498.0
 20
528.0
 10
498.0
 20
505.0
 10
474.0
 20
505.0
  0
LINE
  5
83
330
17
100
AcDbEntity
  8
M-OA
100
AcDbLine
 10
477.0
 20
522.25
 30
0.0
 11
495.0
 21
522.25
 31
0.0
  0
LINE
  5
84
330
17
100
AcDbEntity
  8
M-OA
100
AcDbLine
 10
477.0
 20
516.5
 30
0.0
 11
495.0
 21
516.5
 31
0.0
  0
LINE
  5
85
330
17
100
AcDbEntity
  8
M-OA
100
AcDbLine
 10
477.0
 20
510.75
 30
0.0
 11
495.0
 21
510.75
 31
0.0
  0
TEXT
  5
86
330
17
100
AcDbEntity
  8
M-OA
100
AcDbText
 10
486.0
 20
500.0
 30
0.0
 40
2.4
  1
OA-SIL-01
 72
1
 11
486.0
 21
500.0
 31
0.0
100
AcDbText
  0
LWPOLYLINE
  5
87
330
17
100
AcDbEntity
  8
M-OA
100
AcDbPolyline
 90
4
 70
1
 10
411.5
 20
519.5
 10
418.5
 20
519.5
 10
418.5
 20
512.5
 10
411.5
 20
512.5
  0
LINE
  5
88
330
17
100
AcDbEntity
  8
M-OA
100
AcDbLine
 10
412.34
 20
513.34
 30
0.0
 11
417.66
 21
518.66
 31
0.0
  0
LWPOLYLINE
  5
89
330
17
100
AcDbEntity
  8
M-OA
100
AcDbPolyline
 90
4
 70
1
 10
412.9
 20
523.35
 10
417.09999999999997
 20
523.35
 10
417.09999999999997
 20
520.2
 10
412.9
 20
520.2
  0
TEXT
  5
8A
330
17
100
AcDbEntity
  8
M-OA
100
AcDbText
 10
415.0
 20
520.83
 30
0.0
 40
1.9600000000000002
  1
M
 72
1
 11
415.0
 21
520.83
 31
0.0
100
AcDbText
  0
TEXT
  5
8B
330
17
100
AcDbEntity
  8
M-OA
100
AcDbText
 10
415.0
 20
509.35
 30
0.0
 40
2.1
  1
MD-OA-01
 72
1
 11
415.0
 21
509.35
 31
0.0
100
AcDbText
  0
TEXT
  5
8C
330
17
100
AcDbEntity
  8
M-OA
100
AcDbText
 10
350.0
 20
531.0
 30
0.0
 40
2.4
  1
FINAL OA TBC; MIN MAKEUP 691.12 L/s
 11
350.0
 21
531.0
 31
0.0
100
AcDbText
  0
TEXT
  5
8D
330
17
100
AcDbEntity
  8
M-PENDING
100
AcDbText
 10
350.0
 20
506.0
 30
0.0
 40
2.3
  1
Current 420.70 L/s is 270.42 L/s short
 11
350.0
 21
506.0
 31
0.0
100
AcDbText
  0
CIRCLE
  5
8E
330
17
100
AcDbEntity
  8
M-INST
100
AcDbCircle
 10
552.0
 20
551.0
 30
0.0
 40
3.5
  0
TEXT
  5
8F
330
17
100
AcDbEntity
  8
M-INST
100
AcDbText
 10
552.0
 20
549.95
 30
0.0
 40
1.54
  1
DP
 72
1
 11
552.0
 21
549.95
 31
0.0
100
AcDbText
  0
TEXT
  5
90
330
17
100
AcDbEntity
  8
M-INST
100
AcDbText
 10
552.0
 20
556.5
 30
0.0
 40
1.54
  1
PDT-OA-01
 72
1
 11
552.0
 21
556.5
 31
0.0
100
AcDbText
  0
CIRCLE
  5
91
330
17
100
AcDbEntity
  8
M-INST
100
AcDbCircle
 10
520.0
 20
551.0
 30
0.0
 40
3.5
  0
TEXT
  5
92
330
17
100
AcDbEntity
  8
M-INST
100
AcDbText
 10
520.0
 20
549.95
 30
0.0
 40
1.54
  1
G
 72
1
 11
520.0
 21
549.95
 31
0.0
100
AcDbText
  0
TEXT
  5
93
330
17
100
AcDbEntity
  8
M-INST
100
AcDbText
 10
520.0
 20
556.5
 30
0.0
 40
1.54
  1
PDI-OA-01
 72
1
 11
520.0
 21
556.5
 31
0.0
100
AcDbText
  0
LINE
  5
94
330
17
100
AcDbEntity
  8
M-INST
100
AcDbLine
 10
546.0
 20
516.0
 30
0.0
 11
546.0
 21
550.0
 31
0.0
  0
LINE
  5
95
330
17
100
AcDbEntity
  8
M-INST
100
AcDbLine
 10
546.0
 20
550.0
 30
0.0
 11
549.0
 21
550.0
 31
0.0
  0
LINE
  5
96
330
17
100
AcDbEntity
  8
M-INST
100
AcDbLine
 10
566.0
 20
516.0
 30
0.0
 11
566.0
 21
550.0
 31
0.0
  0
LINE
  5
97
330
17
100
AcDbEntity
  8
M-INST
100
AcDbLine
 10
566.0
 20
550.0
 30
0.0
 11
555.0
 21
550.0
 31
0.0
  0
LINE
  5
98
330
17
100
AcDbEntity
  8
M-INST
100
AcDbLine
 10
546.0
 20
516.0
 30
0.0
 11
546.0
 21
495.0
 31
0.0
  0
LINE
  5
99
330
17
100
AcDbEntity
  8
M-INST
100
AcDbLine
 10
546.0
 20
495.0
 30
0.0
 11
517.0
 21
495.0
 31
0.0
  0
LINE
  5
9A
330
17
100
AcDbEntity
  8
M-INST
100
AcDbLine
 10
517.0
 20
495.0
 30
0.0
 11
517.0
 21
551.0
 31
0.0
  0
LINE
  5
9B
330
17
100
AcDbEntity
  8
M-INST
100
AcDbLine
 10
566.0
 20
516.0
 30
0.0
 11
566.0
 21
491.0
 31
0.0
  0
LINE
  5
9C
330
17
100
AcDbEntity
  8
M-INST
100
AcDbLine
 10
566.0
 20
491.0
 30
0.0
 11
523.0
 21
491.0
 31
0.0
  0
LINE
  5
9D
330
17
100
AcDbEntity
  8
M-INST
100
AcDbLine
 10
523.0
 20
491.0
 30
0.0
 11
523.0
 21
551.0
 31
0.0
  0
LINE
  5
9E
330
17
100
AcDbEntity
  8
M-SA
100
AcDbLine
 10
625.0
 20
457.0
 30
0.0
 11
625.0
 21
239.0
 31
0.0
  0
LINE
  5
9F
330
17
100
AcDbEntity
  8
M-SA
100
AcDbLine
 10
625.0
 20
239.0
 30
0.0
 11
625.0
 21
131.0
 31
0.0
  0
LWPOLYLINE
  5
A0
330
17
100
AcDbEntity
  8
M-INK
100
AcDbPolyline
 90
4
 70
1
 10
247.0
 20
496.0
 10
592.0
 20
496.0
 10
592.0
 20
409.0
 10
247.0
 20
409.0
  0
TEXT
  5
A1
330
17
100
AcDbEntity
  8
M-INK
100
AcDbText
 10
251.0
 20
486.0
 30
0.0
 40
2.8
  1
PAU-A  |  50% = 1848.90 L/s  |  DX DUTY / STANDBY ROTATES
 11
251.0
 21
486.0
 31
0.0
100
AcDbText
  0
LINE
  5
A2
330
17
100
AcDbEntity
  8
M-RA
100
AcDbLine
 10
65.0
 20
457.0
 30
0.0
 11
205.0
 21
457.0
 31
0.0
  0
LWPOLYLINE
  5
A3
330
17
100
AcDbEntity
  8
M-RA
100
AcDbPolyline
 90
4
 70
1
 10
104.5
 20
460.5
 10
111.5
 20
460.5
 10
111.5
 20
453.5
 10
104.5
 20
453.5
  0
LINE
  5
A4
330
17
100
AcDbEntity
  8
M-RA
100
AcDbLine
 10
105.34
 20
454.34000000000003
 30
0.0
 11
110.66
 21
459.65999999999997
 31
0.0
  0
LWPOLYLINE
  5
A5
330
17
100
AcDbEntity
  8
M-RA
100
AcDbPolyline
 90
4
 70
1
 10
105.9
 20
464.35
 10
110.10000000000001
 20
464.35
 10
110.10000000000001
 20
461.2
 10
105.9
 20
461.2
  0
TEXT
  5
A6
330
17
100
AcDbEntity
  8
M-RA
100
AcDbText
 10
108.0
 20
461.83000000000004
 30
0.0
 40
1.9600000000000002
  1
M
 72
1
 11
108.0
 21
461.83000000000004
 31
0.0
100
AcDbText
  0
TEXT
  5
A7
330
17
100
AcDbEntity
  8
M-RA
100
AcDbText
 10
108.0
 20
450.35
 30
0.0
 40
2.1
  1
MD-RA-A
 72
1
 11
108.0
 21
450.35
 31
0.0
100
AcDbText
  0
LWPOLYLINE
  5
A8
330
17
100
AcDbEntity
  8
M-RA
100
AcDbPolyline
 90
4
 70
1
 10
150.5
 20
463.0
 10
157.5
 20
463.0
 10
157.5
 20
451.0
 10
150.5
 20
451.0
  0
LINE
  5
A9
330
17
100
AcDbEntity
  8
M-RA
100
AcDbLine
 10
151.55
 20
461.8
 30
0.0
 11
152.95
 21
458.2
 31
0.0
  0
LINE
  5
AA
330
17
100
AcDbEntity
  8
M-RA
100
AcDbLine
 10
152.95
 20
458.2
 30
0.0
 11
151.55
 21
454.6
 31
0.0
  0
LINE
  5
AB
330
17
100
AcDbEntity
  8
M-RA
100
AcDbLine
 10
151.55
 20
454.6
 30
0.0
 11
152.95
 21
452.2
 31
0.0
  0
LINE
  5
AC
330
17
100
AcDbEntity
  8
M-RA
100
AcDbLine
 10
153.3
 20
461.8
 30
0.0
 11
154.7
 21
458.2
 31
0.0
  0
LINE
  5
AD
330
17
100
AcDbEntity
  8
M-RA
100
AcDbLine
 10
154.7
 20
458.2
 30
0.0
 11
153.3
 21
454.6
 31
0.0
  0
LINE
  5
AE
330
17
100
AcDbEntity
  8
M-RA
100
AcDbLine
 10
153.3
 20
454.6
 30
0.0
 11
154.7
 21
452.2
 31
0.0
  0
LINE
  5
AF
330
17
100
AcDbEntity
  8
M-RA
100
AcDbLine
 10
155.05
 20
461.8
 30
0.0
 11
156.45
 21
458.2
 31
0.0
  0
LINE
  5
B0
330
17
100
AcDbEntity
  8
M-RA
100
AcDbLine
 10
156.45
 20
458.2
 30
0.0
 11
155.05
 21
454.6
 31
0.0
  0
LINE
  5
B1
330
17
100
AcDbEntity
  8
M-RA
100
AcDbLine
 10
155.05
 20
454.6
 30
0.0
 11
156.45
 21
452.2
 31
0.0
  0
LWPOLYLINE
  5
B2
330
17
100
AcDbEntity
  8
M-OA
100
AcDbPolyline
 90
4
 70
1
 10
204.0
 20
470.0
 10
235.0
 20
470.0
 10
235.0
 20
443.0
 10
204.0
 20
443.0
  0
TEXT
  5
B3
330
17
100
AcDbEntity
  8
M-OA
100
AcDbText
 10
219.0
 20
455.0
 30
0.0
 40
3.0
  1
MIX
 72
1
 11
219.0
 21
455.0
 31
0.0
100
AcDbText
  0
LINE
  5
B4
330
17
100
AcDbEntity
  8
M-OA
100
AcDbLine
 10
175.0
 20
477.0
 30
0.0
 11
219.0
 21
477.0
 31
0.0
  0
LINE
  5
B5
330
17
100
AcDbEntity
  8
M-OA
100
AcDbLine
 10
219.0
 20
477.0
 30
0.0
 11
219.0
 21
470.0
 31
0.0
  0
LWPOLYLINE
  5
B6
330
17
100
AcDbEntity
  8
M-OA
100
AcDbPolyline
 90
4
 70
1
 10
188.5
 20
479.5
 10
193.5
 20
479.5
 10
193.5
 20
474.5
 10
188.5
 20
474.5
  0
LINE
  5
B7
330
17
100
AcDbEntity
  8
M-OA
100
AcDbLine
 10
189.1
 20
475.1
 30
0.0
 11
192.9
 21
478.9
 31
0.0
  0
LWPOLYLINE
  5
B8
330
17
100
AcDbEntity
  8
M-OA
100
AcDbPolyline
 90
4
 70
1
 10
189.5
 20
482.25
 10
192.5
 20
482.25
 10
192.5
 20
480.0
 10
189.5
 20
480.0
  0
TEXT
  5
B9
330
17
100
AcDbEntity
  8
M-OA
100
AcDbText
 10
191.0
 20
480.45
 30
0.0
 40
1.4000000000000001
  1
M
 72
1
 11
191.0
 21
480.45
 31
0.0
100
AcDbText
  0
TEXT
  5
BA
330
17
100
AcDbEntity
  8
M-OA
100
AcDbText
 10
191.0
 20
472.25
 30
0.0
 40
1.5
  1
MD-OA-A
 72
1
 11
191.0
 21
472.25
 31
0.0
100
AcDbText
  0
LINE
  5
BB
330
17
100
AcDbEntity
  8
M-SA
100
AcDbLine
 10
235.0
 20
457.0
 30
0.0
 11
625.0
 21
457.0
 31
0.0
  0
LWPOLYLINE
  5
BC
330
17
100
AcDbEntity
  8
M-SA
100
AcDbPolyline
 90
3
 70
1
 10
625.0
 20
457.0
 10
622.5
 20
458.125
 10
622.5
 20
455.875
  0
LWPOLYLINE
  5
BD
330
17
100
AcDbEntity
  8
M-INK
100
AcDbPolyline
 90
4
 70
1
 10
272.0
 20
468.0
 10
285.0
 20
468.0
 10
285.0
 20
443.0
 10
272.0
 20
443.0
  0
LINE
  5
BE
330
17
100
AcDbEntity
  8
M-INK
100
AcDbLine
 10
273.0
 20
464.42857142857144
 30
0.0
 11
284.0
 21
462.1071428571429
 31
0.0
  0
LINE
  5
BF
330
17
100
AcDbEntity
  8
M-INK
100
AcDbLine
 10
273.0
 20
460.8571428571429
 30
0.0
 11
284.0
 21
458.5357142857143
 31
0.0
  0
LINE
  5
C0
330
17
100
AcDbEntity
  8
M-INK
100
AcDbLine
 10
273.0
 20
457.2857142857143
 30
0.0
 11
284.0
 21
454.9642857142857
 31
0.0
  0
LINE
  5
C1
330
17
100
AcDbEntity
  8
M-INK
100
AcDbLine
 10
273.0
 20
453.7142857142857
 30
0.0
 11
284.0
 21
451.3928571428571
 31
0.0
  0
LINE
  5
C2
330
17
100
AcDbEntity
  8
M-INK
100
AcDbLine
 10
273.0
 20
450.1428571428571
 30
0.0
 11
284.0
 21
447.82142857142856
 31
0.0
  0
TEXT
  5
C3
330
17
100
AcDbEntity
  8
M-INK
100
AcDbText
 10
278.5
 20
438.0
 30
0.0
 40
2.5
  1
F1-A / M8
 72
1
 11
278.5
 21
438.0
 31
0.0
100
AcDbText
  0
LWPOLYLINE
  5
C4
330
17
100
AcDbEntity
  8
M-INK
100
AcDbPolyline
 90
4
 70
1
 10
315.0
 20
468.0
 10
332.0
 20
468.0
 10
332.0
 20
443.0
 10
315.0
 20
443.0
  0
LINE
  5
C5
330
17
100
AcDbEntity
  8
M-INK
100
AcDbLine
 10
316.0
 20
464.42857142857144
 30
0.0
 11
331.0
 21
462.1071428571429
 31
0.0
  0
LINE
  5
C6
330
17
100
AcDbEntity
  8
M-INK
100
AcDbLine
 10
316.0
 20
460.8571428571429
 30
0.0
 11
331.0
 21
458.5357142857143
 31
0.0
  0
LINE
  5
C7
330
17
100
AcDbEntity
  8
M-INK
100
AcDbLine
 10
316.0
 20
457.2857142857143
 30
0.0
 11
331.0
 21
454.9642857142857
 31
0.0
  0
LINE
  5
C8
330
17
100
AcDbEntity
  8
M-INK
100
AcDbLine
 10
316.0
 20
453.7142857142857
 30
0.0
 11
331.0
 21
451.3928571428571
 31
0.0
  0
LINE
  5
C9
330
17
100
AcDbEntity
  8
M-INK
100
AcDbLine
 10
316.0
 20
450.1428571428571
 30
0.0
 11
331.0
 21
447.82142857142856
 31
0.0
  0
TEXT
  5
CA
330
17
100
AcDbEntity
  8
M-INK
100
AcDbText
 10
323.5
 20
438.0
 30
0.0
 40
2.5
  1
F2-A / M14
 72
1
 11
323.5
 21
438.0
 31
0.0
100
AcDbText
  0
CIRCLE
  5
CB
330
17
100
AcDbEntity
  8
M-INST
100
AcDbCircle
 10
278.0
 20
478.0
 30
0.0
 40
3.5
  0
TEXT
  5
CC
330
17
100
AcDbEntity
  8
M-INST
100
AcDbText
 10
278.0
 20
476.95
 30
0.0
 40
1.54
  1
DP
 72
1
 11
278.0
 21
476.95
 31
0.0
100
AcDbText
  0
TEXT
  5
CD
330
17
100
AcDbEntity
  8
M-INST
100
AcDbText
 10
278.0
 20
483.5
 30
0.0
 40
1.54
  1
PDT-F1-A
 72
1
 11
278.0
 21
483.5
 31
0.0
100
AcDbText
  0
LINE
  5
CE
330
17
100
AcDbEntity
  8
M-INST
100
AcDbLine
 10
272.0
 20
468.0
 30
0.0
 11
272.0
 21
478.0
 31
0.0
  0
LINE
  5
CF
330
17
100
AcDbEntity
  8
M-INST
100
AcDbLine
 10
272.0
 20
478.0
 30
0.0
 11
274.5
 21
478.0
 31
0.0
  0
LINE
  5
D0
330
17
100
AcDbEntity
  8
M-INST
100
AcDbLine
 10
284.0
 20
468.0
 30
0.0
 11
284.0
 21
478.0
 31
0.0
  0
LINE
  5
D1
330
17
100
AcDbEntity
  8
M-INST
100
AcDbLine
 10
284.0
 20
478.0
 30
0.0
 11
281.5
 21
478.0
 31
0.0
  0
CIRCLE
  5
D2
330
17
100
AcDbEntity
  8
M-INST
100
AcDbCircle
 10
278.0
 20
424.0
 30
0.0
 40
3.0
  0
TEXT
  5
D3
330
17
100
AcDbEntity
  8
M-INST
100
AcDbText
 10
278.0
 20
423.1
 30
0.0
 40
1.32
  1
G
 72
1
 11
278.0
 21
423.1
 31
0.0
100
AcDbText
  0
TEXT
  5
D4
330
17
100
AcDbEntity
  8
M-INST
100
AcDbText
 10
278.0
 20
429.0
 30
0.0
 40
1.32
  1
PDI-F1-A
 72
1
 11
278.0
 21
429.0
 31
0.0
100
AcDbText
  0
LINE
  5
D5
330
17
100
AcDbEntity
  8
M-INST
100
AcDbLine
 10
272.0
 20
448.0
 30
0.0
 11
272.0
 21
424.0
 31
0.0
  0
LINE
  5
D6
330
17
100
AcDbEntity
  8
M-INST
100
AcDbLine
 10
272.0
 20
424.0
 30
0.0
 11
275.0
 21
424.0
 31
0.0
  0
LINE
  5
D7
330
17
100
AcDbEntity
  8
M-INST
100
AcDbLine
 10
284.0
 20
448.0
 30
0.0
 11
284.0
 21
424.0
 31
0.0
  0
LINE
  5
D8
330
17
100
AcDbEntity
  8
M-INST
100
AcDbLine
 10
284.0
 20
424.0
 30
0.0
 11
281.0
 21
424.0
 31
0.0
  0
CIRCLE
  5
D9
330
17
100
AcDbEntity
  8
M-INST
100
AcDbCircle
 10
323.0
 20
478.0
 30
0.0
 40
3.5
  0
TEXT
  5
DA
330
17
100
AcDbEntity
  8
M-INST
100
AcDbText
 10
323.0
 20
476.95
 30
0.0
 40
1.54
  1
DP
 72
1
 11
323.0
 21
476.95
 31
0.0
100
AcDbText
  0
TEXT
  5
DB
330
17
100
AcDbEntity
  8
M-INST
100
AcDbText
 10
323.0
 20
483.5
 30
0.0
 40
1.54
  1
PDT-F2-A
 72
1
 11
323.0
 21
483.5
 31
0.0
100
AcDbText
  0
LINE
  5
DC
330
17
100
AcDbEntity
  8
M-INST
100
AcDbLine
 10
317.0
 20
468.0
 30
0.0
 11
317.0
 21
478.0
 31
0.0
  0
LINE
  5
DD
330
17
100
AcDbEntity
  8
M-INST
100
AcDbLine
 10
317.0
 20
478.0
 30
0.0
 11
319.5
 21
478.0
 31
0.0
  0
LINE
  5
DE
330
17
100
AcDbEntity
  8
M-INST
100
AcDbLine
 10
329.0
 20
468.0
 30
0.0
 11
329.0
 21
478.0
 31
0.0
  0
LINE
  5
DF
330
17
100
AcDbEntity
  8
M-INST
100
AcDbLine
 10
329.0
 20
478.0
 30
0.0
 11
326.5
 21
478.0
 31
0.0
  0
CIRCLE
  5
E0
330
17
100
AcDbEntity
  8
M-INST
100
AcDbCircle
 10
323.0
 20
424.0
 30
0.0
 40
3.0
  0
TEXT
  5
E1
330
17
100
AcDbEntity
  8
M-INST
100
AcDbText
 10
323.0
 20
423.1
 30
0.0
 40
1.32
  1
G
 72
1
 11
323.0
 21
423.1
 31
0.0
100
AcDbText
  0
TEXT
  5
E2
330
17
100
AcDbEntity
  8
M-INST
100
AcDbText
 10
323.0
 20
429.0
 30
0.0
 40
1.32
  1
PDI-F2-A
 72
1
 11
323.0
 21
429.0
 31
0.0
100
AcDbText
  0
LINE
  5
E3
330
17
100
AcDbEntity
  8
M-INST
100
AcDbLine
 10
317.0
 20
448.0
 30
0.0
 11
317.0
 21
424.0
 31
0.0
  0
LINE
  5
E4
330
17
100
AcDbEntity
  8
M-INST
100
AcDbLine
 10
317.0
 20
424.0
 30
0.0
 11
320.0
 21
424.0
 31
0.0
  0
LINE
  5
E5
330
17
100
AcDbEntity
  8
M-INST
100
AcDbLine
 10
329.0
 20
448.0
 30
0.0
 11
329.0
 21
424.0
 31
0.0
  0
LINE
  5
E6
330
17
100
AcDbEntity
  8
M-INST
100
AcDbLine
 10
329.0
 20
424.0
 30
0.0
 11
326.0
 21
424.0
 31
0.0
  0
LWPOLYLINE
  5
E7
330
17
100
AcDbEntity
  8
M-SA
100
AcDbPolyline
 90
4
 70
1
 10
383.0
 20
469.0
 10
415.0
 20
469.0
 10
415.0
 20
441.0
 10
383.0
 20
441.0
  0
TEXT
  5
E8
330
17
100
AcDbEntity
  8
M-SA
100
AcDbText
 10
399.0
 20
455.0
 30
0.0
 40
2.8
  1
DX COIL
 72
1
 11
399.0
 21
455.0
 31
0.0
100
AcDbText
  0
TEXT
  5
E9
330
17
100
AcDbEntity
  8
M-DIM
100
AcDbText
 10
399.0
 20
434.0
 30
0.0
 40
2.2
  1
CD-PAU-A
 72
1
 11
399.0
 21
434.0
 31
0.0
100
AcDbText
  0
LINE
  5
EA
330
17
100
AcDbEntity
  8
M-DIM
100
AcDbLine
 10
399.0
 20
441.0
 30
0.0
 11
399.0
 21
427.0
 31
0.0
  0
LINE
  5
EB
330
17
100
AcDbEntity
  8
M-DIM
100
AcDbLine
 10
399.0
 20
427.0
 30
0.0
 11
421.0
 21
427.0
 31
0.0
  0
CIRCLE
  5
EC
330
17
100
AcDbEntity
  8
M-SA
100
AcDbCircle
 10
483.0
 20
457.0
 30
0.0
 40
10.0
  0
LINE
  5
ED
330
17
100
AcDbEntity
  8
M-SA
100
AcDbLine
 10
483.0
 20
457.0
 30
0.0
 11
490.2
 21
457.0
 31
0.0
  0
LINE
  5
EE
330
17
100
AcDbEntity
  8
M-SA
100
AcDbLine
 10
483.0
 20
457.0
 30
0.0
 11
479.4
 21
450.764617092752
 31
0.0
  0
LINE
  5
EF
330
17
100
AcDbEntity
  8
M-SA
100
AcDbLine
 10
483.0
 20
457.0
 30
0.0
 11
479.4
 21
463.235382907248
 31
0.0
  0
TEXT
  5
F0
330
17
100
AcDbEntity
  8
M-SA
100
AcDbText
 10
483.0
 20
442.0
 30
0.0
 40
2.7
  1
SF-A
 72
1
 11
483.0
 21
442.0
 31
0.0
100
AcDbText
  0
CIRCLE
  5
F1
330
17
100
AcDbEntity
  8
M-INST
100
AcDbCircle
 10
486.0
 20
477.0
 30
0.0
 40
3.5
  0
TEXT
  5
F2
330
17
100
AcDbEntity
  8
M-INST
100
AcDbText
 10
486.0
 20
475.95
 30
0.0
 40
1.54
  1
DP
 72
1
 11
486.0
 21
475.95
 31
0.0
100
AcDbText
  0
TEXT
  5
F3
330
17
100
AcDbEntity
  8
M-INST
100
AcDbText
 10
486.0
 20
482.5
 30
0.0
 40
1.54
  1
DPT-SF-A
 72
1
 11
486.0
 21
482.5
 31
0.0
100
AcDbText
  0
LINE
  5
F4
330
17
100
AcDbEntity
  8
M-INST
100
AcDbLine
 10
469.0
 20
457.0
 30
0.0
 11
469.0
 21
477.0
 31
0.0
  0
LINE
  5
F5
330
17
100
AcDbEntity
  8
M-INST
100
AcDbLine
 10
469.0
 20
477.0
 30
0.0
 11
482.0
 21
477.0
 31
0.0
  0
LINE
  5
F6
330
17
100
AcDbEntity
  8
M-INST
100
AcDbLine
 10
497.0
 20
457.0
 30
0.0
 11
497.0
 21
477.0
 31
0.0
  0
LINE
  5
F7
330
17
100
AcDbEntity
  8
M-INST
100
AcDbLine
 10
497.0
 20
477.0
 30
0.0
 11
490.0
 21
477.0
 31
0.0
  0
CIRCLE
  5
F8
330
17
100
AcDbEntity
  8
M-INST
100
AcDbCircle
 10
516.0
 20
428.0
 30
0.0
 40
3.4
  0
TEXT
  5
F9
330
17
100
AcDbEntity
  8
M-INST
100
AcDbText
 10
516.0
 20
426.98
 30
0.0
 40
1.496
  1
VS
 72
1
 11
516.0
 21
426.98
 31
0.0
100
AcDbText
  0
TEXT
  5
FA
330
17
100
AcDbEntity
  8
M-INST
100
AcDbText
 10
516.0
 20
433.4
 30
0.0
 40
1.496
  1
VS-PAU-A
 72
1
 11
516.0
 21
433.4
 31
0.0
100
AcDbText
  0
LINE
  5
FB
330
17
100
AcDbEntity
  8
M-INST
100
AcDbLine
 10
516.0
 20
432.0
 30
0.0
 11
493.0
 21
450.0
 31
0.0
  0
LWPOLYLINE
  5
FC
330
17
100
AcDbEntity
  8
M-SA
100
AcDbPolyline
 90
4
 70
1
 10
558.5
 20
463.0
 10
565.5
 20
463.0
 10
565.5
 20
451.0
 10
558.5
 20
451.0
  0
LINE
  5
FD
330
17
100
AcDbEntity
  8
M-SA
100
AcDbLine
 10
559.55
 20
461.8
 30
0.0
 11
560.95
 21
458.2
 31
0.0
  0
LINE
  5
FE
330
17
100
AcDbEntity
  8
M-SA
100
AcDbLine
 10
560.95
 20
458.2
 30
0.0
 11
559.55
 21
454.6
 31
0.0
  0
LINE
  5
FF
330
17
100
AcDbEntity
  8
M-SA
100
AcDbLine
 10
559.55
 20
454.6
 30
0.0
 11
560.95
 21
452.2
 31
0.0
  0
LINE
  5
100
330
17
100
AcDbEntity
  8
M-SA
100
AcDbLine
 10
561.3
 20
461.8
 30
0.0
 11
562.7
 21
458.2
 31
0.0
  0
LINE
  5
101
330
17
100
AcDbEntity
  8
M-SA
100
AcDbLine
 10
562.7
 20
458.2
 30
0.0
 11
561.3
 21
454.6
 31
0.0
  0
LINE
  5
102
330
17
100
AcDbEntity
  8
M-SA
100
AcDbLine
 10
561.3
 20
454.6
 30
0.0
 11
562.7
 21
452.2
 31
0.0
  0
LINE
  5
103
330
17
100
AcDbEntity
  8
M-SA
100
AcDbLine
 10
563.05
 20
461.8
 30
0.0
 11
564.45
 21
458.2
 31
0.0
  0
LINE
  5
104
330
17
100
AcDbEntity
  8
M-SA
100
AcDbLine
 10
564.45
 20
458.2
 30
0.0
 11
563.05
 21
454.6
 31
0.0
  0
LINE
  5
105
330
17
100
AcDbEntity
  8
M-SA
100
AcDbLine
 10
563.05
 20
454.6
 30
0.0
 11
564.45
 21
452.2
 31
0.0
  0
LWPOLYLINE
  5
106
330
17
100
AcDbEntity
  8
M-SA
100
AcDbPolyline
 90
4
 70
1
 10
603.5
 20
460.5
 10
610.5
 20
460.5
 10
610.5
 20
453.5
 10
603.5
 20
453.5
  0
LINE
  5
107
330
17
100
AcDbEntity
  8
M-SA
100
AcDbLine
 10
604.34
 20
454.34000000000003
 30
0.0
 11
609.66
 21
459.65999999999997
 31
0.0
  0
LWPOLYLINE
  5
108
330
17
100
AcDbEntity
  8
M-SA
100
AcDbPolyline
 90
4
 70
1
 10
604.9
 20
464.35
 10
609.1
 20
464.35
 10
609.1
 20
461.2
 10
604.9
 20
461.2
  0
TEXT
  5
109
330
17
100
AcDbEntity
  8
M-SA
100
AcDbText
 10
607.0
 20
461.83000000000004
 30
0.0
 40
1.9600000000000002
  1
M
 72
1
 11
607.0
 21
461.83000000000004
 31
0.0
100
AcDbText
  0
TEXT
  5
10A
330
17
100
AcDbEntity
  8
M-SA
100
AcDbText
 10
607.0
 20
450.35
 30
0.0
 40
2.1
  1
MD-SA-A
 72
1
 11
607.0
 21
450.35
 31
0.0
100
AcDbText
  0
LWPOLYLINE
  5
10B
330
17
100
AcDbEntity
  8
M-INK
  6
DASHED
100
AcDbPolyline
 90
4
 70
1
 10
359.0
 20
471.0
 10
365.0
 20
471.0
 10
365.0
 20
465.0
 10
359.0
 20
465.0
  0
TEXT
  5
10C
330
17
100
AcDbEntity
  8
M-INK
100
AcDbText
 10
362.0
 20
462.6
 30
0.0
 40
1.92
  1
AD-A
 72
1
 11
362.0
 21
462.6
 31
0.0
100
AcDbText
  0
LWPOLYLINE
  5
10D
330
17
100
AcDbEntity
  8
M-INK
100
AcDbPolyline
 90
4
 70
1
 10
247.0
 20
387.0
 10
592.0
 20
387.0
 10
592.0
 20
300.0
 10
247.0
 20
300.0
  0
TEXT
  5
10E
330
17
100
AcDbEntity
  8
M-INK
100
AcDbText
 10
251.0
 20
377.0
 30
0.0
 40
2.8
  1
PAU-B  |  50% = 1848.90 L/s  |  DX DUTY / STANDBY ROTATES
 11
251.0
 21
377.0
 31
0.0
100
AcDbText
  0
LINE
  5
10F
330
17
100
AcDbEntity
  8
M-RA
100
AcDbLine
 10
65.0
 20
348.0
 30
0.0
 11
205.0
 21
348.0
 31
0.0
  0
LWPOLYLINE
  5
110
330
17
100
AcDbEntity
  8
M-RA
100
AcDbPolyline
 90
4
 70
1
 10
104.5
 20
351.5
 10
111.5
 20
351.5
 10
111.5
 20
344.5
 10
104.5
 20
344.5
  0
LINE
  5
111
330
17
100
AcDbEntity
  8
M-RA
100
AcDbLine
 10
105.34
 20
345.34000000000003
 30
0.0
 11
110.66
 21
350.65999999999997
 31
0.0
  0
LWPOLYLINE
  5
112
330
17
100
AcDbEntity
  8
M-RA
100
AcDbPolyline
 90
4
 70
1
 10
105.9
 20
355.35
 10
110.10000000000001
 20
355.35
 10
110.10000000000001
 20
352.2
 10
105.9
 20
352.2
  0
TEXT
  5
113
330
17
100
AcDbEntity
  8
M-RA
100
AcDbText
 10
108.0
 20
352.83000000000004
 30
0.0
 40
1.9600000000000002
  1
M
 72
1
 11
108.0
 21
352.83000000000004
 31
0.0
100
AcDbText
  0
TEXT
  5
114
330
17
100
AcDbEntity
  8
M-RA
100
AcDbText
 10
108.0
 20
341.35
 30
0.0
 40
2.1
  1
MD-RA-B
 72
1
 11
108.0
 21
341.35
 31
0.0
100
AcDbText
  0
LWPOLYLINE
  5
115
330
17
100
AcDbEntity
  8
M-RA
100
AcDbPolyline
 90
4
 70
1
 10
150.5
 20
354.0
 10
157.5
 20
354.0
 10
157.5
 20
342.0
 10
150.5
 20
342.0
  0
LINE
  5
116
330
17
100
AcDbEntity
  8
M-RA
100
AcDbLine
 10
151.55
 20
352.8
 30
0.0
 11
152.95
 21
349.2
 31
0.0
  0
LINE
  5
117
330
17
100
AcDbEntity
  8
M-RA
100
AcDbLine
 10
152.95
 20
349.2
 30
0.0
 11
151.55
 21
345.6
 31
0.0
  0
LINE
  5
118
330
17
100
AcDbEntity
  8
M-RA
100
AcDbLine
 10
151.55
 20
345.6
 30
0.0
 11
152.95
 21
343.2
 31
0.0
  0
LINE
  5
119
330
17
100
AcDbEntity
  8
M-RA
100
AcDbLine
 10
153.3
 20
352.8
 30
0.0
 11
154.7
 21
349.2
 31
0.0
  0
LINE
  5
11A
330
17
100
AcDbEntity
  8
M-RA
100
AcDbLine
 10
154.7
 20
349.2
 30
0.0
 11
153.3
 21
345.6
 31
0.0
  0
LINE
  5
11B
330
17
100
AcDbEntity
  8
M-RA
100
AcDbLine
 10
153.3
 20
345.6
 30
0.0
 11
154.7
 21
343.2
 31
0.0
  0
LINE
  5
11C
330
17
100
AcDbEntity
  8
M-RA
100
AcDbLine
 10
155.05
 20
352.8
 30
0.0
 11
156.45
 21
349.2
 31
0.0
  0
LINE
  5
11D
330
17
100
AcDbEntity
  8
M-RA
100
AcDbLine
 10
156.45
 20
349.2
 30
0.0
 11
155.05
 21
345.6
 31
0.0
  0
LINE
  5
11E
330
17
100
AcDbEntity
  8
M-RA
100
AcDbLine
 10
155.05
 20
345.6
 30
0.0
 11
156.45
 21
343.2
 31
0.0
  0
LWPOLYLINE
  5
11F
330
17
100
AcDbEntity
  8
M-OA
100
AcDbPolyline
 90
4
 70
1
 10
204.0
 20
361.0
 10
235.0
 20
361.0
 10
235.0
 20
334.0
 10
204.0
 20
334.0
  0
TEXT
  5
120
330
17
100
AcDbEntity
  8
M-OA
100
AcDbText
 10
219.0
 20
346.0
 30
0.0
 40
3.0
  1
MIX
 72
1
 11
219.0
 21
346.0
 31
0.0
100
AcDbText
  0
LINE
  5
121
330
17
100
AcDbEntity
  8
M-OA
100
AcDbLine
 10
175.0
 20
368.0
 30
0.0
 11
219.0
 21
368.0
 31
0.0
  0
LINE
  5
122
330
17
100
AcDbEntity
  8
M-OA
100
AcDbLine
 10
219.0
 20
368.0
 30
0.0
 11
219.0
 21
361.0
 31
0.0
  0
LWPOLYLINE
  5
123
330
17
100
AcDbEntity
  8
M-OA
100
AcDbPolyline
 90
4
 70
1
 10
188.5
 20
370.5
 10
193.5
 20
370.5
 10
193.5
 20
365.5
 10
188.5
 20
365.5
  0
LINE
  5
124
330
17
100
AcDbEntity
  8
M-OA
100
AcDbLine
 10
189.1
 20
366.1
 30
0.0
 11
192.9
 21
369.9
 31
0.0
  0
LWPOLYLINE
  5
125
330
17
100
AcDbEntity
  8
M-OA
100
AcDbPolyline
 90
4
 70
1
 10
189.5
 20
373.25
 10
192.5
 20
373.25
 10
192.5
 20
371.0
 10
189.5
 20
371.0
  0
TEXT
  5
126
330
17
100
AcDbEntity
  8
M-OA
100
AcDbText
 10
191.0
 20
371.45
 30
0.0
 40
1.4000000000000001
  1
M
 72
1
 11
191.0
 21
371.45
 31
0.0
100
AcDbText
  0
TEXT
  5
127
330
17
100
AcDbEntity
  8
M-OA
100
AcDbText
 10
191.0
 20
363.25
 30
0.0
 40
1.5
  1
MD-OA-B
 72
1
 11
191.0
 21
363.25
 31
0.0
100
AcDbText
  0
LINE
  5
128
330
17
100
AcDbEntity
  8
M-SA
100
AcDbLine
 10
235.0
 20
348.0
 30
0.0
 11
625.0
 21
348.0
 31
0.0
  0
LWPOLYLINE
  5
129
330
17
100
AcDbEntity
  8
M-SA
100
AcDbPolyline
 90
3
 70
1
 10
625.0
 20
348.0
 10
622.5
 20
349.125
 10
622.5
 20
346.875
  0
LWPOLYLINE
  5
12A
330
17
100
AcDbEntity
  8
M-INK
100
AcDbPolyline
 90
4
 70
1
 10
272.0
 20
359.0
 10
285.0
 20
359.0
 10
285.0
 20
334.0
 10
272.0
 20
334.0
  0
LINE
  5
12B
330
17
100
AcDbEntity
  8
M-INK
100
AcDbLine
 10
273.0
 20
355.42857142857144
 30
0.0
 11
284.0
 21
353.1071428571429
 31
0.0
  0
LINE
  5
12C
330
17
100
AcDbEntity
  8
M-INK
100
AcDbLine
 10
273.0
 20
351.8571428571429
 30
0.0
 11
284.0
 21
349.5357142857143
 31
0.0
  0
LINE
  5
12D
330
17
100
AcDbEntity
  8
M-INK
100
AcDbLine
 10
273.0
 20
348.2857142857143
 30
0.0
 11
284.0
 21
345.9642857142857
 31
0.0
  0
LINE
  5
12E
330
17
100
AcDbEntity
  8
M-INK
100
AcDbLine
 10
273.0
 20
344.7142857142857
 30
0.0
 11
284.0
 21
342.3928571428571
 31
0.0
  0
LINE
  5
12F
330
17
100
AcDbEntity
  8
M-INK
100
AcDbLine
 10
273.0
 20
341.1428571428571
 30
0.0
 11
284.0
 21
338.82142857142856
 31
0.0
  0
TEXT
  5
130
330
17
100
AcDbEntity
  8
M-INK
100
AcDbText
 10
278.5
 20
329.0
 30
0.0
 40
2.5
  1
F1-B / M8
 72
1
 11
278.5
 21
329.0
 31
0.0
100
AcDbText
  0
LWPOLYLINE
  5
131
330
17
100
AcDbEntity
  8
M-INK
100
AcDbPolyline
 90
4
 70
1
 10
315.0
 20
359.0
 10
332.0
 20
359.0
 10
332.0
 20
334.0
 10
315.0
 20
334.0
  0
LINE
  5
132
330
17
100
AcDbEntity
  8
M-INK
100
AcDbLine
 10
316.0
 20
355.42857142857144
 30
0.0
 11
331.0
 21
353.1071428571429
 31
0.0
  0
LINE
  5
133
330
17
100
AcDbEntity
  8
M-INK
100
AcDbLine
 10
316.0
 20
351.8571428571429
 30
0.0
 11
331.0
 21
349.5357142857143
 31
0.0
  0
LINE
  5
134
330
17
100
AcDbEntity
  8
M-INK
100
AcDbLine
 10
316.0
 20
348.2857142857143
 30
0.0
 11
331.0
 21
345.9642857142857
 31
0.0
  0
LINE
  5
135
330
17
100
AcDbEntity
  8
M-INK
100
AcDbLine
 10
316.0
 20
344.7142857142857
 30
0.0
 11
331.0
 21
342.3928571428571
 31
0.0
  0
LINE
  5
136
330
17
100
AcDbEntity
  8
M-INK
100
AcDbLine
 10
316.0
 20
341.1428571428571
 30
0.0
 11
331.0
 21
338.82142857142856
 31
0.0
  0
TEXT
  5
137
330
17
100
AcDbEntity
  8
M-INK
100
AcDbText
 10
323.5
 20
329.0
 30
0.0
 40
2.5
  1
F2-B / M14
 72
1
 11
323.5
 21
329.0
 31
0.0
100
AcDbText
  0
CIRCLE
  5
138
330
17
100
AcDbEntity
  8
M-INST
100
AcDbCircle
 10
278.0
 20
369.0
 30
0.0
 40
3.5
  0
TEXT
  5
139
330
17
100
AcDbEntity
  8
M-INST
100
AcDbText
 10
278.0
 20
367.95
 30
0.0
 40
1.54
  1
DP
 72
1
 11
278.0
 21
367.95
 31
0.0
100
AcDbText
  0
TEXT
  5
13A
330
17
100
AcDbEntity
  8
M-INST
100
AcDbText
 10
278.0
 20
374.5
 30
0.0
 40
1.54
  1
PDT-F1-B
 72
1
 11
278.0
 21
374.5
 31
0.0
100
AcDbText
  0
LINE
  5
13B
330
17
100
AcDbEntity
  8
M-INST
100
AcDbLine
 10
272.0
 20
359.0
 30
0.0
 11
272.0
 21
369.0
 31
0.0
  0
LINE
  5
13C
330
17
100
AcDbEntity
  8
M-INST
100
AcDbLine
 10
272.0
 20
369.0
 30
0.0
 11
274.5
 21
369.0
 31
0.0
  0
LINE
  5
13D
330
17
100
AcDbEntity
  8
M-INST
100
AcDbLine
 10
284.0
 20
359.0
 30
0.0
 11
284.0
 21
369.0
 31
0.0
  0
LINE
  5
13E
330
17
100
AcDbEntity
  8
M-INST
100
AcDbLine
 10
284.0
 20
369.0
 30
0.0
 11
281.5
 21
369.0
 31
0.0
  0
CIRCLE
  5
13F
330
17
100
AcDbEntity
  8
M-INST
100
AcDbCircle
 10
278.0
 20
315.0
 30
0.0
 40
3.0
  0
TEXT
  5
140
330
17
100
AcDbEntity
  8
M-INST
100
AcDbText
 10
278.0
 20
314.1
 30
0.0
 40
1.32
  1
G
 72
1
 11
278.0
 21
314.1
 31
0.0
100
AcDbText
  0
TEXT
  5
141
330
17
100
AcDbEntity
  8
M-INST
100
AcDbText
 10
278.0
 20
320.0
 30
0.0
 40
1.32
  1
PDI-F1-B
 72
1
 11
278.0
 21
320.0
 31
0.0
100
AcDbText
  0
LINE
  5
142
330
17
100
AcDbEntity
  8
M-INST
100
AcDbLine
 10
272.0
 20
339.0
 30
0.0
 11
272.0
 21
315.0
 31
0.0
  0
LINE
  5
143
330
17
100
AcDbEntity
  8
M-INST
100
AcDbLine
 10
272.0
 20
315.0
 30
0.0
 11
275.0
 21
315.0
 31
0.0
  0
LINE
  5
144
330
17
100
AcDbEntity
  8
M-INST
100
AcDbLine
 10
284.0
 20
339.0
 30
0.0
 11
284.0
 21
315.0
 31
0.0
  0
LINE
  5
145
330
17
100
AcDbEntity
  8
M-INST
100
AcDbLine
 10
284.0
 20
315.0
 30
0.0
 11
281.0
 21
315.0
 31
0.0
  0
CIRCLE
  5
146
330
17
100
AcDbEntity
  8
M-INST
100
AcDbCircle
 10
323.0
 20
369.0
 30
0.0
 40
3.5
  0
TEXT
  5
147
330
17
100
AcDbEntity
  8
M-INST
100
AcDbText
 10
323.0
 20
367.95
 30
0.0
 40
1.54
  1
DP
 72
1
 11
323.0
 21
367.95
 31
0.0
100
AcDbText
  0
TEXT
  5
148
330
17
100
AcDbEntity
  8
M-INST
100
AcDbText
 10
323.0
 20
374.5
 30
0.0
 40
1.54
  1
PDT-F2-B
 72
1
 11
323.0
 21
374.5
 31
0.0
100
AcDbText
  0
LINE
  5
149
330
17
100
AcDbEntity
  8
M-INST
100
AcDbLine
 10
317.0
 20
359.0
 30
0.0
 11
317.0
 21
369.0
 31
0.0
  0
LINE
  5
14A
330
17
100
AcDbEntity
  8
M-INST
100
AcDbLine
 10
317.0
 20
369.0
 30
0.0
 11
319.5
 21
369.0
 31
0.0
  0
LINE
  5
14B
330
17
100
AcDbEntity
  8
M-INST
100
AcDbLine
 10
329.0
 20
359.0
 30
0.0
 11
329.0
 21
369.0
 31
0.0
  0
LINE
  5
14C
330
17
100
AcDbEntity
  8
M-INST
100
AcDbLine
 10
329.0
 20
369.0
 30
0.0
 11
326.5
 21
369.0
 31
0.0
  0
CIRCLE
  5
14D
330
17
100
AcDbEntity
  8
M-INST
100
AcDbCircle
 10
323.0
 20
315.0
 30
0.0
 40
3.0
  0
TEXT
  5
14E
330
17
100
AcDbEntity
  8
M-INST
100
AcDbText
 10
323.0
 20
314.1
 30
0.0
 40
1.32
  1
G
 72
1
 11
323.0
 21
314.1
 31
0.0
100
AcDbText
  0
TEXT
  5
14F
330
17
100
AcDbEntity
  8
M-INST
100
AcDbText
 10
323.0
 20
320.0
 30
0.0
 40
1.32
  1
PDI-F2-B
 72
1
 11
323.0
 21
320.0
 31
0.0
100
AcDbText
  0
LINE
  5
150
330
17
100
AcDbEntity
  8
M-INST
100
AcDbLine
 10
317.0
 20
339.0
 30
0.0
 11
317.0
 21
315.0
 31
0.0
  0
LINE
  5
151
330
17
100
AcDbEntity
  8
M-INST
100
AcDbLine
 10
317.0
 20
315.0
 30
0.0
 11
320.0
 21
315.0
 31
0.0
  0
LINE
  5
152
330
17
100
AcDbEntity
  8
M-INST
100
AcDbLine
 10
329.0
 20
339.0
 30
0.0
 11
329.0
 21
315.0
 31
0.0
  0
LINE
  5
153
330
17
100
AcDbEntity
  8
M-INST
100
AcDbLine
 10
329.0
 20
315.0
 30
0.0
 11
326.0
 21
315.0
 31
0.0
  0
LWPOLYLINE
  5
154
330
17
100
AcDbEntity
  8
M-SA
100
AcDbPolyline
 90
4
 70
1
 10
383.0
 20
360.0
 10
415.0
 20
360.0
 10
415.0
 20
332.0
 10
383.0
 20
332.0
  0
TEXT
  5
155
330
17
100
AcDbEntity
  8
M-SA
100
AcDbText
 10
399.0
 20
346.0
 30
0.0
 40
2.8
  1
DX COIL
 72
1
 11
399.0
 21
346.0
 31
0.0
100
AcDbText
  0
TEXT
  5
156
330
17
100
AcDbEntity
  8
M-DIM
100
AcDbText
 10
399.0
 20
325.0
 30
0.0
 40
2.2
  1
CD-PAU-B
 72
1
 11
399.0
 21
325.0
 31
0.0
100
AcDbText
  0
LINE
  5
157
330
17
100
AcDbEntity
  8
M-DIM
100
AcDbLine
 10
399.0
 20
332.0
 30
0.0
 11
399.0
 21
318.0
 31
0.0
  0
LINE
  5
158
330
17
100
AcDbEntity
  8
M-DIM
100
AcDbLine
 10
399.0
 20
318.0
 30
0.0
 11
421.0
 21
318.0
 31
0.0
  0
CIRCLE
  5
159
330
17
100
AcDbEntity
  8
M-SA
100
AcDbCircle
 10
483.0
 20
348.0
 30
0.0
 40
10.0
  0
LINE
  5
15A
330
17
100
AcDbEntity
  8
M-SA
100
AcDbLine
 10
483.0
 20
348.0
 30
0.0
 11
490.2
 21
348.0
 31
0.0
  0
LINE
  5
15B
330
17
100
AcDbEntity
  8
M-SA
100
AcDbLine
 10
483.0
 20
348.0
 30
0.0
 11
479.4
 21
341.764617092752
 31
0.0
  0
LINE
  5
15C
330
17
100
AcDbEntity
  8
M-SA
100
AcDbLine
 10
483.0
 20
348.0
 30
0.0
 11
479.4
 21
354.235382907248
 31
0.0
  0
TEXT
  5
15D
330
17
100
AcDbEntity
  8
M-SA
100
AcDbText
 10
483.0
 20
333.0
 30
0.0
 40
2.7
  1
SF-B
 72
1
 11
483.0
 21
333.0
 31
0.0
100
AcDbText
  0
CIRCLE
  5
15E
330
17
100
AcDbEntity
  8
M-INST
100
AcDbCircle
 10
486.0
 20
368.0
 30
0.0
 40
3.5
  0
TEXT
  5
15F
330
17
100
AcDbEntity
  8
M-INST
100
AcDbText
 10
486.0
 20
366.95
 30
0.0
 40
1.54
  1
DP
 72
1
 11
486.0
 21
366.95
 31
0.0
100
AcDbText
  0
TEXT
  5
160
330
17
100
AcDbEntity
  8
M-INST
100
AcDbText
 10
486.0
 20
373.5
 30
0.0
 40
1.54
  1
DPT-SF-B
 72
1
 11
486.0
 21
373.5
 31
0.0
100
AcDbText
  0
LINE
  5
161
330
17
100
AcDbEntity
  8
M-INST
100
AcDbLine
 10
469.0
 20
348.0
 30
0.0
 11
469.0
 21
368.0
 31
0.0
  0
LINE
  5
162
330
17
100
AcDbEntity
  8
M-INST
100
AcDbLine
 10
469.0
 20
368.0
 30
0.0
 11
482.0
 21
368.0
 31
0.0
  0
LINE
  5
163
330
17
100
AcDbEntity
  8
M-INST
100
AcDbLine
 10
497.0
 20
348.0
 30
0.0
 11
497.0
 21
368.0
 31
0.0
  0
LINE
  5
164
330
17
100
AcDbEntity
  8
M-INST
100
AcDbLine
 10
497.0
 20
368.0
 30
0.0
 11
490.0
 21
368.0
 31
0.0
  0
CIRCLE
  5
165
330
17
100
AcDbEntity
  8
M-INST
100
AcDbCircle
 10
516.0
 20
319.0
 30
0.0
 40
3.4
  0
TEXT
  5
166
330
17
100
AcDbEntity
  8
M-INST
100
AcDbText
 10
516.0
 20
317.98
 30
0.0
 40
1.496
  1
VS
 72
1
 11
516.0
 21
317.98
 31
0.0
100
AcDbText
  0
TEXT
  5
167
330
17
100
AcDbEntity
  8
M-INST
100
AcDbText
 10
516.0
 20
324.4
 30
0.0
 40
1.496
  1
VS-PAU-B
 72
1
 11
516.0
 21
324.4
 31
0.0
100
AcDbText
  0
LINE
  5
168
330
17
100
AcDbEntity
  8
M-INST
100
AcDbLine
 10
516.0
 20
323.0
 30
0.0
 11
493.0
 21
341.0
 31
0.0
  0
LWPOLYLINE
  5
169
330
17
100
AcDbEntity
  8
M-SA
100
AcDbPolyline
 90
4
 70
1
 10
558.5
 20
354.0
 10
565.5
 20
354.0
 10
565.5
 20
342.0
 10
558.5
 20
342.0
  0
LINE
  5
16A
330
17
100
AcDbEntity
  8
M-SA
100
AcDbLine
 10
559.55
 20
352.8
 30
0.0
 11
560.95
 21
349.2
 31
0.0
  0
LINE
  5
16B
330
17
100
AcDbEntity
  8
M-SA
100
AcDbLine
 10
560.95
 20
349.2
 30
0.0
 11
559.55
 21
345.6
 31
0.0
  0
LINE
  5
16C
330
17
100
AcDbEntity
  8
M-SA
100
AcDbLine
 10
559.55
 20
345.6
 30
0.0
 11
560.95
 21
343.2
 31
0.0
  0
LINE
  5
16D
330
17
100
AcDbEntity
  8
M-SA
100
AcDbLine
 10
561.3
 20
352.8
 30
0.0
 11
562.7
 21
349.2
 31
0.0
  0
LINE
  5
16E
330
17
100
AcDbEntity
  8
M-SA
100
AcDbLine
 10
562.7
 20
349.2
 30
0.0
 11
561.3
 21
345.6
 31
0.0
  0
LINE
  5
16F
330
17
100
AcDbEntity
  8
M-SA
100
AcDbLine
 10
561.3
 20
345.6
 30
0.0
 11
562.7
 21
343.2
 31
0.0
  0
LINE
  5
170
330
17
100
AcDbEntity
  8
M-SA
100
AcDbLine
 10
563.05
 20
352.8
 30
0.0
 11
564.45
 21
349.2
 31
0.0
  0
LINE
  5
171
330
17
100
AcDbEntity
  8
M-SA
100
AcDbLine
 10
564.45
 20
349.2
 30
0.0
 11
563.05
 21
345.6
 31
0.0
  0
LINE
  5
172
330
17
100
AcDbEntity
  8
M-SA
100
AcDbLine
 10
563.05
 20
345.6
 30
0.0
 11
564.45
 21
343.2
 31
0.0
  0
LWPOLYLINE
  5
173
330
17
100
AcDbEntity
  8
M-SA
100
AcDbPolyline
 90
4
 70
1
 10
603.5
 20
351.5
 10
610.5
 20
351.5
 10
610.5
 20
344.5
 10
603.5
 20
344.5
  0
LINE
  5
174
330
17
100
AcDbEntity
  8
M-SA
100
AcDbLine
 10
604.34
 20
345.34000000000003
 30
0.0
 11
609.66
 21
350.65999999999997
 31
0.0
  0
LWPOLYLINE
  5
175
330
17
100
AcDbEntity
  8
M-SA
100
AcDbPolyline
 90
4
 70
1
 10
604.9
 20
355.35
 10
609.1
 20
355.35
 10
609.1
 20
352.2
 10
604.9
 20
352.2
  0
TEXT
  5
176
330
17
100
AcDbEntity
  8
M-SA
100
AcDbText
 10
607.0
 20
352.83000000000004
 30
0.0
 40
1.9600000000000002
  1
M
 72
1
 11
607.0
 21
352.83000000000004
 31
0.0
100
AcDbText
  0
TEXT
  5
177
330
17
100
AcDbEntity
  8
M-SA
100
AcDbText
 10
607.0
 20
341.35
 30
0.0
 40
2.1
  1
MD-SA-B
 72
1
 11
607.0
 21
341.35
 31
0.0
100
AcDbText
  0
LWPOLYLINE
  5
178
330
17
100
AcDbEntity
  8
M-INK
  6
DASHED
100
AcDbPolyline
 90
4
 70
1
 10
359.0
 20
362.0
 10
365.0
 20
362.0
 10
365.0
 20
356.0
 10
359.0
 20
356.0
  0
TEXT
  5
179
330
17
100
AcDbEntity
  8
M-INK
100
AcDbText
 10
362.0
 20
353.6
 30
0.0
 40
1.92
  1
AD-B
 72
1
 11
362.0
 21
353.6
 31
0.0
100
AcDbText
  0
LWPOLYLINE
  5
17A
330
17
100
AcDbEntity
  8
M-INK
100
AcDbPolyline
 90
4
 70
1
 10
247.0
 20
278.0
 10
592.0
 20
278.0
 10
592.0
 20
191.0
 10
247.0
 20
191.0
  0
TEXT
  5
17B
330
17
100
AcDbEntity
  8
M-INK
100
AcDbText
 10
251.0
 20
268.0
 30
0.0
 40
2.8
  1
PAU-C  |  50% = 1848.90 L/s  |  DX DUTY / STANDBY ROTATES
 11
251.0
 21
268.0
 31
0.0
100
AcDbText
  0
LINE
  5
17C
330
17
100
AcDbEntity
  8
M-RA
100
AcDbLine
 10
65.0
 20
239.0
 30
0.0
 11
205.0
 21
239.0
 31
0.0
  0
LWPOLYLINE
  5
17D
330
17
100
AcDbEntity
  8
M-RA
100
AcDbPolyline
 90
4
 70
1
 10
104.5
 20
242.5
 10
111.5
 20
242.5
 10
111.5
 20
235.5
 10
104.5
 20
235.5
  0
LINE
  5
17E
330
17
100
AcDbEntity
  8
M-RA
100
AcDbLine
 10
105.34
 20
236.33999999999997
 30
0.0
 11
110.66
 21
241.66000000000003
 31
0.0
  0
LWPOLYLINE
  5
17F
330
17
100
AcDbEntity
  8
M-RA
100
AcDbPolyline
 90
4
 70
1
 10
105.9
 20
246.35000000000002
 10
110.10000000000001
 20
246.35000000000002
 10
110.10000000000001
 20
243.20000000000005
 10
105.9
 20
243.20000000000005
  0
TEXT
  5
180
330
17
100
AcDbEntity
  8
M-RA
100
AcDbText
 10
108.0
 20
243.82999999999998
 30
0.0
 40
1.9600000000000002
  1
M
 72
1
 11
108.0
 21
243.82999999999998
 31
0.0
100
AcDbText
  0
TEXT
  5
181
330
17
100
AcDbEntity
  8
M-RA
100
AcDbText
 10
108.0
 20
232.35000000000002
 30
0.0
 40
2.1
  1
MD-RA-C
 72
1
 11
108.0
 21
232.35000000000002
 31
0.0
100
AcDbText
  0
LWPOLYLINE
  5
182
330
17
100
AcDbEntity
  8
M-RA
100
AcDbPolyline
 90
4
 70
1
 10
150.5
 20
245.0
 10
157.5
 20
245.0
 10
157.5
 20
233.0
 10
150.5
 20
233.0
  0
LINE
  5
183
330
17
100
AcDbEntity
  8
M-RA
100
AcDbLine
 10
151.55
 20
243.8
 30
0.0
 11
152.95
 21
240.2
 31
0.0
  0
LINE
  5
184
330
17
100
AcDbEntity
  8
M-RA
100
AcDbLine
 10
152.95
 20
240.2
 30
0.0
 11
151.55
 21
236.60000000000002
 31
0.0
  0
LINE
  5
185
330
17
100
AcDbEntity
  8
M-RA
100
AcDbLine
 10
151.55
 20
236.60000000000002
 30
0.0
 11
152.95
 21
234.2
 31
0.0
  0
LINE
  5
186
330
17
100
AcDbEntity
  8
M-RA
100
AcDbLine
 10
153.3
 20
243.8
 30
0.0
 11
154.7
 21
240.2
 31
0.0
  0
LINE
  5
187
330
17
100
AcDbEntity
  8
M-RA
100
AcDbLine
 10
154.7
 20
240.2
 30
0.0
 11
153.3
 21
236.60000000000002
 31
0.0
  0
LINE
  5
188
330
17
100
AcDbEntity
  8
M-RA
100
AcDbLine
 10
153.3
 20
236.60000000000002
 30
0.0
 11
154.7
 21
234.2
 31
0.0
  0
LINE
  5
189
330
17
100
AcDbEntity
  8
M-RA
100
AcDbLine
 10
155.05
 20
243.8
 30
0.0
 11
156.45
 21
240.2
 31
0.0
  0
LINE
  5
18A
330
17
100
AcDbEntity
  8
M-RA
100
AcDbLine
 10
156.45
 20
240.2
 30
0.0
 11
155.05
 21
236.60000000000002
 31
0.0
  0
LINE
  5
18B
330
17
100
AcDbEntity
  8
M-RA
100
AcDbLine
 10
155.05
 20
236.60000000000002
 30
0.0
 11
156.45
 21
234.2
 31
0.0
  0
LWPOLYLINE
  5
18C
330
17
100
AcDbEntity
  8
M-OA
100
AcDbPolyline
 90
4
 70
1
 10
204.0
 20
252.0
 10
235.0
 20
252.0
 10
235.0
 20
225.0
 10
204.0
 20
225.0
  0
TEXT
  5
18D
330
17
100
AcDbEntity
  8
M-OA
100
AcDbText
 10
219.0
 20
237.0
 30
0.0
 40
3.0
  1
MIX
 72
1
 11
219.0
 21
237.0
 31
0.0
100
AcDbText
  0
LINE
  5
18E
330
17
100
AcDbEntity
  8
M-OA
100
AcDbLine
 10
175.0
 20
259.0
 30
0.0
 11
219.0
 21
259.0
 31
0.0
  0
LINE
  5
18F
330
17
100
AcDbEntity
  8
M-OA
100
AcDbLine
 10
219.0
 20
259.0
 30
0.0
 11
219.0
 21
252.0
 31
0.0
  0
LWPOLYLINE
  5
190
330
17
100
AcDbEntity
  8
M-OA
100
AcDbPolyline
 90
4
 70
1
 10
188.5
 20
261.5
 10
193.5
 20
261.5
 10
193.5
 20
256.5
 10
188.5
 20
256.5
  0
LINE
  5
191
330
17
100
AcDbEntity
  8
M-OA
100
AcDbLine
 10
189.1
 20
257.1
 30
0.0
 11
192.9
 21
260.9
 31
0.0
  0
LWPOLYLINE
  5
192
330
17
100
AcDbEntity
  8
M-OA
100
AcDbPolyline
 90
4
 70
1
 10
189.5
 20
264.25
 10
192.5
 20
264.25
 10
192.5
 20
262.0
 10
189.5
 20
262.0
  0
TEXT
  5
193
330
17
100
AcDbEntity
  8
M-OA
100
AcDbText
 10
191.0
 20
262.45
 30
0.0
 40
1.4000000000000001
  1
M
 72
1
 11
191.0
 21
262.45
 31
0.0
100
AcDbText
  0
TEXT
  5
194
330
17
100
AcDbEntity
  8
M-OA
100
AcDbText
 10
191.0
 20
254.25
 30
0.0
 40
1.5
  1
MD-OA-C
 72
1
 11
191.0
 21
254.25
 31
0.0
100
AcDbText
  0
LINE
  5
195
330
17
100
AcDbEntity
  8
M-SA
100
AcDbLine
 10
235.0
 20
239.0
 30
0.0
 11
625.0
 21
239.0
 31
0.0
  0
LWPOLYLINE
  5
196
330
17
100
AcDbEntity
  8
M-SA
100
AcDbPolyline
 90
3
 70
1
 10
625.0
 20
239.0
 10
622.5
 20
240.125
 10
622.5
 20
237.875
  0
LWPOLYLINE
  5
197
330
17
100
AcDbEntity
  8
M-INK
100
AcDbPolyline
 90
4
 70
1
 10
272.0
 20
250.0
 10
285.0
 20
250.0
 10
285.0
 20
225.0
 10
272.0
 20
225.0
  0
LINE
  5
198
330
17
100
AcDbEntity
  8
M-INK
100
AcDbLine
 10
273.0
 20
246.42857142857144
 30
0.0
 11
284.0
 21
244.10714285714283
 31
0.0
  0
LINE
  5
199
330
17
100
AcDbEntity
  8
M-INK
100
AcDbLine
 10
273.0
 20
242.85714285714283
 30
0.0
 11
284.0
 21
240.53571428571428
 31
0.0
  0
LINE
  5
19A
330
17
100
AcDbEntity
  8
M-INK
100
AcDbLine
 10
273.0
 20
239.28571428571428
 30
0.0
 11
284.0
 21
236.96428571428572
 31
0.0
  0
LINE
  5
19B
330
17
100
AcDbEntity
  8
M-INK
100
AcDbLine
 10
273.0
 20
235.71428571428572
 30
0.0
 11
284.0
 21
233.39285714285717
 31
0.0
  0
LINE
  5
19C
330
17
100
AcDbEntity
  8
M-INK
100
AcDbLine
 10
273.0
 20
232.14285714285717
 30
0.0
 11
284.0
 21
229.82142857142856
 31
0.0
  0
TEXT
  5
19D
330
17
100
AcDbEntity
  8
M-INK
100
AcDbText
 10
278.5
 20
220.0
 30
0.0
 40
2.5
  1
F1-C / M8
 72
1
 11
278.5
 21
220.0
 31
0.0
100
AcDbText
  0
LWPOLYLINE
  5
19E
330
17
100
AcDbEntity
  8
M-INK
100
AcDbPolyline
 90
4
 70
1
 10
315.0
 20
250.0
 10
332.0
 20
250.0
 10
332.0
 20
225.0
 10
315.0
 20
225.0
  0
LINE
  5
19F
330
17
100
AcDbEntity
  8
M-INK
100
AcDbLine
 10
316.0
 20
246.42857142857144
 30
0.0
 11
331.0
 21
244.10714285714283
 31
0.0
  0
LINE
  5
1A0
330
17
100
AcDbEntity
  8
M-INK
100
AcDbLine
 10
316.0
 20
242.85714285714283
 30
0.0
 11
331.0
 21
240.53571428571428
 31
0.0
  0
LINE
  5
1A1
330
17
100
AcDbEntity
  8
M-INK
100
AcDbLine
 10
316.0
 20
239.28571428571428
 30
0.0
 11
331.0
 21
236.96428571428572
 31
0.0
  0
LINE
  5
1A2
330
17
100
AcDbEntity
  8
M-INK
100
AcDbLine
 10
316.0
 20
235.71428571428572
 30
0.0
 11
331.0
 21
233.39285714285717
 31
0.0
  0
LINE
  5
1A3
330
17
100
AcDbEntity
  8
M-INK
100
AcDbLine
 10
316.0
 20
232.14285714285717
 30
0.0
 11
331.0
 21
229.82142857142856
 31
0.0
  0
TEXT
  5
1A4
330
17
100
AcDbEntity
  8
M-INK
100
AcDbText
 10
323.5
 20
220.0
 30
0.0
 40
2.5
  1
F2-C / M14
 72
1
 11
323.5
 21
220.0
 31
0.0
100
AcDbText
  0
CIRCLE
  5
1A5
330
17
100
AcDbEntity
  8
M-INST
100
AcDbCircle
 10
278.0
 20
260.0
 30
0.0
 40
3.5
  0
TEXT
  5
1A6
330
17
100
AcDbEntity
  8
M-INST
100
AcDbText
 10
278.0
 20
258.95
 30
0.0
 40
1.54
  1
DP
 72
1
 11
278.0
 21
258.95
 31
0.0
100
AcDbText
  0
TEXT
  5
1A7
330
17
100
AcDbEntity
  8
M-INST
100
AcDbText
 10
278.0
 20
265.5
 30
0.0
 40
1.54
  1
PDT-F1-C
 72
1
 11
278.0
 21
265.5
 31
0.0
100
AcDbText
  0
LINE
  5
1A8
330
17
100
AcDbEntity
  8
M-INST
100
AcDbLine
 10
272.0
 20
250.0
 30
0.0
 11
272.0
 21
260.0
 31
0.0
  0
LINE
  5
1A9
330
17
100
AcDbEntity
  8
M-INST
100
AcDbLine
 10
272.0
 20
260.0
 30
0.0
 11
274.5
 21
260.0
 31
0.0
  0
LINE
  5
1AA
330
17
100
AcDbEntity
  8
M-INST
100
AcDbLine
 10
284.0
 20
250.0
 30
0.0
 11
284.0
 21
260.0
 31
0.0
  0
LINE
  5
1AB
330
17
100
AcDbEntity
  8
M-INST
100
AcDbLine
 10
284.0
 20
260.0
 30
0.0
 11
281.5
 21
260.0
 31
0.0
  0
CIRCLE
  5
1AC
330
17
100
AcDbEntity
  8
M-INST
100
AcDbCircle
 10
278.0
 20
206.0
 30
0.0
 40
3.0
  0
TEXT
  5
1AD
330
17
100
AcDbEntity
  8
M-INST
100
AcDbText
 10
278.0
 20
205.10000000000002
 30
0.0
 40
1.32
  1
G
 72
1
 11
278.0
 21
205.10000000000002
 31
0.0
100
AcDbText
  0
TEXT
  5
1AE
330
17
100
AcDbEntity
  8
M-INST
100
AcDbText
 10
278.0
 20
211.0
 30
0.0
 40
1.32
  1
PDI-F1-C
 72
1
 11
278.0
 21
211.0
 31
0.0
100
AcDbText
  0
LINE
  5
1AF
330
17
100
AcDbEntity
  8
M-INST
100
AcDbLine
 10
272.0
 20
230.0
 30
0.0
 11
272.0
 21
206.0
 31
0.0
  0
LINE
  5
1B0
330
17
100
AcDbEntity
  8
M-INST
100
AcDbLine
 10
272.0
 20
206.0
 30
0.0
 11
275.0
 21
206.0
 31
0.0
  0
LINE
  5
1B1
330
17
100
AcDbEntity
  8
M-INST
100
AcDbLine
 10
284.0
 20
230.0
 30
0.0
 11
284.0
 21
206.0
 31
0.0
  0
LINE
  5
1B2
330
17
100
AcDbEntity
  8
M-INST
100
AcDbLine
 10
284.0
 20
206.0
 30
0.0
 11
281.0
 21
206.0
 31
0.0
  0
CIRCLE
  5
1B3
330
17
100
AcDbEntity
  8
M-INST
100
AcDbCircle
 10
323.0
 20
260.0
 30
0.0
 40
3.5
  0
TEXT
  5
1B4
330
17
100
AcDbEntity
  8
M-INST
100
AcDbText
 10
323.0
 20
258.95
 30
0.0
 40
1.54
  1
DP
 72
1
 11
323.0
 21
258.95
 31
0.0
100
AcDbText
  0
TEXT
  5
1B5
330
17
100
AcDbEntity
  8
M-INST
100
AcDbText
 10
323.0
 20
265.5
 30
0.0
 40
1.54
  1
PDT-F2-C
 72
1
 11
323.0
 21
265.5
 31
0.0
100
AcDbText
  0
LINE
  5
1B6
330
17
100
AcDbEntity
  8
M-INST
100
AcDbLine
 10
317.0
 20
250.0
 30
0.0
 11
317.0
 21
260.0
 31
0.0
  0
LINE
  5
1B7
330
17
100
AcDbEntity
  8
M-INST
100
AcDbLine
 10
317.0
 20
260.0
 30
0.0
 11
319.5
 21
260.0
 31
0.0
  0
LINE
  5
1B8
330
17
100
AcDbEntity
  8
M-INST
100
AcDbLine
 10
329.0
 20
250.0
 30
0.0
 11
329.0
 21
260.0
 31
0.0
  0
LINE
  5
1B9
330
17
100
AcDbEntity
  8
M-INST
100
AcDbLine
 10
329.0
 20
260.0
 30
0.0
 11
326.5
 21
260.0
 31
0.0
  0
CIRCLE
  5
1BA
330
17
100
AcDbEntity
  8
M-INST
100
AcDbCircle
 10
323.0
 20
206.0
 30
0.0
 40
3.0
  0
TEXT
  5
1BB
330
17
100
AcDbEntity
  8
M-INST
100
AcDbText
 10
323.0
 20
205.10000000000002
 30
0.0
 40
1.32
  1
G
 72
1
 11
323.0
 21
205.10000000000002
 31
0.0
100
AcDbText
  0
TEXT
  5
1BC
330
17
100
AcDbEntity
  8
M-INST
100
AcDbText
 10
323.0
 20
211.0
 30
0.0
 40
1.32
  1
PDI-F2-C
 72
1
 11
323.0
 21
211.0
 31
0.0
100
AcDbText
  0
LINE
  5
1BD
330
17
100
AcDbEntity
  8
M-INST
100
AcDbLine
 10
317.0
 20
230.0
 30
0.0
 11
317.0
 21
206.0
 31
0.0
  0
LINE
  5
1BE
330
17
100
AcDbEntity
  8
M-INST
100
AcDbLine
 10
317.0
 20
206.0
 30
0.0
 11
320.0
 21
206.0
 31
0.0
  0
LINE
  5
1BF
330
17
100
AcDbEntity
  8
M-INST
100
AcDbLine
 10
329.0
 20
230.0
 30
0.0
 11
329.0
 21
206.0
 31
0.0
  0
LINE
  5
1C0
330
17
100
AcDbEntity
  8
M-INST
100
AcDbLine
 10
329.0
 20
206.0
 30
0.0
 11
326.0
 21
206.0
 31
0.0
  0
LWPOLYLINE
  5
1C1
330
17
100
AcDbEntity
  8
M-SA
100
AcDbPolyline
 90
4
 70
1
 10
383.0
 20
251.0
 10
415.0
 20
251.0
 10
415.0
 20
223.0
 10
383.0
 20
223.0
  0
TEXT
  5
1C2
330
17
100
AcDbEntity
  8
M-SA
100
AcDbText
 10
399.0
 20
237.0
 30
0.0
 40
2.8
  1
DX COIL
 72
1
 11
399.0
 21
237.0
 31
0.0
100
AcDbText
  0
TEXT
  5
1C3
330
17
100
AcDbEntity
  8
M-DIM
100
AcDbText
 10
399.0
 20
216.0
 30
0.0
 40
2.2
  1
CD-PAU-C
 72
1
 11
399.0
 21
216.0
 31
0.0
100
AcDbText
  0
LINE
  5
1C4
330
17
100
AcDbEntity
  8
M-DIM
100
AcDbLine
 10
399.0
 20
223.0
 30
0.0
 11
399.0
 21
209.0
 31
0.0
  0
LINE
  5
1C5
330
17
100
AcDbEntity
  8
M-DIM
100
AcDbLine
 10
399.0
 20
209.0
 30
0.0
 11
421.0
 21
209.0
 31
0.0
  0
CIRCLE
  5
1C6
330
17
100
AcDbEntity
  8
M-SA
100
AcDbCircle
 10
483.0
 20
239.0
 30
0.0
 40
10.0
  0
LINE
  5
1C7
330
17
100
AcDbEntity
  8
M-SA
100
AcDbLine
 10
483.0
 20
239.0
 30
0.0
 11
490.2
 21
239.0
 31
0.0
  0
LINE
  5
1C8
330
17
100
AcDbEntity
  8
M-SA
100
AcDbLine
 10
483.0
 20
239.0
 30
0.0
 11
479.4
 21
232.76461709275202
 31
0.0
  0
LINE
  5
1C9
330
17
100
AcDbEntity
  8
M-SA
100
AcDbLine
 10
483.0
 20
239.0
 30
0.0
 11
479.4
 21
245.23538290724798
 31
0.0
  0
TEXT
  5
1CA
330
17
100
AcDbEntity
  8
M-SA
100
AcDbText
 10
483.0
 20
224.0
 30
0.0
 40
2.7
  1
SF-C
 72
1
 11
483.0
 21
224.0
 31
0.0
100
AcDbText
  0
CIRCLE
  5
1CB
330
17
100
AcDbEntity
  8
M-INST
100
AcDbCircle
 10
486.0
 20
259.0
 30
0.0
 40
3.5
  0
TEXT
  5
1CC
330
17
100
AcDbEntity
  8
M-INST
100
AcDbText
 10
486.0
 20
257.95
 30
0.0
 40
1.54
  1
DP
 72
1
 11
486.0
 21
257.95
 31
0.0
100
AcDbText
  0
TEXT
  5
1CD
330
17
100
AcDbEntity
  8
M-INST
100
AcDbText
 10
486.0
 20
264.5
 30
0.0
 40
1.54
  1
DPT-SF-C
 72
1
 11
486.0
 21
264.5
 31
0.0
100
AcDbText
  0
LINE
  5
1CE
330
17
100
AcDbEntity
  8
M-INST
100
AcDbLine
 10
469.0
 20
239.0
 30
0.0
 11
469.0
 21
259.0
 31
0.0
  0
LINE
  5
1CF
330
17
100
AcDbEntity
  8
M-INST
100
AcDbLine
 10
469.0
 20
259.0
 30
0.0
 11
482.0
 21
259.0
 31
0.0
  0
LINE
  5
1D0
330
17
100
AcDbEntity
  8
M-INST
100
AcDbLine
 10
497.0
 20
239.0
 30
0.0
 11
497.0
 21
259.0
 31
0.0
  0
LINE
  5
1D1
330
17
100
AcDbEntity
  8
M-INST
100
AcDbLine
 10
497.0
 20
259.0
 30
0.0
 11
490.0
 21
259.0
 31
0.0
  0
CIRCLE
  5
1D2
330
17
100
AcDbEntity
  8
M-INST
100
AcDbCircle
 10
516.0
 20
210.0
 30
0.0
 40
3.4
  0
TEXT
  5
1D3
330
17
100
AcDbEntity
  8
M-INST
100
AcDbText
 10
516.0
 20
208.98000000000002
 30
0.0
 40
1.496
  1
VS
 72
1
 11
516.0
 21
208.98000000000002
 31
0.0
100
AcDbText
  0
TEXT
  5
1D4
330
17
100
AcDbEntity
  8
M-INST
100
AcDbText
 10
516.0
 20
215.39999999999998
 30
0.0
 40
1.496
  1
VS-PAU-C
 72
1
 11
516.0
 21
215.39999999999998
 31
0.0
100
AcDbText
  0
LINE
  5
1D5
330
17
100
AcDbEntity
  8
M-INST
100
AcDbLine
 10
516.0
 20
214.0
 30
0.0
 11
493.0
 21
232.0
 31
0.0
  0
LWPOLYLINE
  5
1D6
330
17
100
AcDbEntity
  8
M-SA
100
AcDbPolyline
 90
4
 70
1
 10
558.5
 20
245.0
 10
565.5
 20
245.0
 10
565.5
 20
233.0
 10
558.5
 20
233.0
  0
LINE
  5
1D7
330
17
100
AcDbEntity
  8
M-SA
100
AcDbLine
 10
559.55
 20
243.8
 30
0.0
 11
560.95
 21
240.2
 31
0.0
  0
LINE
  5
1D8
330
17
100
AcDbEntity
  8
M-SA
100
AcDbLine
 10
560.95
 20
240.2
 30
0.0
 11
559.55
 21
236.60000000000002
 31
0.0
  0
LINE
  5
1D9
330
17
100
AcDbEntity
  8
M-SA
100
AcDbLine
 10
559.55
 20
236.60000000000002
 30
0.0
 11
560.95
 21
234.2
 31
0.0
  0
LINE
  5
1DA
330
17
100
AcDbEntity
  8
M-SA
100
AcDbLine
 10
561.3
 20
243.8
 30
0.0
 11
562.7
 21
240.2
 31
0.0
  0
LINE
  5
1DB
330
17
100
AcDbEntity
  8
M-SA
100
AcDbLine
 10
562.7
 20
240.2
 30
0.0
 11
561.3
 21
236.60000000000002
 31
0.0
  0
LINE
  5
1DC
330
17
100
AcDbEntity
  8
M-SA
100
AcDbLine
 10
561.3
 20
236.60000000000002
 30
0.0
 11
562.7
 21
234.2
 31
0.0
  0
LINE
  5
1DD
330
17
100
AcDbEntity
  8
M-SA
100
AcDbLine
 10
563.05
 20
243.8
 30
0.0
 11
564.45
 21
240.2
 31
0.0
  0
LINE
  5
1DE
330
17
100
AcDbEntity
  8
M-SA
100
AcDbLine
 10
564.45
 20
240.2
 30
0.0
 11
563.05
 21
236.60000000000002
 31
0.0
  0
LINE
  5
1DF
330
17
100
AcDbEntity
  8
M-SA
100
AcDbLine
 10
563.05
 20
236.60000000000002
 30
0.0
 11
564.45
 21
234.2
 31
0.0
  0
LWPOLYLINE
  5
1E0
330
17
100
AcDbEntity
  8
M-SA
100
AcDbPolyline
 90
4
 70
1
 10
603.5
 20
242.5
 10
610.5
 20
242.5
 10
610.5
 20
235.5
 10
603.5
 20
235.5
  0
LINE
  5
1E1
330
17
100
AcDbEntity
  8
M-SA
100
AcDbLine
 10
604.34
 20
236.33999999999997
 30
0.0
 11
609.66
 21
241.66000000000003
 31
0.0
  0
LWPOLYLINE
  5
1E2
330
17
100
AcDbEntity
  8
M-SA
100
AcDbPolyline
 90
4
 70
1
 10
604.9
 20
246.35000000000002
 10
609.1
 20
246.35000000000002
 10
609.1
 20
243.20000000000005
 10
604.9
 20
243.20000000000005
  0
TEXT
  5
1E3
330
17
100
AcDbEntity
  8
M-SA
100
AcDbText
 10
607.0
 20
243.82999999999998
 30
0.0
 40
1.9600000000000002
  1
M
 72
1
 11
607.0
 21
243.82999999999998
 31
0.0
100
AcDbText
  0
TEXT
  5
1E4
330
17
100
AcDbEntity
  8
M-SA
100
AcDbText
 10
607.0
 20
232.35000000000002
 30
0.0
 40
2.1
  1
MD-SA-C
 72
1
 11
607.0
 21
232.35000000000002
 31
0.0
100
AcDbText
  0
LWPOLYLINE
  5
1E5
330
17
100
AcDbEntity
  8
M-INK
  6
DASHED
100
AcDbPolyline
 90
4
 70
1
 10
359.0
 20
253.0
 10
365.0
 20
253.0
 10
365.0
 20
247.0
 10
359.0
 20
247.0
  0
TEXT
  5
1E6
330
17
100
AcDbEntity
  8
M-INK
100
AcDbText
 10
362.0
 20
244.60000000000002
 30
0.0
 40
1.92
  1
AD-C
 72
1
 11
362.0
 21
244.60000000000002
 31
0.0
100
AcDbText
  0
TEXT
  5
1E7
330
17
100
AcDbEntity
  8
M-INST
100
AcDbText
 10
26.0
 20
211.0
 30
0.0
 40
2.5
  1
PDI = LOCAL GAUGE; PDT / DPT = PLC PRESSURE INPUT
 11
26.0
 21
211.0
 31
0.0
100
AcDbText
  0
TEXT
  5
1E8
330
17
100
AcDbEntity
  8
M-INK
100
AcDbText
 10
26.0
 20
203.0
 30
0.0
 40
2.4
  1
Each unit: OEM refrigerant HP / LP / oil safety, compressor delay and motor protections.
 11
26.0
 21
203.0
 31
0.0
100
AcDbText
  0
TEXT
  5
1E9
330
17
100
AcDbEntity
  8
M-PENDING
100
AcDbText
 10
26.0
 20
195.0
 30
0.0
 40
2.4
  1
Catalogue coil duty, available external total pressure, weights and access clearances: TBC.
 11
26.0
 21
195.0
 31
0.0
100
AcDbText
  0
LWPOLYLINE
  5
1EA
330
17
100
AcDbEntity
  8
M-DIM
  6
DASHED
100
AcDbPolyline
 90
4
 70
1
 10
26.0
 20
158.0
 10
652.0
 20
158.0
 10
652.0
 20
39.0
 10
26.0
 20
39.0
  0
TEXT
  5
1EB
330
17
100
AcDbEntity
  8
M-INK
100
AcDbText
 10
34.0
 20
149.0
 30
0.0
 40
3.0
  1
INDOOR COMMON SUPPLY / RETURN SECTIONS
 11
34.0
 21
149.0
 31
0.0
100
AcDbText
  0
LWPOLYLINE
  5
1EC
330
17
100
AcDbEntity
  8
M-SA
100
AcDbPolyline
 90
4
 70
1
 10
625.0
 20
135.0
 10
45.0
 20
135.0
 10
45.0
 20
127.0
 10
625.0
 20
127.0
  0
LINE
  5
1ED
330
17
100
AcDbEntity
  8
M-SA
100
AcDbLine
 10
364.0
 20
131.0
 30
0.0
 11
282.8
 21
131.0
 31
0.0
  0
LWPOLYLINE
  5
1EE
330
17
100
AcDbEntity
  8
M-SA
100
AcDbPolyline
 90
3
 70
1
 10
282.8
 20
131.0
 10
284.0
 20
130.45999999999998
 10
284.0
 20
131.54000000000002
  0
LWPOLYLINE
  5
1EF
330
17
100
AcDbEntity
  8
M-SA
100
AcDbPolyline
 90
4
 70
1
 10
542.0
 20
143.0
 10
569.0
 20
143.0
 10
569.0
 20
119.0
 10
542.0
 20
119.0
  0
LINE
  5
1F0
330
17
100
AcDbEntity
  8
M-SA
100
AcDbLine
 10
545.0
 20
137.0
 30
0.0
 11
566.0
 21
137.0
 31
0.0
  0
LINE
  5
1F1
330
17
100
AcDbEntity
  8
M-SA
100
AcDbLine
 10
545.0
 20
131.0
 30
0.0
 11
566.0
 21
131.0
 31
0.0
  0
LINE
  5
1F2
330
17
100
AcDbEntity
  8
M-SA
100
AcDbLine
 10
545.0
 20
125.0
 30
0.0
 11
566.0
 21
125.0
 31
0.0
  0
TEXT
  5
1F3
330
17
100
AcDbEntity
  8
M-SA
100
AcDbText
 10
555.5
 20
114.0
 30
0.0
 40
2.4
  1
SA-SIL-01
 72
1
 11
555.5
 21
114.0
 31
0.0
100
AcDbText
  0
LWPOLYLINE
  5
1F4
330
17
100
AcDbEntity
  8
M-SA
100
AcDbPolyline
 90
4
 70
1
 10
451.0
 20
145.0
 10
471.0
 20
145.0
 10
471.0
 20
117.0
 10
451.0
 20
117.0
  0
LINE
  5
1F5
330
17
100
AcDbEntity
  8
M-EA
100
AcDbLine
 10
453.0
 20
140.8
 30
0.0
 11
455.2857142857143
 21
122.60000000000002
 31
0.0
  0
LINE
  5
1F6
330
17
100
AcDbEntity
  8
M-EA
100
AcDbLine
 10
455.2857142857143
 20
122.60000000000002
 30
0.0
 11
457.57142857142856
 21
140.8
 31
0.0
  0
LINE
  5
1F7
330
17
100
AcDbEntity
  8
M-EA
100
AcDbLine
 10
457.57142857142856
 20
140.8
 30
0.0
 11
459.85714285714283
 21
122.60000000000002
 31
0.0
  0
LINE
  5
1F8
330
17
100
AcDbEntity
  8
M-EA
100
AcDbLine
 10
459.85714285714283
 20
122.60000000000002
 30
0.0
 11
462.14285714285717
 21
140.8
 31
0.0
  0
LINE
  5
1F9
330
17
100
AcDbEntity
  8
M-EA
100
AcDbLine
 10
462.14285714285717
 20
140.8
 30
0.0
 11
464.42857142857144
 21
122.60000000000002
 31
0.0
  0
LINE
  5
1FA
330
17
100
AcDbEntity
  8
M-EA
100
AcDbLine
 10
464.42857142857144
 20
122.60000000000002
 30
0.0
 11
466.7142857142857
 21
140.8
 31
0.0
  0
LINE
  5
1FB
330
17
100
AcDbEntity
  8
M-EA
100
AcDbLine
 10
466.7142857142857
 20
140.8
 30
0.0
 11
469.0
 21
122.60000000000002
 31
0.0
  0
TEXT
  5
1FC
330
17
100
AcDbEntity
  8
M-EA
100
AcDbText
 10
461.0
 20
112.0
 30
0.0
 40
2.4
  1
EH-COM-01
 72
1
 11
461.0
 21
112.0
 31
0.0
100
AcDbText
  0
CIRCLE
  5
1FD
330
17
100
AcDbEntity
  8
M-INST
100
AcDbCircle
 10
485.0
 20
152.0
 30
0.0
 40
3.0
  0
TEXT
  5
1FE
330
17
100
AcDbEntity
  8
M-INST
100
AcDbText
 10
485.0
 20
151.10000000000002
 30
0.0
 40
1.32
  1
HH
 72
1
 11
485.0
 21
151.10000000000002
 31
0.0
100
AcDbText
  0
TEXT
  5
1FF
330
17
100
AcDbEntity
  8
M-INST
100
AcDbText
 10
485.0
 20
157.0
 30
0.0
 40
1.32
  1
TSHH-EH-COM-01
 72
1
 11
485.0
 21
157.0
 31
0.0
100
AcDbText
  0
LINE
  5
200
330
17
100
AcDbEntity
  8
M-INST
100
AcDbLine
 10
461.0
 20
145.0
 30
0.0
 11
485.0
 21
148.0
 31
0.0
  0
CIRCLE
  5
201
330
17
100
AcDbEntity
  8
M-INST
100
AcDbCircle
 10
520.0
 20
156.0
 30
0.0
 40
3.0
  0
TEXT
  5
202
330
17
100
AcDbEntity
  8
M-INST
100
AcDbText
 10
520.0
 20
155.10000000000002
 30
0.0
 40
1.32
  1
AF
 72
1
 11
520.0
 21
155.10000000000002
 31
0.0
100
AcDbText
  0
TEXT
  5
203
330
17
100
AcDbEntity
  8
M-INST
100
AcDbText
 10
520.0
 20
161.0
 30
0.0
 40
1.32
  1
AFS-EH-COM-01
 72
1
 11
520.0
 21
161.0
 31
0.0
100
AcDbText
  0
LINE
  5
204
330
17
100
AcDbEntity
  8
M-INST
100
AcDbLine
 10
500.0
 20
131.0
 30
0.0
 11
520.0
 21
153.0
 31
0.0
  0
LWPOLYLINE
  5
205
330
17
100
AcDbEntity
  8
M-SA
  6
DASHED
100
AcDbPolyline
 90
4
 70
1
 10
357.0
 20
142.0
 10
385.0
 20
142.0
 10
385.0
 20
119.0
 10
357.0
 20
119.0
  0
TEXT
  5
206
330
17
100
AcDbEntity
  8
M-SA
100
AcDbText
 10
371.0
 20
128.0
 30
0.0
 40
2.8
  1
HUM
 72
1
 11
371.0
 21
128.0
 31
0.0
100
AcDbText
  0
TEXT
  5
207
330
17
100
AcDbEntity
  8
M-SA
100
AcDbText
 10
371.0
 20
112.0
 30
0.0
 40
2.2
  1
HUM-01 IF REQUIRED
 72
1
 11
371.0
 21
112.0
 31
0.0
100
AcDbText
  0
CIRCLE
  5
208
330
17
100
AcDbEntity
  8
M-INST
100
AcDbCircle
 10
276.0
 20
131.0
 30
0.0
 40
5.0
  0
TEXT
  5
209
330
17
100
AcDbEntity
  8
M-INST
100
AcDbText
 10
276.0
 20
129.5
 30
0.0
 40
2.2
  1
FT
 72
1
 11
276.0
 21
129.5
 31
0.0
100
AcDbText
  0
TEXT
  5
20A
330
17
100
AcDbEntity
  8
M-INST
100
AcDbText
 10
276.0
 20
138.0
 30
0.0
 40
2.2
  1
FIT-SA-01
 72
1
 11
276.0
 21
138.0
 31
0.0
100
AcDbText
  0
CIRCLE
  5
20B
330
17
100
AcDbEntity
  8
M-INST
100
AcDbCircle
 10
195.0
 20
131.0
 30
0.0
 40
5.0
  0
TEXT
  5
20C
330
17
100
AcDbEntity
  8
M-INST
100
AcDbText
 10
195.0
 20
129.5
 30
0.0
 40
2.2
  1
TT
 72
1
 11
195.0
 21
129.5
 31
0.0
100
AcDbText
  0
TEXT
  5
20D
330
17
100
AcDbEntity
  8
M-INST
100
AcDbText
 10
195.0
 20
138.0
 30
0.0
 40
2.2
  1
TT-SA-01
 72
1
 11
195.0
 21
138.0
 31
0.0
100
AcDbText
  0
LWPOLYLINE
  5
20E
330
17
100
AcDbEntity
  8
M-INK
  6
DASHED
100
AcDbPolyline
 90
4
 70
1
 10
111.0
 20
137.0
 10
117.0
 20
137.0
 10
117.0
 20
131.0
 10
111.0
 20
131.0
  0
TEXT
  5
20F
330
17
100
AcDbEntity
  8
M-INK
100
AcDbText
 10
114.0
 20
128.60000000000002
 30
0.0
 40
1.92
  1
AD-SA
 72
1
 11
114.0
 21
128.60000000000002
 31
0.0
100
AcDbText
  0
TEXT
  5
210
330
17
100
AcDbEntity
  8
M-SA
100
AcDbText
 10
44.0
 20
101.0
 30
0.0
 40
2.6
  1
TO GF: SA-M01 1200x650; 3697.80 L/s; 4.74 m/s; BOD TBC
 11
44.0
 21
101.0
 31
0.0
100
AcDbText
  0
LWPOLYLINE
  5
211
330
17
100
AcDbEntity
  8
M-RA
100
AcDbPolyline
 90
6
 70
1
 10
625.0
 20
68.0
 10
69.0
 20
68.0
 10
69.0
 20
227.0
 10
61.0
 20
227.0
 10
61.0
 20
60.0
 10
625.0
 20
60.0
  0
LINE
  5
212
330
17
100
AcDbEntity
  8
M-RA
100
AcDbLine
 10
373.0
 20
64.0
 30
0.0
 11
294.6
 21
64.0
 31
0.0
  0
LWPOLYLINE
  5
213
330
17
100
AcDbEntity
  8
M-RA
100
AcDbPolyline
 90
3
 70
1
 10
294.6
 20
64.0
 10
295.8
 20
63.460000000000036
 10
295.8
 20
64.53999999999996
  0
LINE
  5
214
330
17
100
AcDbEntity
  8
M-RA
100
AcDbLine
 10
65.0
 20
137.35000000000002
 30
0.0
 11
65.0
 21
160.17000000000002
 31
0.0
  0
LWPOLYLINE
  5
215
330
17
100
AcDbEntity
  8
M-RA
100
AcDbPolyline
 90
3
 70
1
 10
65.0
 20
160.17000000000002
 10
64.46
 20
158.97000000000003
 10
65.54
 20
158.97000000000003
  0
LWPOLYLINE
  5
216
330
17
100
AcDbEntity
  8
M-RA
100
AcDbPolyline
 90
4
 70
1
 10
99.0
 20
76.0
 10
126.0
 20
76.0
 10
126.0
 20
52.0
 10
99.0
 20
52.0
  0
LINE
  5
217
330
17
100
AcDbEntity
  8
M-RA
100
AcDbLine
 10
102.0
 20
70.0
 30
0.0
 11
123.0
 21
70.0
 31
0.0
  0
LINE
  5
218
330
17
100
AcDbEntity
  8
M-RA
100
AcDbLine
 10
102.0
 20
64.0
 30
0.0
 11
123.0
 21
64.0
 31
0.0
  0
LINE
  5
219
330
17
100
AcDbEntity
  8
M-RA
100
AcDbLine
 10
102.0
 20
58.0
 30
0.0
 11
123.0
 21
58.0
 31
0.0
  0
TEXT
  5
21A
330
17
100
AcDbEntity
  8
M-RA
100
AcDbText
 10
112.5
 20
47.0
 30
0.0
 40
2.4
  1
RA-SIL-01
 72
1
 11
112.5
 21
47.0
 31
0.0
100
AcDbText
  0
CIRCLE
  5
21B
330
17
100
AcDbEntity
  8
M-INST
100
AcDbCircle
 10
195.0
 20
64.0
 30
0.0
 40
5.0
  0
TEXT
  5
21C
330
17
100
AcDbEntity
  8
M-INST
100
AcDbText
 10
195.0
 20
62.5
 30
0.0
 40
2.2
  1
FT
 72
1
 11
195.0
 21
62.5
 31
0.0
100
AcDbText
  0
TEXT
  5
21D
330
17
100
AcDbEntity
  8
M-INST
100
AcDbText
 10
195.0
 20
71.0
 30
0.0
 40
2.2
  1
FIT-RA-01
 72
1
 11
195.0
 21
71.0
 31
0.0
100
AcDbText
  0
CIRCLE
  5
21E
330
17
100
AcDbEntity
  8
M-INST
100
AcDbCircle
 10
285.0
 20
64.0
 30
0.0
 40
5.0
  0
TEXT
  5
21F
330
17
100
AcDbEntity
  8
M-INST
100
AcDbText
 10
285.0
 20
62.5
 30
0.0
 40
2.2
  1
TT
 72
1
 11
285.0
 21
62.5
 31
0.0
100
AcDbText
  0
TEXT
  5
220
330
17
100
AcDbEntity
  8
M-INST
100
AcDbText
 10
285.0
 20
71.0
 30
0.0
 40
2.2
  1
TT-RA-01
 72
1
 11
285.0
 21
71.0
 31
0.0
100
AcDbText
  0
CIRCLE
  5
221
330
17
100
AcDbEntity
  8
M-INST
100
AcDbCircle
 10
375.0
 20
64.0
 30
0.0
 40
5.0
  0
TEXT
  5
222
330
17
100
AcDbEntity
  8
M-INST
100
AcDbText
 10
375.0
 20
62.5
 30
0.0
 40
2.2
  1
RH
 72
1
 11
375.0
 21
62.5
 31
0.0
100
AcDbText
  0
TEXT
  5
223
330
17
100
AcDbEntity
  8
M-INST
100
AcDbText
 10
375.0
 20
71.0
 30
0.0
 40
2.2
  1
RHT-RA-01
 72
1
 11
375.0
 21
71.0
 31
0.0
100
AcDbText
  0
TEXT
  5
224
330
17
100
AcDbEntity
  8
M-RA
100
AcDbText
 10
453.0
 20
75.0
 30
0.0
 40
2.5
  1
FROM GF RETURN TO ROOF
 11
453.0
 21
75.0
 31
0.0
100
AcDbText
  0
TEXT
  5
225
330
17
100
AcDbEntity
  8
M-RA
100
AcDbText
 10
453.0
 20
49.0
 30
0.0
 40
2.5
  1
1400x650; 3006.68 L/s; 3.30 m/s
 11
453.0
 21
49.0
 31
0.0
100
AcDbText
  0
LWPOLYLINE
  5
22C
330
17
100
AcDbEntity
  8
M-INK
100
AcDbPolyline
 90
4
 70
1
 10
910.0
 20
584.0
 10
1731.0
 20
584.0
 10
1731.0
 20
10.0
 10
910.0
 20
10.0
  0
LINE
  5
22D
330
17
100
AcDbEntity
  8
M-INK
100
AcDbLine
 10
1575.0
 20
584.0
 30
0.0
 11
1575.0
 21
10.0
 31
0.0
  0
TEXT
  5
22E
330
17
100
AcDbEntity
  8
M-INK
100
AcDbText
 10
918.0
 20
571.0
 30
0.0
 40
4.2
  1
ADMINISTRATION HVAC - ROOM SUPPLY AND RETURN SCHEMATIC
 11
918.0
 21
571.0
 31
0.0
100
AcDbText
  0
LINE
  5
22F
330
17
100
AcDbEntity
  8
M-INK
100
AcDbLine
 10
918.0
 20
565.0
 30
0.0
 11
1565.0
 21
565.0
 31
0.0
  0
TEXT
  5
230
330
17
100
AcDbEntity
  8
M-INK
100
AcDbText
 10
1583.0
 20
571.0
 30
0.0
 40
3.0
  1
GENERAL NOTES / DESIGN HOLDS
 11
1583.0
 21
571.0
 31
0.0
100
AcDbText
  0
TEXT
  5
231
330
17
100
AcDbEntity
  8
M-INK
100
AcDbText
 10
1583.0
 20
560.0
 30
0.0
 40
2.5
  1
1. All duct sizes are clear internal W x H in mm; round sizes are diameters. Add approved insulation outside
 11
1583.0
 21
560.0
 31
0.0
100
AcDbText
  0
TEXT
  5
232
330
17
100
AcDbEntity
  8
M-INK
100
AcDbText
 10
1583.0
 20
556.375
 30
0.0
 40
2.5
  1
these dimensions.
 11
1583.0
 21
556.375
 31
0.0
100
AcDbText
  0
TEXT
  5
233
330
17
100
AcDbEntity
  8
M-INK
100
AcDbText
 10
1583.0
 20
548.75
 30
0.0
 40
2.5
  1
2. HAP reference supply 3697.80 L/s. Assumed return 3006.68 L/s. Final IAQ, outdoor air, revised thermal loads
 11
1583.0
 21
548.75
 31
0.0
100
AcDbText
  0
TEXT
  5
234
330
17
100
AcDbEntity
  8
M-INK
100
AcDbText
 10
1583.0
 20
545.125
 30
0.0
 40
2.5
  1
and OEM fan pressure remain open.
 11
1583.0
 21
545.125
 31
0.0
100
AcDbText
  0
TEXT
  5
235
330
17
100
AcDbEntity
  8
M-INK
100
AcDbText
 10
1583.0
 20
537.5
 30
0.0
 40
2.5
  1
3. Room targets: +50 Pa normal rooms; +25 Pa kitchen, toilet and clean-agent relative to outdoors. Actual
 11
1583.0
 21
537.5
 31
0.0
100
AcDbText
  0
TEXT
  5
236
330
17
100
AcDbEntity
  8
M-INK
100
AcDbText
 10
1583.0
 20
533.875
 30
0.0
 40
2.5
  1
pressure / outward paths are unverified.
 11
1583.0
 21
533.875
 31
0.0
100
AcDbText
  0
TEXT
  5
237
330
17
100
AcDbEntity
  8
M-INK
100
AcDbText
 10
1583.0
 20
526.25
 30
0.0
 40
2.5
  1
4. Confirmed fire stops the entire HVAC system. Fire ESD restart requires local manual reset; post-fire purge is
 11
1583.0
 21
526.25
 31
0.0
100
AcDbText
  0
TEXT
  5
238
330
17
100
AcDbEntity
  8
M-INK
100
AcDbText
 10
1583.0
 20
522.625
 30
0.0
 40
2.5
  1
a separate approved design.
 11
1583.0
 21
522.625
 31
0.0
100
AcDbText
  0
TEXT
  5
239
330
17
100
AcDbEntity
  8
M-INK
100
AcDbText
 10
1583.0
 20
515.0
 30
0.0
 40
2.5
  1
5. Reference substation drawings guide drafting style only. Project requirements follow the supplied TAQA
 11
1583.0
 21
515.0
 31
0.0
100
AcDbText
  0
TEXT
  5
23A
330
17
100
AcDbEntity
  8
M-INK
100
AcDbText
 10
1583.0
 20
511.375
 30
0.0
 40
2.5
  1
specification and accepted room basis.
 11
1583.0
 21
511.375
 31
0.0
100
AcDbText
  0
TEXT
  5
23B
330
17
100
AcDbEntity
  8
M-INK
100
AcDbText
 10
1583.0
 20
503.75
 30
0.0
 40
2.5
  1
6. The common net equivalent area is 0.01 m2 per +50 Pa return room. C=0.65, density=1.2 and delta-P=50
 11
1583.0
 21
503.75
 31
0.0
100
AcDbText
  0
TEXT
  5
23C
330
17
100
AcDbEntity
  8
M-INK
100
AcDbText
 10
1583.0
 20
500.125
 30
0.0
 40
2.5
  1
give 59.34 L/s offset per room.
 11
1583.0
 21
500.125
 31
0.0
100
AcDbText
  0
TEXT
  5
23D
330
17
100
AcDbEntity
  8
M-INK
100
AcDbText
 10
1583.0
 20
492.5
 30
0.0
 40
2.5
  1
7. RCD return modulation is a proposed pressure-control provision. Confirm range, fail state and tuning; fixed
 11
1583.0
 21
492.5
 31
0.0
100
AcDbText
  0
TEXT
  5
23E
330
17
100
AcDbEntity
  8
M-INK
100
AcDbText
 10
1583.0
 20
488.875
 30
0.0
 40
2.5
  1
flows are initial balancing values.
 11
1583.0
 21
488.875
 31
0.0
100
AcDbText
  0
TEXT
  5
23F
330
17
100
AcDbEntity
  8
M-INK
100
AcDbText
 10
1583.0
 20
481.25
 30
0.0
 40
2.5
  1
8. FSD shown with * is conditional on approved fire compartmentation. Exact ratings, locations and fire
 11
1583.0
 21
481.25
 31
0.0
100
AcDbText
  0
TEXT
  5
240
330
17
100
AcDbEntity
  8
M-INK
100
AcDbText
 10
1583.0
 20
477.625
 30
0.0
 40
2.5
  1
positions remain TBC.
 11
1583.0
 21
477.625
 31
0.0
100
AcDbText
  0
LINE
  5
241
330
17
100
AcDbEntity
  8
M-INK
100
AcDbLine
 10
1575.0
 20
234.0
 30
0.0
 11
1731.0
 21
234.0
 31
0.0
  0
TEXT
  5
242
330
17
100
AcDbEntity
  8
M-PENDING
100
AcDbText
 10
1583.0
 20
221.0
 30
0.0
 40
3.3
  1
FOR COORDINATION - NOT FOR CONSTRUCTION
 11
1583.0
 21
221.0
 31
0.0
100
AcDbText
  0
TEXT
  5
243
330
17
100
AcDbEntity
  8
M-PENDING
100
AcDbText
 10
1583.0
 20
203.0
 30
0.0
 40
2.4
  1
Unconfirmed routes, levels, outdoor air and OEM selections: Insufficient data to verify.
 11
1583.0
 21
203.0
 31
0.0
100
AcDbText
  0
LINE
  5
244
330
17
100
AcDbEntity
  8
M-INK
100
AcDbLine
 10
1575.0
 20
178.0
 30
0.0
 11
1731.0
 21
178.0
 31
0.0
  0
TEXT
  5
245
330
17
100
AcDbEntity
  8
M-DIM
100
AcDbText
 10
1583.0
 20
168.0
 30
0.0
 40
2.1
  1
CLIENT / DESIGN BASIS
 11
1583.0
 21
168.0
 31
0.0
100
AcDbText
  0
TEXT
  5
246
330
17
100
AcDbEntity
  8
M-INK
100
AcDbText
 10
1583.0
 20
159.0
 30
0.0
 40
3.5
  1
TAQA TRANSMISSION
 11
1583.0
 21
159.0
 31
0.0
100
AcDbText
  0
TEXT
  5
247
330
17
100
AcDbEntity
  8
M-INK
100
AcDbText
 10
1583.0
 20
149.0
 30
0.0
 40
2.6
  1
N-19082-RO-012 / Design Standardization for Pumping Stations
 11
1583.0
 21
149.0
 31
0.0
100
AcDbText
  0
LINE
  5
248
330
17
100
AcDbEntity
  8
M-INK
100
AcDbLine
 10
1575.0
 20
125.0
 30
0.0
 11
1731.0
 21
125.0
 31
0.0
  0
TEXT
  5
249
330
17
100
AcDbEntity
  8
M-DIM
100
AcDbText
 10
1583.0
 20
116.0
 30
0.0
 40
2.1
  1
DRAWING TITLE
 11
1583.0
 21
116.0
 31
0.0
100
AcDbText
  0
TEXT
  5
24A
330
17
100
AcDbEntity
  8
M-INK
100
AcDbText
 10
1583.0
 20
106.0
 30
0.0
 40
3.2
  1
Administration HVAC - room supply and return schematic
 11
1583.0
 21
106.0
 31
0.0
100
AcDbText
  0
LINE
  5
24B
330
17
100
AcDbEntity
  8
M-INK
100
AcDbLine
 10
1575.0
 20
76.0
 30
0.0
 11
1731.0
 21
76.0
 31
0.0
  0
TEXT
  5
24C
330
17
100
AcDbEntity
  8
M-DIM
100
AcDbText
 10
1583.0
 20
67.0
 30
0.0
 40
2.1
  1
DRAWING NUMBER
 11
1583.0
 21
67.0
 31
0.0
100
AcDbText
  0
TEXT
  5
24D
330
17
100
AcDbEntity
  8
M-INK
100
AcDbText
 10
1583.0
 20
57.0
 30
0.0
 40
3.5
  1
ADM-HVAC-S-002
 11
1583.0
 21
57.0
 31
0.0
100
AcDbText
  0
LINE
  5
24E
330
17
100
AcDbEntity
  8
M-INK
100
AcDbLine
 10
1575.0
 20
51.0
 30
0.0
 11
1731.0
 21
51.0
 31
0.0
  0
LINE
  5
24F
330
17
100
AcDbEntity
  8
M-INK
100
AcDbLine
 10
1575.0
 20
34.0
 30
0.0
 11
1731.0
 21
34.0
 31
0.0
  0
LINE
  5
250
330
17
100
AcDbEntity
  8
M-INK
100
AcDbLine
 10
1575.0
 20
20.0
 30
0.0
 11
1731.0
 21
20.0
 31
0.0
  0
TEXT
  5
251
330
17
100
AcDbEntity
  8
M-INK
100
AcDbText
 10
1583.0
 20
43.0
 30
0.0
 40
2.5
  1
REV 09   |   07 Oct 2026   |   2/4
 11
1583.0
 21
43.0
 31
0.0
100
AcDbText
  0
TEXT
  5
252
330
17
100
AcDbEntity
  8
M-INK
100
AcDbText
 10
1583.0
 20
26.0
 30
0.0
 40
2.4
  1
SCALE NTS   |   A1 / mm / L/s / Pa
 11
1583.0
 21
26.0
 31
0.0
100
AcDbText
  0
TEXT
  5
253
330
17
100
AcDbEntity
  8
M-DIM
100
AcDbText
 10
1583.0
 20
13.0
 30
0.0
 40
2.1
  1
Prepared: draft   Checked / approved: pending
 11
1583.0
 21
13.0
 31
0.0
100
AcDbText
  0
TEXT
  5
254
330
17
100
AcDbEntity
  8
M-DIM
100
AcDbText
 10
918.0
 20
15.0
 30
0.0
 40
2.2
  1
SOURCE: HAP / ADMIN ARCHITECTURE / C-H-SS-001 Rev0. All new equipment and instrument tags are proposed.
 11
918.0
 21
15.0
 31
0.0
100
AcDbText
  0
LWPOLYLINE
  5
255
330
17
100
AcDbEntity
  8
M-SA
100
AcDbPolyline
 90
4
 70
1
 10
928.0
 20
509.5
 10
1556.0
 20
509.5
 10
1556.0
 20
514.5
 10
928.0
 20
514.5
  0
LINE
  5
256
330
17
100
AcDbEntity
  8
M-SA
100
AcDbLine
 10
1210.6
 20
512.0
 30
0.0
 11
1298.52
 21
512.0
 31
0.0
  0
LWPOLYLINE
  5
257
330
17
100
AcDbEntity
  8
M-SA
100
AcDbPolyline
 90
3
 70
1
 10
1298.52
 20
512.0
 10
1297.72
 20
512.36
 10
1297.72
 20
511.64
  0
TEXT
  5
258
330
17
100
AcDbEntity
  8
M-SA
100
AcDbText
 10
930.0
 20
528.0
 30
0.0
 40
3.0
  1
PAU COMMON SUPPLY: 3697.80 L/s
 11
930.0
 21
528.0
 31
0.0
100
AcDbText
  0
LWPOLYLINE
  5
259
330
17
100
AcDbEntity
  8
M-RA
100
AcDbPolyline
 90
4
 70
1
 10
1556.0
 20
461.5
 10
928.0
 20
461.5
 10
928.0
 20
456.5
 10
1556.0
 20
456.5
  0
LINE
  5
25A
330
17
100
AcDbEntity
  8
M-RA
100
AcDbLine
 10
1273.4
 20
459.0
 30
0.0
 11
1185.48
 21
459.0
 31
0.0
  0
LWPOLYLINE
  5
25B
330
17
100
AcDbEntity
  8
M-RA
100
AcDbPolyline
 90
3
 70
1
 10
1185.48
 20
459.0
 10
1186.28
 20
458.64
 10
1186.28
 20
459.36
  0
TEXT
  5
25C
330
17
100
AcDbEntity
  8
M-RA
100
AcDbText
 10
930.0
 20
472.0
 30
0.0
 40
3.0
  1
DUCTED RETURN: 3006.68 L/s ASSUMED; CAG / KITCHEN / TOILET EXCLUDED
 11
930.0
 21
472.0
 31
0.0
100
AcDbText
  0
LWPOLYLINE
  5
25D
330
17
100
AcDbEntity
  8
M-DIM
100
AcDbPolyline
 90
4
 70
1
 10
928.0
 20
426.0
 10
994.0
 20
426.0
 10
994.0
 20
192.0
 10
928.0
 20
192.0
  0
TEXT
  5
25E
330
17
100
AcDbEntity
  8
M-INK
100
AcDbText
 10
931.0
 20
415.0
 30
0.0
 40
2.6
  1
GF-02 Electrical panel
 11
931.0
 21
415.0
 31
0.0
100
AcDbText
  0
TEXT
  5
25F
330
17
100
AcDbEntity
  8
M-INST
100
AcDbText
 10
961.0
 20
395.0
 30
0.0
 40
2.6
  1
TARGET +50 Pa
 72
1
 11
961.0
 21
395.0
 31
0.0
100
AcDbText
  0
LINE
  5
260
330
17
100
AcDbEntity
  8
M-SA
100
AcDbLine
 10
940.0
 20
512.0
 30
0.0
 11
940.0
 21
263.0
 31
0.0
  0
LWPOLYLINE
  5
261
330
17
100
AcDbEntity
  8
M-SA
100
AcDbPolyline
 90
4
 70
1
 10
937.5
 20
376.5
 10
942.5
 20
376.5
 10
942.5
 20
371.5
 10
937.5
 20
371.5
  0
LINE
  5
262
330
17
100
AcDbEntity
  8
M-SA
100
AcDbLine
 10
938.1
 20
372.1
 30
0.0
 11
941.9
 21
375.9
 31
0.0
  0
TEXT
  5
263
330
17
100
AcDbEntity
  8
M-SA
100
AcDbText
 10
940.0
 20
369.25
 30
0.0
 40
1.5
  1
VCD-S02
 72
1
 11
940.0
 21
369.25
 31
0.0
100
AcDbText
  0
LWPOLYLINE
  5
264
330
17
100
AcDbEntity
  8
M-SA
100
AcDbPolyline
 90
4
 70
1
 10
937.5
 20
346.5
 10
942.5
 20
346.5
 10
942.5
 20
341.5
 10
937.5
 20
341.5
  0
LINE
  5
265
330
17
100
AcDbEntity
  8
M-SA
100
AcDbLine
 10
938.1
 20
342.1
 30
0.0
 11
941.9
 21
345.9
 31
0.0
  0
LWPOLYLINE
  5
266
330
17
100
AcDbEntity
  8
M-SA
100
AcDbPolyline
 90
4
 70
1
 10
938.5
 20
349.25
 10
941.5
 20
349.25
 10
941.5
 20
347.0
 10
938.5
 20
347.0
  0
TEXT
  5
267
330
17
100
AcDbEntity
  8
M-SA
100
AcDbText
 10
940.0
 20
347.45
 30
0.0
 40
1.4000000000000001
  1
M
 72
1
 11
940.0
 21
347.45
 31
0.0
100
AcDbText
  0
TEXT
  5
268
330
17
100
AcDbEntity
  8
M-PENDING
100
AcDbText
 10
940.0
 20
342.9
 30
0.0
 40
1.9
  1
F
 72
1
 11
940.0
 21
342.9
 31
0.0
100
AcDbText
  0
TEXT
  5
269
330
17
100
AcDbEntity
  8
M-SA
100
AcDbText
 10
940.0
 20
339.25
 30
0.0
 40
1.5
  1
FSD-S02*
 72
1
 11
940.0
 21
339.25
 31
0.0
100
AcDbText
  0
LWPOLYLINE
  5
26A
330
17
100
AcDbEntity
  8
M-SA
100
AcDbPolyline
 90
4
 70
1
 10
936.0
 20
268.0
 10
944.0
 20
268.0
 10
944.0
 20
260.0
 10
936.0
 20
260.0
  0
LINE
  5
26B
330
17
100
AcDbEntity
  8
M-SA
100
AcDbLine
 10
936.0
 20
268.0
 30
0.0
 11
944.0
 21
260.0
 31
0.0
  0
LINE
  5
26C
330
17
100
AcDbEntity
  8
M-SA
100
AcDbLine
 10
936.0
 20
260.0
 30
0.0
 11
944.0
 21
268.0
 31
0.0
  0
TEXT
  5
26D
330
17
100
AcDbEntity
  8
M-SA
100
AcDbText
 10
931.0
 20
246.0
 30
0.0
 40
2.2
  1
4 x 166.20 L/s
 11
931.0
 21
246.0
 31
0.0
100
AcDbText
  0
TEXT
  5
26E
330
17
100
AcDbEntity
  8
M-SA
100
AcDbText
 10
931.0
 20
237.0
 30
0.0
 40
2.5
  1
SA 664.80
 11
931.0
 21
237.0
 31
0.0
100
AcDbText
  0
TEXT
  5
26F
330
17
100
AcDbEntity
  8
M-SA
100
AcDbText
 10
931.0
 20
228.0
 30
0.0
 40
2.1
  1
500x350 / D350
 11
931.0
 21
228.0
 31
0.0
100
AcDbText
  0
LINE
  5
270
330
17
100
AcDbEntity
  8
M-RA
100
AcDbLine
 10
979.0
 20
267.0
 30
0.0
 11
979.0
 21
459.0
 31
0.0
  0
LWPOLYLINE
  5
271
330
17
100
AcDbEntity
  8
M-RA
100
AcDbPolyline
 90
3
 70
1
 10
979.0
 20
459.0
 10
977.875
 20
456.5
 10
980.125
 20
456.5
  0
LWPOLYLINE
  5
272
330
17
100
AcDbEntity
  8
M-RA
100
AcDbPolyline
 90
4
 70
1
 10
975.0
 20
267.0
 10
983.0
 20
267.0
 10
983.0
 20
259.0
 10
975.0
 20
259.0
  0
LINE
  5
273
330
17
100
AcDbEntity
  8
M-RA
100
AcDbLine
 10
975.8
 20
265.4
 30
0.0
 11
982.2
 21
265.4
 31
0.0
  0
LINE
  5
274
330
17
100
AcDbEntity
  8
M-RA
100
AcDbLine
 10
975.8
 20
263.0
 30
0.0
 11
982.2
 21
263.0
 31
0.0
  0
LINE
  5
275
330
17
100
AcDbEntity
  8
M-RA
100
AcDbLine
 10
975.8
 20
260.6
 30
0.0
 11
982.2
 21
260.6
 31
0.0
  0
LWPOLYLINE
  5
276
330
17
100
AcDbEntity
  8
M-RA
100
AcDbPolyline
 90
4
 70
1
 10
976.5
 20
320.5
 10
981.5
 20
320.5
 10
981.5
 20
315.5
 10
976.5
 20
315.5
  0
LINE
  5
277
330
17
100
AcDbEntity
  8
M-RA
100
AcDbLine
 10
977.1
 20
316.1
 30
0.0
 11
980.9
 21
319.9
 31
0.0
  0
LWPOLYLINE
  5
278
330
17
100
AcDbEntity
  8
M-RA
100
AcDbPolyline
 90
4
 70
1
 10
977.5
 20
323.25
 10
980.5
 20
323.25
 10
980.5
 20
321.0
 10
977.5
 20
321.0
  0
TEXT
  5
279
330
17
100
AcDbEntity
  8
M-RA
100
AcDbText
 10
979.0
 20
321.45
 30
0.0
 40
1.4000000000000001
  1
M
 72
1
 11
979.0
 21
321.45
 31
0.0
100
AcDbText
  0
TEXT
  5
27A
330
17
100
AcDbEntity
  8
M-RA
100
AcDbText
 10
979.0
 20
313.25
 30
0.0
 40
1.5
  1
RCD-R02
 72
1
 11
979.0
 21
313.25
 31
0.0
100
AcDbText
  0
LWPOLYLINE
  5
27B
330
17
100
AcDbEntity
  8
M-RA
100
AcDbPolyline
 90
4
 70
1
 10
976.5
 20
376.5
 10
981.5
 20
376.5
 10
981.5
 20
371.5
 10
976.5
 20
371.5
  0
LINE
  5
27C
330
17
100
AcDbEntity
  8
M-RA
100
AcDbLine
 10
977.1
 20
372.1
 30
0.0
 11
980.9
 21
375.9
 31
0.0
  0
LWPOLYLINE
  5
27D
330
17
100
AcDbEntity
  8
M-RA
100
AcDbPolyline
 90
4
 70
1
 10
977.5
 20
379.25
 10
980.5
 20
379.25
 10
980.5
 20
377.0
 10
977.5
 20
377.0
  0
TEXT
  5
27E
330
17
100
AcDbEntity
  8
M-RA
100
AcDbText
 10
979.0
 20
377.45
 30
0.0
 40
1.4000000000000001
  1
M
 72
1
 11
979.0
 21
377.45
 31
0.0
100
AcDbText
  0
TEXT
  5
27F
330
17
100
AcDbEntity
  8
M-PENDING
100
AcDbText
 10
979.0
 20
372.9
 30
0.0
 40
1.9
  1
F
 72
1
 11
979.0
 21
372.9
 31
0.0
100
AcDbText
  0
TEXT
  5
280
330
17
100
AcDbEntity
  8
M-RA
100
AcDbText
 10
979.0
 20
369.25
 30
0.0
 40
1.5
  1
FSD-R02*
 72
1
 11
979.0
 21
369.25
 31
0.0
100
AcDbText
  0
TEXT
  5
281
330
17
100
AcDbEntity
  8
M-RA
100
AcDbText
 10
931.0
 20
214.0
 30
0.0
 40
2.4
  1
RA 605.46 ASSUMED
 11
931.0
 21
214.0
 31
0.0
100
AcDbText
  0
TEXT
  5
282
330
17
100
AcDbEntity
  8
M-RA
100
AcDbText
 10
931.0
 20
204.0
 30
0.0
 40
2.2
  1
4 RG x 151.37
 11
931.0
 21
204.0
 31
0.0
100
AcDbText
  0
CIRCLE
  5
283
330
17
100
AcDbEntity
  8
M-INST
100
AcDbCircle
 10
939.0
 20
162.0
 30
0.0
 40
3.7
  0
TEXT
  5
284
330
17
100
AcDbEntity
  8
M-INST
100
AcDbText
 10
939.0
 20
160.89
 30
0.0
 40
1.6280000000000001
  1
TT
 72
1
 11
939.0
 21
160.89
 31
0.0
100
AcDbText
  0
TEXT
  5
285
330
17
100
AcDbEntity
  8
M-INST
100
AcDbText
 10
939.0
 20
167.7
 30
0.0
 40
1.6280000000000001
  1
TT-GF-02
 72
1
 11
939.0
 21
167.7
 31
0.0
100
AcDbText
  0
CIRCLE
  5
286
330
17
100
AcDbEntity
  8
M-INST
100
AcDbCircle
 10
960.0
 20
162.0
 30
0.0
 40
3.7
  0
TEXT
  5
287
330
17
100
AcDbEntity
  8
M-INST
100
AcDbText
 10
960.0
 20
160.89
 30
0.0
 40
1.6280000000000001
  1
RH
 72
1
 11
960.0
 21
160.89
 31
0.0
100
AcDbText
  0
TEXT
  5
288
330
17
100
AcDbEntity
  8
M-INST
100
AcDbText
 10
960.0
 20
167.7
 30
0.0
 40
1.6280000000000001
  1
RHT-GF-02
 72
1
 11
960.0
 21
167.7
 31
0.0
100
AcDbText
  0
CIRCLE
  5
289
330
17
100
AcDbEntity
  8
M-INST
100
AcDbCircle
 10
981.0
 20
162.0
 30
0.0
 40
3.7
  0
TEXT
  5
28A
330
17
100
AcDbEntity
  8
M-INST
100
AcDbText
 10
981.0
 20
160.89
 30
0.0
 40
1.6280000000000001
  1
DP
 72
1
 11
981.0
 21
160.89
 31
0.0
100
AcDbText
  0
TEXT
  5
28B
330
17
100
AcDbEntity
  8
M-INST
100
AcDbText
 10
981.0
 20
167.7
 30
0.0
 40
1.6280000000000001
  1
DPT-GF-02
 72
1
 11
981.0
 21
167.7
 31
0.0
100
AcDbText
  0
TEXT
  5
28C
330
17
100
AcDbEntity
  8
M-INST
100
AcDbText
 10
961.0
 20
144.0
 30
0.0
 40
2.1
  1
PRESSURE: PENDING
 72
1
 11
961.0
 21
144.0
 31
0.0
100
AcDbText
  0
LWPOLYLINE
  5
28D
330
17
100
AcDbEntity
  8
M-DIM
100
AcDbPolyline
 90
4
 70
1
 10
998.0
 20
426.0
 10
1064.0
 20
426.0
 10
1064.0
 20
192.0
 10
998.0
 20
192.0
  0
TEXT
  5
28E
330
17
100
AcDbEntity
  8
M-INK
100
AcDbText
 10
1001.0
 20
415.0
 30
0.0
 40
2.6
  1
GF-05 Operator console
 11
1001.0
 21
415.0
 31
0.0
100
AcDbText
  0
TEXT
  5
28F
330
17
100
AcDbEntity
  8
M-INST
100
AcDbText
 10
1031.0
 20
395.0
 30
0.0
 40
2.6
  1
TARGET +50 Pa
 72
1
 11
1031.0
 21
395.0
 31
0.0
100
AcDbText
  0
LINE
  5
290
330
17
100
AcDbEntity
  8
M-SA
100
AcDbLine
 10
1010.0
 20
512.0
 30
0.0
 11
1010.0
 21
263.0
 31
0.0
  0
LWPOLYLINE
  5
291
330
17
100
AcDbEntity
  8
M-SA
100
AcDbPolyline
 90
4
 70
1
 10
1007.5
 20
376.5
 10
1012.5
 20
376.5
 10
1012.5
 20
371.5
 10
1007.5
 20
371.5
  0
LINE
  5
292
330
17
100
AcDbEntity
  8
M-SA
100
AcDbLine
 10
1008.1
 20
372.1
 30
0.0
 11
1011.9
 21
375.9
 31
0.0
  0
TEXT
  5
293
330
17
100
AcDbEntity
  8
M-SA
100
AcDbText
 10
1010.0
 20
369.25
 30
0.0
 40
1.5
  1
VCD-S05
 72
1
 11
1010.0
 21
369.25
 31
0.0
100
AcDbText
  0
LWPOLYLINE
  5
294
330
17
100
AcDbEntity
  8
M-SA
100
AcDbPolyline
 90
4
 70
1
 10
1007.5
 20
346.5
 10
1012.5
 20
346.5
 10
1012.5
 20
341.5
 10
1007.5
 20
341.5
  0
LINE
  5
295
330
17
100
AcDbEntity
  8
M-SA
100
AcDbLine
 10
1008.1
 20
342.1
 30
0.0
 11
1011.9
 21
345.9
 31
0.0
  0
LWPOLYLINE
  5
296
330
17
100
AcDbEntity
  8
M-SA
100
AcDbPolyline
 90
4
 70
1
 10
1008.5
 20
349.25
 10
1011.5
 20
349.25
 10
1011.5
 20
347.0
 10
1008.5
 20
347.0
  0
TEXT
  5
297
330
17
100
AcDbEntity
  8
M-SA
100
AcDbText
 10
1010.0
 20
347.45
 30
0.0
 40
1.4000000000000001
  1
M
 72
1
 11
1010.0
 21
347.45
 31
0.0
100
AcDbText
  0
TEXT
  5
298
330
17
100
AcDbEntity
  8
M-PENDING
100
AcDbText
 10
1010.0
 20
342.9
 30
0.0
 40
1.9
  1
F
 72
1
 11
1010.0
 21
342.9
 31
0.0
100
AcDbText
  0
TEXT
  5
299
330
17
100
AcDbEntity
  8
M-SA
100
AcDbText
 10
1010.0
 20
339.25
 30
0.0
 40
1.5
  1
FSD-S05*
 72
1
 11
1010.0
 21
339.25
 31
0.0
100
AcDbText
  0
LWPOLYLINE
  5
29A
330
17
100
AcDbEntity
  8
M-SA
100
AcDbPolyline
 90
4
 70
1
 10
1005.0
 20
315.0
 10
1015.0
 20
315.0
 10
1015.0
 20
298.0
 10
1005.0
 20
298.0
  0
LINE
  5
29B
330
17
100
AcDbEntity
  8
M-EA
100
AcDbLine
 10
1007.0
 20
312.45
 30
0.0
 11
1007.8571428571429
 21
301.4
 31
0.0
  0
LINE
  5
29C
330
17
100
AcDbEntity
  8
M-EA
100
AcDbLine
 10
1007.8571428571429
 20
301.4
 30
0.0
 11
1008.7142857142857
 21
312.45
 31
0.0
  0
LINE
  5
29D
330
17
100
AcDbEntity
  8
M-EA
100
AcDbLine
 10
1008.7142857142857
 20
312.45
 30
0.0
 11
1009.5714285714286
 21
301.4
 31
0.0
  0
LINE
  5
29E
330
17
100
AcDbEntity
  8
M-EA
100
AcDbLine
 10
1009.5714285714286
 20
301.4
 30
0.0
 11
1010.4285714285714
 21
312.45
 31
0.0
  0
LINE
  5
29F
330
17
100
AcDbEntity
  8
M-EA
100
AcDbLine
 10
1010.4285714285714
 20
312.45
 30
0.0
 11
1011.2857142857143
 21
301.4
 31
0.0
  0
LINE
  5
2A0
330
17
100
AcDbEntity
  8
M-EA
100
AcDbLine
 10
1011.2857142857143
 20
301.4
 30
0.0
 11
1012.1428571428571
 21
312.45
 31
0.0
  0
LINE
  5
2A1
330
17
100
AcDbEntity
  8
M-EA
100
AcDbLine
 10
1012.1428571428571
 20
312.45
 30
0.0
 11
1013.0
 21
301.4
 31
0.0
  0
TEXT
  5
2A2
330
17
100
AcDbEntity
  8
M-EA
100
AcDbText
 10
1010.0
 20
293.0
 30
0.0
 40
2.4
  1
EH-05
 72
1
 11
1010.0
 21
293.0
 31
0.0
100
AcDbText
  0
CIRCLE
  5
2A3
330
17
100
AcDbEntity
  8
M-INST
100
AcDbCircle
 10
1024.0
 20
308.0
 30
0.0
 40
2.8
  0
TEXT
  5
2A4
330
17
100
AcDbEntity
  8
M-INST
100
AcDbText
 10
1024.0
 20
307.16
 30
0.0
 40
1.232
  1
HH
 72
1
 11
1024.0
 21
307.16
 31
0.0
100
AcDbText
  0
TEXT
  5
2A5
330
17
100
AcDbEntity
  8
M-INST
100
AcDbText
 10
1024.0
 20
312.8
 30
0.0
 40
1.232
  1
TSHH-EH-05
 72
1
 11
1024.0
 21
312.8
 31
0.0
100
AcDbText
  0
LINE
  5
2A6
330
17
100
AcDbEntity
  8
M-INST
100
AcDbLine
 10
1015.0
 20
307.0
 30
0.0
 11
1021.2
 21
308.0
 31
0.0
  0
CIRCLE
  5
2A7
330
17
100
AcDbEntity
  8
M-INST
100
AcDbCircle
 10
1024.0
 20
284.0
 30
0.0
 40
2.8
  0
TEXT
  5
2A8
330
17
100
AcDbEntity
  8
M-INST
100
AcDbText
 10
1024.0
 20
283.16
 30
0.0
 40
1.232
  1
AF
 72
1
 11
1024.0
 21
283.16
 31
0.0
100
AcDbText
  0
TEXT
  5
2A9
330
17
100
AcDbEntity
  8
M-INST
100
AcDbText
 10
1024.0
 20
288.8
 30
0.0
 40
1.232
  1
AFS-EH-05
 72
1
 11
1024.0
 21
288.8
 31
0.0
100
AcDbText
  0
LINE
  5
2AA
330
17
100
AcDbEntity
  8
M-INST
100
AcDbLine
 10
1010.0
 20
290.0
 30
0.0
 11
1021.2
 21
284.0
 31
0.0
  0
LWPOLYLINE
  5
2AB
330
17
100
AcDbEntity
  8
M-SA
100
AcDbPolyline
 90
4
 70
1
 10
1006.0
 20
268.0
 10
1014.0
 20
268.0
 10
1014.0
 20
260.0
 10
1006.0
 20
260.0
  0
LINE
  5
2AC
330
17
100
AcDbEntity
  8
M-SA
100
AcDbLine
 10
1006.0
 20
268.0
 30
0.0
 11
1014.0
 21
260.0
 31
0.0
  0
LINE
  5
2AD
330
17
100
AcDbEntity
  8
M-SA
100
AcDbLine
 10
1006.0
 20
260.0
 30
0.0
 11
1014.0
 21
268.0
 31
0.0
  0
TEXT
  5
2AE
330
17
100
AcDbEntity
  8
M-SA
100
AcDbText
 10
1001.0
 20
246.0
 30
0.0
 40
2.2
  1
5 x 155.54 L/s
 11
1001.0
 21
246.0
 31
0.0
100
AcDbText
  0
TEXT
  5
2AF
330
17
100
AcDbEntity
  8
M-SA
100
AcDbText
 10
1001.0
 20
237.0
 30
0.0
 40
2.5
  1
SA 777.70
 11
1001.0
 21
237.0
 31
0.0
100
AcDbText
  0
TEXT
  5
2B0
330
17
100
AcDbEntity
  8
M-SA
100
AcDbText
 10
1001.0
 20
228.0
 30
0.0
 40
2.1
  1
600x350 / D325
 11
1001.0
 21
228.0
 31
0.0
100
AcDbText
  0
LINE
  5
2B1
330
17
100
AcDbEntity
  8
M-RA
100
AcDbLine
 10
1049.0
 20
267.0
 30
0.0
 11
1049.0
 21
459.0
 31
0.0
  0
LWPOLYLINE
  5
2B2
330
17
100
AcDbEntity
  8
M-RA
100
AcDbPolyline
 90
3
 70
1
 10
1049.0
 20
459.0
 10
1047.875
 20
456.5
 10
1050.125
 20
456.5
  0
LWPOLYLINE
  5
2B3
330
17
100
AcDbEntity
  8
M-RA
100
AcDbPolyline
 90
4
 70
1
 10
1045.0
 20
267.0
 10
1053.0
 20
267.0
 10
1053.0
 20
259.0
 10
1045.0
 20
259.0
  0
LINE
  5
2B4
330
17
100
AcDbEntity
  8
M-RA
100
AcDbLine
 10
1045.8
 20
265.4
 30
0.0
 11
1052.2
 21
265.4
 31
0.0
  0
LINE
  5
2B5
330
17
100
AcDbEntity
  8
M-RA
100
AcDbLine
 10
1045.8
 20
263.0
 30
0.0
 11
1052.2
 21
263.0
 31
0.0
  0
LINE
  5
2B6
330
17
100
AcDbEntity
  8
M-RA
100
AcDbLine
 10
1045.8
 20
260.6
 30
0.0
 11
1052.2
 21
260.6
 31
0.0
  0
LWPOLYLINE
  5
2B7
330
17
100
AcDbEntity
  8
M-RA
100
AcDbPolyline
 90
4
 70
1
 10
1046.5
 20
320.5
 10
1051.5
 20
320.5
 10
1051.5
 20
315.5
 10
1046.5
 20
315.5
  0
LINE
  5
2B8
330
17
100
AcDbEntity
  8
M-RA
100
AcDbLine
 10
1047.1
 20
316.1
 30
0.0
 11
1050.9
 21
319.9
 31
0.0
  0
LWPOLYLINE
  5
2B9
330
17
100
AcDbEntity
  8
M-RA
100
AcDbPolyline
 90
4
 70
1
 10
1047.5
 20
323.25
 10
1050.5
 20
323.25
 10
1050.5
 20
321.0
 10
1047.5
 20
321.0
  0
TEXT
  5
2BA
330
17
100
AcDbEntity
  8
M-RA
100
AcDbText
 10
1049.0
 20
321.45
 30
0.0
 40
1.4000000000000001
  1
M
 72
1
 11
1049.0
 21
321.45
 31
0.0
100
AcDbText
  0
TEXT
  5
2BB
330
17
100
AcDbEntity
  8
M-RA
100
AcDbText
 10
1049.0
 20
313.25
 30
0.0
 40
1.5
  1
RCD-R05
 72
1
 11
1049.0
 21
313.25
 31
0.0
100
AcDbText
  0
LWPOLYLINE
  5
2BC
330
17
100
AcDbEntity
  8
M-RA
100
AcDbPolyline
 90
4
 70
1
 10
1046.5
 20
376.5
 10
1051.5
 20
376.5
 10
1051.5
 20
371.5
 10
1046.5
 20
371.5
  0
LINE
  5
2BD
330
17
100
AcDbEntity
  8
M-RA
100
AcDbLine
 10
1047.1
 20
372.1
 30
0.0
 11
1050.9
 21
375.9
 31
0.0
  0
LWPOLYLINE
  5
2BE
330
17
100
AcDbEntity
  8
M-RA
100
AcDbPolyline
 90
4
 70
1
 10
1047.5
 20
379.25
 10
1050.5
 20
379.25
 10
1050.5
 20
377.0
 10
1047.5
 20
377.0
  0
TEXT
  5
2BF
330
17
100
AcDbEntity
  8
M-RA
100
AcDbText
 10
1049.0
 20
377.45
 30
0.0
 40
1.4000000000000001
  1
M
 72
1
 11
1049.0
 21
377.45
 31
0.0
100
AcDbText
  0
TEXT
  5
2C0
330
17
100
AcDbEntity
  8
M-PENDING
100
AcDbText
 10
1049.0
 20
372.9
 30
0.0
 40
1.9
  1
F
 72
1
 11
1049.0
 21
372.9
 31
0.0
100
AcDbText
  0
TEXT
  5
2C1
330
17
100
AcDbEntity
  8
M-RA
100
AcDbText
 10
1049.0
 20
369.25
 30
0.0
 40
1.5
  1
FSD-R05*
 72
1
 11
1049.0
 21
369.25
 31
0.0
100
AcDbText
  0
TEXT
  5
2C2
330
17
100
AcDbEntity
  8
M-RA
100
AcDbText
 10
1001.0
 20
214.0
 30
0.0
 40
2.4
  1
RA 718.36 ASSUMED
 11
1001.0
 21
214.0
 31
0.0
100
AcDbText
  0
TEXT
  5
2C3
330
17
100
AcDbEntity
  8
M-RA
100
AcDbText
 10
1001.0
 20
204.0
 30
0.0
 40
2.2
  1
5 RG x 143.67
 11
1001.0
 21
204.0
 31
0.0
100
AcDbText
  0
CIRCLE
  5
2C4
330
17
100
AcDbEntity
  8
M-INST
100
AcDbCircle
 10
1009.0
 20
162.0
 30
0.0
 40
3.7
  0
TEXT
  5
2C5
330
17
100
AcDbEntity
  8
M-INST
100
AcDbText
 10
1009.0
 20
160.89
 30
0.0
 40
1.6280000000000001
  1
TT
 72
1
 11
1009.0
 21
160.89
 31
0.0
100
AcDbText
  0
TEXT
  5
2C6
330
17
100
AcDbEntity
  8
M-INST
100
AcDbText
 10
1009.0
 20
167.7
 30
0.0
 40
1.6280000000000001
  1
TT-GF-05
 72
1
 11
1009.0
 21
167.7
 31
0.0
100
AcDbText
  0
CIRCLE
  5
2C7
330
17
100
AcDbEntity
  8
M-INST
100
AcDbCircle
 10
1030.0
 20
162.0
 30
0.0
 40
3.7
  0
TEXT
  5
2C8
330
17
100
AcDbEntity
  8
M-INST
100
AcDbText
 10
1030.0
 20
160.89
 30
0.0
 40
1.6280000000000001
  1
RH
 72
1
 11
1030.0
 21
160.89
 31
0.0
100
AcDbText
  0
TEXT
  5
2C9
330
17
100
AcDbEntity
  8
M-INST
100
AcDbText
 10
1030.0
 20
167.7
 30
0.0
 40
1.6280000000000001
  1
RHT-GF-05
 72
1
 11
1030.0
 21
167.7
 31
0.0
100
AcDbText
  0
CIRCLE
  5
2CA
330
17
100
AcDbEntity
  8
M-INST
100
AcDbCircle
 10
1051.0
 20
162.0
 30
0.0
 40
3.7
  0
TEXT
  5
2CB
330
17
100
AcDbEntity
  8
M-INST
100
AcDbText
 10
1051.0
 20
160.89
 30
0.0
 40
1.6280000000000001
  1
DP
 72
1
 11
1051.0
 21
160.89
 31
0.0
100
AcDbText
  0
TEXT
  5
2CC
330
17
100
AcDbEntity
  8
M-INST
100
AcDbText
 10
1051.0
 20
167.7
 30
0.0
 40
1.6280000000000001
  1
DPT-GF-05
 72
1
 11
1051.0
 21
167.7
 31
0.0
100
AcDbText
  0
TEXT
  5
2CD
330
17
100
AcDbEntity
  8
M-INST
100
AcDbText
 10
1031.0
 20
144.0
 30
0.0
 40
2.1
  1
PRESSURE: PENDING
 72
1
 11
1031.0
 21
144.0
 31
0.0
100
AcDbText
  0
LWPOLYLINE
  5
2CE
330
17
100
AcDbEntity
  8
M-DIM
100
AcDbPolyline
 90
4
 70
1
 10
1068.0
 20
426.0
 10
1134.0
 20
426.0
 10
1134.0
 20
192.0
 10
1068.0
 20
192.0
  0
TEXT
  5
2CF
330
17
100
AcDbEntity
  8
M-INK
100
AcDbText
 10
1071.0
 20
415.0
 30
0.0
 40
2.6
  1
GF-04 Meeting
 11
1071.0
 21
415.0
 31
0.0
100
AcDbText
  0
TEXT
  5
2D0
330
17
100
AcDbEntity
  8
M-INST
100
AcDbText
 10
1101.0
 20
395.0
 30
0.0
 40
2.6
  1
TARGET +50 Pa
 72
1
 11
1101.0
 21
395.0
 31
0.0
100
AcDbText
  0
LINE
  5
2D1
330
17
100
AcDbEntity
  8
M-SA
100
AcDbLine
 10
1080.0
 20
512.0
 30
0.0
 11
1080.0
 21
263.0
 31
0.0
  0
LWPOLYLINE
  5
2D2
330
17
100
AcDbEntity
  8
M-SA
100
AcDbPolyline
 90
4
 70
1
 10
1077.5
 20
376.5
 10
1082.5
 20
376.5
 10
1082.5
 20
371.5
 10
1077.5
 20
371.5
  0
LINE
  5
2D3
330
17
100
AcDbEntity
  8
M-SA
100
AcDbLine
 10
1078.1
 20
372.1
 30
0.0
 11
1081.9
 21
375.9
 31
0.0
  0
TEXT
  5
2D4
330
17
100
AcDbEntity
  8
M-SA
100
AcDbText
 10
1080.0
 20
369.25
 30
0.0
 40
1.5
  1
VCD-S04
 72
1
 11
1080.0
 21
369.25
 31
0.0
100
AcDbText
  0
LWPOLYLINE
  5
2D5
330
17
100
AcDbEntity
  8
M-SA
100
AcDbPolyline
 90
4
 70
1
 10
1077.5
 20
346.5
 10
1082.5
 20
346.5
 10
1082.5
 20
341.5
 10
1077.5
 20
341.5
  0
LINE
  5
2D6
330
17
100
AcDbEntity
  8
M-SA
100
AcDbLine
 10
1078.1
 20
342.1
 30
0.0
 11
1081.9
 21
345.9
 31
0.0
  0
LWPOLYLINE
  5
2D7
330
17
100
AcDbEntity
  8
M-SA
100
AcDbPolyline
 90
4
 70
1
 10
1078.5
 20
349.25
 10
1081.5
 20
349.25
 10
1081.5
 20
347.0
 10
1078.5
 20
347.0
  0
TEXT
  5
2D8
330
17
100
AcDbEntity
  8
M-SA
100
AcDbText
 10
1080.0
 20
347.45
 30
0.0
 40
1.4000000000000001
  1
M
 72
1
 11
1080.0
 21
347.45
 31
0.0
100
AcDbText
  0
TEXT
  5
2D9
330
17
100
AcDbEntity
  8
M-PENDING
100
AcDbText
 10
1080.0
 20
342.9
 30
0.0
 40
1.9
  1
F
 72
1
 11
1080.0
 21
342.9
 31
0.0
100
AcDbText
  0
TEXT
  5
2DA
330
17
100
AcDbEntity
  8
M-SA
100
AcDbText
 10
1080.0
 20
339.25
 30
0.0
 40
1.5
  1
FSD-S04*
 72
1
 11
1080.0
 21
339.25
 31
0.0
100
AcDbText
  0
LWPOLYLINE
  5
2DB
330
17
100
AcDbEntity
  8
M-SA
100
AcDbPolyline
 90
4
 70
1
 10
1075.0
 20
315.0
 10
1085.0
 20
315.0
 10
1085.0
 20
298.0
 10
1075.0
 20
298.0
  0
LINE
  5
2DC
330
17
100
AcDbEntity
  8
M-EA
100
AcDbLine
 10
1077.0
 20
312.45
 30
0.0
 11
1077.857142857143
 21
301.4
 31
0.0
  0
LINE
  5
2DD
330
17
100
AcDbEntity
  8
M-EA
100
AcDbLine
 10
1077.857142857143
 20
301.4
 30
0.0
 11
1078.7142857142858
 21
312.45
 31
0.0
  0
LINE
  5
2DE
330
17
100
AcDbEntity
  8
M-EA
100
AcDbLine
 10
1078.7142857142858
 20
312.45
 30
0.0
 11
1079.5714285714287
 21
301.4
 31
0.0
  0
LINE
  5
2DF
330
17
100
AcDbEntity
  8
M-EA
100
AcDbLine
 10
1079.5714285714287
 20
301.4
 30
0.0
 11
1080.4285714285713
 21
312.45
 31
0.0
  0
LINE
  5
2E0
330
17
100
AcDbEntity
  8
M-EA
100
AcDbLine
 10
1080.4285714285713
 20
312.45
 30
0.0
 11
1081.2857142857142
 21
301.4
 31
0.0
  0
LINE
  5
2E1
330
17
100
AcDbEntity
  8
M-EA
100
AcDbLine
 10
1081.2857142857142
 20
301.4
 30
0.0
 11
1082.142857142857
 21
312.45
 31
0.0
  0
LINE
  5
2E2
330
17
100
AcDbEntity
  8
M-EA
100
AcDbLine
 10
1082.142857142857
 20
312.45
 30
0.0
 11
1083.0
 21
301.4
 31
0.0
  0
TEXT
  5
2E3
330
17
100
AcDbEntity
  8
M-EA
100
AcDbText
 10
1080.0
 20
293.0
 30
0.0
 40
2.4
  1
EH-04
 72
1
 11
1080.0
 21
293.0
 31
0.0
100
AcDbText
  0
CIRCLE
  5
2E4
330
17
100
AcDbEntity
  8
M-INST
100
AcDbCircle
 10
1094.0
 20
308.0
 30
0.0
 40
2.8
  0
TEXT
  5
2E5
330
17
100
AcDbEntity
  8
M-INST
100
AcDbText
 10
1094.0
 20
307.16
 30
0.0
 40
1.232
  1
HH
 72
1
 11
1094.0
 21
307.16
 31
0.0
100
AcDbText
  0
TEXT
  5
2E6
330
17
100
AcDbEntity
  8
M-INST
100
AcDbText
 10
1094.0
 20
312.8
 30
0.0
 40
1.232
  1
TSHH-EH-04
 72
1
 11
1094.0
 21
312.8
 31
0.0
100
AcDbText
  0
LINE
  5
2E7
330
17
100
AcDbEntity
  8
M-INST
100
AcDbLine
 10
1085.0
 20
307.0
 30
0.0
 11
1091.2
 21
308.0
 31
0.0
  0
CIRCLE
  5
2E8
330
17
100
AcDbEntity
  8
M-INST
100
AcDbCircle
 10
1094.0
 20
284.0
 30
0.0
 40
2.8
  0
TEXT
  5
2E9
330
17
100
AcDbEntity
  8
M-INST
100
AcDbText
 10
1094.0
 20
283.16
 30
0.0
 40
1.232
  1
AF
 72
1
 11
1094.0
 21
283.16
 31
0.0
100
AcDbText
  0
TEXT
  5
2EA
330
17
100
AcDbEntity
  8
M-INST
100
AcDbText
 10
1094.0
 20
288.8
 30
0.0
 40
1.232
  1
AFS-EH-04
 72
1
 11
1094.0
 21
288.8
 31
0.0
100
AcDbText
  0
LINE
  5
2EB
330
17
100
AcDbEntity
  8
M-INST
100
AcDbLine
 10
1080.0
 20
290.0
 30
0.0
 11
1091.2
 21
284.0
 31
0.0
  0
LWPOLYLINE
  5
2EC
330
17
100
AcDbEntity
  8
M-SA
100
AcDbPolyline
 90
4
 70
1
 10
1076.0
 20
268.0
 10
1084.0
 20
268.0
 10
1084.0
 20
260.0
 10
1076.0
 20
260.0
  0
LINE
  5
2ED
330
17
100
AcDbEntity
  8
M-SA
100
AcDbLine
 10
1076.0
 20
268.0
 30
0.0
 11
1084.0
 21
260.0
 31
0.0
  0
LINE
  5
2EE
330
17
100
AcDbEntity
  8
M-SA
100
AcDbLine
 10
1076.0
 20
260.0
 30
0.0
 11
1084.0
 21
268.0
 31
0.0
  0
TEXT
  5
2EF
330
17
100
AcDbEntity
  8
M-SA
100
AcDbText
 10
1071.0
 20
246.0
 30
0.0
 40
2.2
  1
3 x 149.73 L/s
 11
1071.0
 21
246.0
 31
0.0
100
AcDbText
  0
TEXT
  5
2F0
330
17
100
AcDbEntity
  8
M-SA
100
AcDbText
 10
1071.0
 20
237.0
 30
0.0
 40
2.5
  1
SA 449.20
 11
1071.0
 21
237.0
 31
0.0
100
AcDbText
  0
TEXT
  5
2F1
330
17
100
AcDbEntity
  8
M-SA
100
AcDbText
 10
1071.0
 20
228.0
 30
0.0
 40
2.1
  1
450x300 / D325
 11
1071.0
 21
228.0
 31
0.0
100
AcDbText
  0
LINE
  5
2F2
330
17
100
AcDbEntity
  8
M-RA
100
AcDbLine
 10
1119.0
 20
267.0
 30
0.0
 11
1119.0
 21
459.0
 31
0.0
  0
LWPOLYLINE
  5
2F3
330
17
100
AcDbEntity
  8
M-RA
100
AcDbPolyline
 90
3
 70
1
 10
1119.0
 20
459.0
 10
1117.875
 20
456.5
 10
1120.125
 20
456.5
  0
LWPOLYLINE
  5
2F4
330
17
100
AcDbEntity
  8
M-RA
100
AcDbPolyline
 90
4
 70
1
 10
1115.0
 20
267.0
 10
1123.0
 20
267.0
 10
1123.0
 20
259.0
 10
1115.0
 20
259.0
  0
LINE
  5
2F5
330
17
100
AcDbEntity
  8
M-RA
100
AcDbLine
 10
1115.8
 20
265.4
 30
0.0
 11
1122.2
 21
265.4
 31
0.0
  0
LINE
  5
2F6
330
17
100
AcDbEntity
  8
M-RA
100
AcDbLine
 10
1115.8
 20
263.0
 30
0.0
 11
1122.2
 21
263.0
 31
0.0
  0
LINE
  5
2F7
330
17
100
AcDbEntity
  8
M-RA
100
AcDbLine
 10
1115.8
 20
260.6
 30
0.0
 11
1122.2
 21
260.6
 31
0.0
  0
LWPOLYLINE
  5
2F8
330
17
100
AcDbEntity
  8
M-RA
100
AcDbPolyline
 90
4
 70
1
 10
1116.5
 20
320.5
 10
1121.5
 20
320.5
 10
1121.5
 20
315.5
 10
1116.5
 20
315.5
  0
LINE
  5
2F9
330
17
100
AcDbEntity
  8
M-RA
100
AcDbLine
 10
1117.1
 20
316.1
 30
0.0
 11
1120.9
 21
319.9
 31
0.0
  0
LWPOLYLINE
  5
2FA
330
17
100
AcDbEntity
  8
M-RA
100
AcDbPolyline
 90
4
 70
1
 10
1117.5
 20
323.25
 10
1120.5
 20
323.25
 10
1120.5
 20
321.0
 10
1117.5
 20
321.0
  0
TEXT
  5
2FB
330
17
100
AcDbEntity
  8
M-RA
100
AcDbText
 10
1119.0
 20
321.45
 30
0.0
 40
1.4000000000000001
  1
M
 72
1
 11
1119.0
 21
321.45
 31
0.0
100
AcDbText
  0
TEXT
  5
2FC
330
17
100
AcDbEntity
  8
M-RA
100
AcDbText
 10
1119.0
 20
313.25
 30
0.0
 40
1.5
  1
RCD-R04
 72
1
 11
1119.0
 21
313.25
 31
0.0
100
AcDbText
  0
LWPOLYLINE
  5
2FD
330
17
100
AcDbEntity
  8
M-RA
100
AcDbPolyline
 90
4
 70
1
 10
1116.5
 20
376.5
 10
1121.5
 20
376.5
 10
1121.5
 20
371.5
 10
1116.5
 20
371.5
  0
LINE
  5
2FE
330
17
100
AcDbEntity
  8
M-RA
100
AcDbLine
 10
1117.1
 20
372.1
 30
0.0
 11
1120.9
 21
375.9
 31
0.0
  0
LWPOLYLINE
  5
2FF
330
17
100
AcDbEntity
  8
M-RA
100
AcDbPolyline
 90
4
 70
1
 10
1117.5
 20
379.25
 10
1120.5
 20
379.25
 10
1120.5
 20
377.0
 10
1117.5
 20
377.0
  0
TEXT
  5
300
330
17
100
AcDbEntity
  8
M-RA
100
AcDbText
 10
1119.0
 20
377.45
 30
0.0
 40
1.4000000000000001
  1
M
 72
1
 11
1119.0
 21
377.45
 31
0.0
100
AcDbText
  0
TEXT
  5
301
330
17
100
AcDbEntity
  8
M-PENDING
100
AcDbText
 10
1119.0
 20
372.9
 30
0.0
 40
1.9
  1
F
 72
1
 11
1119.0
 21
372.9
 31
0.0
100
AcDbText
  0
TEXT
  5
302
330
17
100
AcDbEntity
  8
M-RA
100
AcDbText
 10
1119.0
 20
369.25
 30
0.0
 40
1.5
  1
FSD-R04*
 72
1
 11
1119.0
 21
369.25
 31
0.0
100
AcDbText
  0
TEXT
  5
303
330
17
100
AcDbEntity
  8
M-RA
100
AcDbText
 10
1071.0
 20
214.0
 30
0.0
 40
2.4
  1
RA 389.86 ASSUMED
 11
1071.0
 21
214.0
 31
0.0
100
AcDbText
  0
TEXT
  5
304
330
17
100
AcDbEntity
  8
M-RA
100
AcDbText
 10
1071.0
 20
204.0
 30
0.0
 40
2.2
  1
3 RG x 129.95
 11
1071.0
 21
204.0
 31
0.0
100
AcDbText
  0
CIRCLE
  5
305
330
17
100
AcDbEntity
  8
M-INST
100
AcDbCircle
 10
1079.0
 20
162.0
 30
0.0
 40
3.7
  0
TEXT
  5
306
330
17
100
AcDbEntity
  8
M-INST
100
AcDbText
 10
1079.0
 20
160.89
 30
0.0
 40
1.6280000000000001
  1
TT
 72
1
 11
1079.0
 21
160.89
 31
0.0
100
AcDbText
  0
TEXT
  5
307
330
17
100
AcDbEntity
  8
M-INST
100
AcDbText
 10
1079.0
 20
167.7
 30
0.0
 40
1.6280000000000001
  1
TT-GF-04
 72
1
 11
1079.0
 21
167.7
 31
0.0
100
AcDbText
  0
CIRCLE
  5
308
330
17
100
AcDbEntity
  8
M-INST
100
AcDbCircle
 10
1100.0
 20
162.0
 30
0.0
 40
3.7
  0
TEXT
  5
309
330
17
100
AcDbEntity
  8
M-INST
100
AcDbText
 10
1100.0
 20
160.89
 30
0.0
 40
1.6280000000000001
  1
RH
 72
1
 11
1100.0
 21
160.89
 31
0.0
100
AcDbText
  0
TEXT
  5
30A
330
17
100
AcDbEntity
  8
M-INST
100
AcDbText
 10
1100.0
 20
167.7
 30
0.0
 40
1.6280000000000001
  1
RHT-GF-04
 72
1
 11
1100.0
 21
167.7
 31
0.0
100
AcDbText
  0
CIRCLE
  5
30B
330
17
100
AcDbEntity
  8
M-INST
100
AcDbCircle
 10
1121.0
 20
162.0
 30
0.0
 40
3.7
  0
TEXT
  5
30C
330
17
100
AcDbEntity
  8
M-INST
100
AcDbText
 10
1121.0
 20
160.89
 30
0.0
 40
1.6280000000000001
  1
DP
 72
1
 11
1121.0
 21
160.89
 31
0.0
100
AcDbText
  0
TEXT
  5
30D
330
17
100
AcDbEntity
  8
M-INST
100
AcDbText
 10
1121.0
 20
167.7
 30
0.0
 40
1.6280000000000001
  1
DPT-GF-04
 72
1
 11
1121.0
 21
167.7
 31
0.0
100
AcDbText
  0
TEXT
  5
30E
330
17
100
AcDbEntity
  8
M-INST
100
AcDbText
 10
1101.0
 20
144.0
 30
0.0
 40
2.1
  1
PRESSURE: PENDING
 72
1
 11
1101.0
 21
144.0
 31
0.0
100
AcDbText
  0
LWPOLYLINE
  5
30F
330
17
100
AcDbEntity
  8
M-DIM
100
AcDbPolyline
 90
4
 70
1
 10
1138.0
 20
426.0
 10
1204.0
 20
426.0
 10
1204.0
 20
192.0
 10
1138.0
 20
192.0
  0
TEXT
  5
310
330
17
100
AcDbEntity
  8
M-INK
100
AcDbText
 10
1141.0
 20
415.0
 30
0.0
 40
2.6
  1
GF-08 Telecom panel
 11
1141.0
 21
415.0
 31
0.0
100
AcDbText
  0
TEXT
  5
311
330
17
100
AcDbEntity
  8
M-INST
100
AcDbText
 10
1171.0
 20
395.0
 30
0.0
 40
2.6
  1
TARGET +50 Pa
 72
1
 11
1171.0
 21
395.0
 31
0.0
100
AcDbText
  0
LINE
  5
312
330
17
100
AcDbEntity
  8
M-SA
100
AcDbLine
 10
1150.0
 20
512.0
 30
0.0
 11
1150.0
 21
263.0
 31
0.0
  0
LWPOLYLINE
  5
313
330
17
100
AcDbEntity
  8
M-SA
100
AcDbPolyline
 90
4
 70
1
 10
1147.5
 20
376.5
 10
1152.5
 20
376.5
 10
1152.5
 20
371.5
 10
1147.5
 20
371.5
  0
LINE
  5
314
330
17
100
AcDbEntity
  8
M-SA
100
AcDbLine
 10
1148.1
 20
372.1
 30
0.0
 11
1151.9
 21
375.9
 31
0.0
  0
TEXT
  5
315
330
17
100
AcDbEntity
  8
M-SA
100
AcDbText
 10
1150.0
 20
369.25
 30
0.0
 40
1.5
  1
VCD-S08
 72
1
 11
1150.0
 21
369.25
 31
0.0
100
AcDbText
  0
LWPOLYLINE
  5
316
330
17
100
AcDbEntity
  8
M-SA
100
AcDbPolyline
 90
4
 70
1
 10
1147.5
 20
346.5
 10
1152.5
 20
346.5
 10
1152.5
 20
341.5
 10
1147.5
 20
341.5
  0
LINE
  5
317
330
17
100
AcDbEntity
  8
M-SA
100
AcDbLine
 10
1148.1
 20
342.1
 30
0.0
 11
1151.9
 21
345.9
 31
0.0
  0
LWPOLYLINE
  5
318
330
17
100
AcDbEntity
  8
M-SA
100
AcDbPolyline
 90
4
 70
1
 10
1148.5
 20
349.25
 10
1151.5
 20
349.25
 10
1151.5
 20
347.0
 10
1148.5
 20
347.0
  0
TEXT
  5
319
330
17
100
AcDbEntity
  8
M-SA
100
AcDbText
 10
1150.0
 20
347.45
 30
0.0
 40
1.4000000000000001
  1
M
 72
1
 11
1150.0
 21
347.45
 31
0.0
100
AcDbText
  0
TEXT
  5
31A
330
17
100
AcDbEntity
  8
M-PENDING
100
AcDbText
 10
1150.0
 20
342.9
 30
0.0
 40
1.9
  1
F
 72
1
 11
1150.0
 21
342.9
 31
0.0
100
AcDbText
  0
TEXT
  5
31B
330
17
100
AcDbEntity
  8
M-SA
100
AcDbText
 10
1150.0
 20
339.25
 30
0.0
 40
1.5
  1
FSD-S08*
 72
1
 11
1150.0
 21
339.25
 31
0.0
100
AcDbText
  0
LWPOLYLINE
  5
31C
330
17
100
AcDbEntity
  8
M-SA
100
AcDbPolyline
 90
4
 70
1
 10
1146.0
 20
268.0
 10
1154.0
 20
268.0
 10
1154.0
 20
260.0
 10
1146.0
 20
260.0
  0
LINE
  5
31D
330
17
100
AcDbEntity
  8
M-SA
100
AcDbLine
 10
1146.0
 20
268.0
 30
0.0
 11
1154.0
 21
260.0
 31
0.0
  0
LINE
  5
31E
330
17
100
AcDbEntity
  8
M-SA
100
AcDbLine
 10
1146.0
 20
260.0
 30
0.0
 11
1154.0
 21
268.0
 31
0.0
  0
TEXT
  5
31F
330
17
100
AcDbEntity
  8
M-SA
100
AcDbText
 10
1141.0
 20
246.0
 30
0.0
 40
2.2
  1
6 x 147.43 L/s
 11
1141.0
 21
246.0
 31
0.0
100
AcDbText
  0
TEXT
  5
320
330
17
100
AcDbEntity
  8
M-SA
100
AcDbText
 10
1141.0
 20
237.0
 30
0.0
 40
2.5
  1
SA 884.60
 11
1141.0
 21
237.0
 31
0.0
100
AcDbText
  0
TEXT
  5
321
330
17
100
AcDbEntity
  8
M-SA
100
AcDbText
 10
1141.0
 20
228.0
 30
0.0
 40
2.1
  1
600x400 / D325
 11
1141.0
 21
228.0
 31
0.0
100
AcDbText
  0
LINE
  5
322
330
17
100
AcDbEntity
  8
M-RA
100
AcDbLine
 10
1189.0
 20
267.0
 30
0.0
 11
1189.0
 21
459.0
 31
0.0
  0
LWPOLYLINE
  5
323
330
17
100
AcDbEntity
  8
M-RA
100
AcDbPolyline
 90
3
 70
1
 10
1189.0
 20
459.0
 10
1187.875
 20
456.5
 10
1190.125
 20
456.5
  0
LWPOLYLINE
  5
324
330
17
100
AcDbEntity
  8
M-RA
100
AcDbPolyline
 90
4
 70
1
 10
1185.0
 20
267.0
 10
1193.0
 20
267.0
 10
1193.0
 20
259.0
 10
1185.0
 20
259.0
  0
LINE
  5
325
330
17
100
AcDbEntity
  8
M-RA
100
AcDbLine
 10
1185.8
 20
265.4
 30
0.0
 11
1192.2
 21
265.4
 31
0.0
  0
LINE
  5
326
330
17
100
AcDbEntity
  8
M-RA
100
AcDbLine
 10
1185.8
 20
263.0
 30
0.0
 11
1192.2
 21
263.0
 31
0.0
  0
LINE
  5
327
330
17
100
AcDbEntity
  8
M-RA
100
AcDbLine
 10
1185.8
 20
260.6
 30
0.0
 11
1192.2
 21
260.6
 31
0.0
  0
LWPOLYLINE
  5
328
330
17
100
AcDbEntity
  8
M-RA
100
AcDbPolyline
 90
4
 70
1
 10
1186.5
 20
320.5
 10
1191.5
 20
320.5
 10
1191.5
 20
315.5
 10
1186.5
 20
315.5
  0
LINE
  5
329
330
17
100
AcDbEntity
  8
M-RA
100
AcDbLine
 10
1187.1
 20
316.1
 30
0.0
 11
1190.9
 21
319.9
 31
0.0
  0
LWPOLYLINE
  5
32A
330
17
100
AcDbEntity
  8
M-RA
100
AcDbPolyline
 90
4
 70
1
 10
1187.5
 20
323.25
 10
1190.5
 20
323.25
 10
1190.5
 20
321.0
 10
1187.5
 20
321.0
  0
TEXT
  5
32B
330
17
100
AcDbEntity
  8
M-RA
100
AcDbText
 10
1189.0
 20
321.45
 30
0.0
 40
1.4000000000000001
  1
M
 72
1
 11
1189.0
 21
321.45
 31
0.0
100
AcDbText
  0
TEXT
  5
32C
330
17
100
AcDbEntity
  8
M-RA
100
AcDbText
 10
1189.0
 20
313.25
 30
0.0
 40
1.5
  1
RCD-R08
 72
1
 11
1189.0
 21
313.25
 31
0.0
100
AcDbText
  0
LWPOLYLINE
  5
32D
330
17
100
AcDbEntity
  8
M-RA
100
AcDbPolyline
 90
4
 70
1
 10
1186.5
 20
376.5
 10
1191.5
 20
376.5
 10
1191.5
 20
371.5
 10
1186.5
 20
371.5
  0
LINE
  5
32E
330
17
100
AcDbEntity
  8
M-RA
100
AcDbLine
 10
1187.1
 20
372.1
 30
0.0
 11
1190.9
 21
375.9
 31
0.0
  0
LWPOLYLINE
  5
32F
330
17
100
AcDbEntity
  8
M-RA
100
AcDbPolyline
 90
4
 70
1
 10
1187.5
 20
379.25
 10
1190.5
 20
379.25
 10
1190.5
 20
377.0
 10
1187.5
 20
377.0
  0
TEXT
  5
330
330
17
100
AcDbEntity
  8
M-RA
100
AcDbText
 10
1189.0
 20
377.45
 30
0.0
 40
1.4000000000000001
  1
M
 72
1
 11
1189.0
 21
377.45
 31
0.0
100
AcDbText
  0
TEXT
  5
331
330
17
100
AcDbEntity
  8
M-PENDING
100
AcDbText
 10
1189.0
 20
372.9
 30
0.0
 40
1.9
  1
F
 72
1
 11
1189.0
 21
372.9
 31
0.0
100
AcDbText
  0
TEXT
  5
332
330
17
100
AcDbEntity
  8
M-RA
100
AcDbText
 10
1189.0
 20
369.25
 30
0.0
 40
1.5
  1
FSD-R08*
 72
1
 11
1189.0
 21
369.25
 31
0.0
100
AcDbText
  0
TEXT
  5
333
330
17
100
AcDbEntity
  8
M-RA
100
AcDbText
 10
1141.0
 20
214.0
 30
0.0
 40
2.4
  1
RA 825.26 ASSUMED
 11
1141.0
 21
214.0
 31
0.0
100
AcDbText
  0
TEXT
  5
334
330
17
100
AcDbEntity
  8
M-RA
100
AcDbText
 10
1141.0
 20
204.0
 30
0.0
 40
2.2
  1
6 RG x 137.54
 11
1141.0
 21
204.0
 31
0.0
100
AcDbText
  0
CIRCLE
  5
335
330
17
100
AcDbEntity
  8
M-INST
100
AcDbCircle
 10
1149.0
 20
162.0
 30
0.0
 40
3.7
  0
TEXT
  5
336
330
17
100
AcDbEntity
  8
M-INST
100
AcDbText
 10
1149.0
 20
160.89
 30
0.0
 40
1.6280000000000001
  1
TT
 72
1
 11
1149.0
 21
160.89
 31
0.0
100
AcDbText
  0
TEXT
  5
337
330
17
100
AcDbEntity
  8
M-INST
100
AcDbText
 10
1149.0
 20
167.7
 30
0.0
 40
1.6280000000000001
  1
TT-GF-08
 72
1
 11
1149.0
 21
167.7
 31
0.0
100
AcDbText
  0
CIRCLE
  5
338
330
17
100
AcDbEntity
  8
M-INST
100
AcDbCircle
 10
1170.0
 20
162.0
 30
0.0
 40
3.7
  0
TEXT
  5
339
330
17
100
AcDbEntity
  8
M-INST
100
AcDbText
 10
1170.0
 20
160.89
 30
0.0
 40
1.6280000000000001
  1
RH
 72
1
 11
1170.0
 21
160.89
 31
0.0
100
AcDbText
  0
TEXT
  5
33A
330
17
100
AcDbEntity
  8
M-INST
100
AcDbText
 10
1170.0
 20
167.7
 30
0.0
 40
1.6280000000000001
  1
RHT-GF-08
 72
1
 11
1170.0
 21
167.7
 31
0.0
100
AcDbText
  0
CIRCLE
  5
33B
330
17
100
AcDbEntity
  8
M-INST
100
AcDbCircle
 10
1191.0
 20
162.0
 30
0.0
 40
3.7
  0
TEXT
  5
33C
330
17
100
AcDbEntity
  8
M-INST
100
AcDbText
 10
1191.0
 20
160.89
 30
0.0
 40
1.6280000000000001
  1
DP
 72
1
 11
1191.0
 21
160.89
 31
0.0
100
AcDbText
  0
TEXT
  5
33D
330
17
100
AcDbEntity
  8
M-INST
100
AcDbText
 10
1191.0
 20
167.7
 30
0.0
 40
1.6280000000000001
  1
DPT-GF-08
 72
1
 11
1191.0
 21
167.7
 31
0.0
100
AcDbText
  0
TEXT
  5
33E
330
17
100
AcDbEntity
  8
M-INST
100
AcDbText
 10
1171.0
 20
144.0
 30
0.0
 40
2.1
  1
PRESSURE: PENDING
 72
1
 11
1171.0
 21
144.0
 31
0.0
100
AcDbText
  0
LWPOLYLINE
  5
33F
330
17
100
AcDbEntity
  8
M-DIM
100
AcDbPolyline
 90
4
 70
1
 10
1208.0
 20
426.0
 10
1274.0
 20
426.0
 10
1274.0
 20
192.0
 10
1208.0
 20
192.0
  0
TEXT
  5
340
330
17
100
AcDbEntity
  8
M-INK
100
AcDbText
 10
1211.0
 20
415.0
 30
0.0
 40
2.6
  1
GF-06 Reception / corridor
 11
1211.0
 21
415.0
 31
0.0
100
AcDbText
  0
TEXT
  5
341
330
17
100
AcDbEntity
  8
M-INST
100
AcDbText
 10
1241.0
 20
395.0
 30
0.0
 40
2.6
  1
TARGET +50 Pa
 72
1
 11
1241.0
 21
395.0
 31
0.0
100
AcDbText
  0
LINE
  5
342
330
17
100
AcDbEntity
  8
M-SA
100
AcDbLine
 10
1220.0
 20
512.0
 30
0.0
 11
1220.0
 21
263.0
 31
0.0
  0
LWPOLYLINE
  5
343
330
17
100
AcDbEntity
  8
M-SA
100
AcDbPolyline
 90
4
 70
1
 10
1217.5
 20
376.5
 10
1222.5
 20
376.5
 10
1222.5
 20
371.5
 10
1217.5
 20
371.5
  0
LINE
  5
344
330
17
100
AcDbEntity
  8
M-SA
100
AcDbLine
 10
1218.1
 20
372.1
 30
0.0
 11
1221.9
 21
375.9
 31
0.0
  0
TEXT
  5
345
330
17
100
AcDbEntity
  8
M-SA
100
AcDbText
 10
1220.0
 20
369.25
 30
0.0
 40
1.5
  1
VCD-S06
 72
1
 11
1220.0
 21
369.25
 31
0.0
100
AcDbText
  0
LWPOLYLINE
  5
346
330
17
100
AcDbEntity
  8
M-SA
100
AcDbPolyline
 90
4
 70
1
 10
1217.5
 20
346.5
 10
1222.5
 20
346.5
 10
1222.5
 20
341.5
 10
1217.5
 20
341.5
  0
LINE
  5
347
330
17
100
AcDbEntity
  8
M-SA
100
AcDbLine
 10
1218.1
 20
342.1
 30
0.0
 11
1221.9
 21
345.9
 31
0.0
  0
LWPOLYLINE
  5
348
330
17
100
AcDbEntity
  8
M-SA
100
AcDbPolyline
 90
4
 70
1
 10
1218.5
 20
349.25
 10
1221.5
 20
349.25
 10
1221.5
 20
347.0
 10
1218.5
 20
347.0
  0
TEXT
  5
349
330
17
100
AcDbEntity
  8
M-SA
100
AcDbText
 10
1220.0
 20
347.45
 30
0.0
 40
1.4000000000000001
  1
M
 72
1
 11
1220.0
 21
347.45
 31
0.0
100
AcDbText
  0
TEXT
  5
34A
330
17
100
AcDbEntity
  8
M-PENDING
100
AcDbText
 10
1220.0
 20
342.9
 30
0.0
 40
1.9
  1
F
 72
1
 11
1220.0
 21
342.9
 31
0.0
100
AcDbText
  0
TEXT
  5
34B
330
17
100
AcDbEntity
  8
M-SA
100
AcDbText
 10
1220.0
 20
339.25
 30
0.0
 40
1.5
  1
FSD-S06*
 72
1
 11
1220.0
 21
339.25
 31
0.0
100
AcDbText
  0
LWPOLYLINE
  5
34C
330
17
100
AcDbEntity
  8
M-SA
100
AcDbPolyline
 90
4
 70
1
 10
1215.0
 20
315.0
 10
1225.0
 20
315.0
 10
1225.0
 20
298.0
 10
1215.0
 20
298.0
  0
LINE
  5
34D
330
17
100
AcDbEntity
  8
M-EA
100
AcDbLine
 10
1217.0
 20
312.45
 30
0.0
 11
1217.857142857143
 21
301.4
 31
0.0
  0
LINE
  5
34E
330
17
100
AcDbEntity
  8
M-EA
100
AcDbLine
 10
1217.857142857143
 20
301.4
 30
0.0
 11
1218.7142857142858
 21
312.45
 31
0.0
  0
LINE
  5
34F
330
17
100
AcDbEntity
  8
M-EA
100
AcDbLine
 10
1218.7142857142858
 20
312.45
 30
0.0
 11
1219.5714285714284
 21
301.4
 31
0.0
  0
LINE
  5
350
330
17
100
AcDbEntity
  8
M-EA
100
AcDbLine
 10
1219.5714285714284
 20
301.4
 30
0.0
 11
1220.4285714285716
 21
312.45
 31
0.0
  0
LINE
  5
351
330
17
100
AcDbEntity
  8
M-EA
100
AcDbLine
 10
1220.4285714285716
 20
312.45
 30
0.0
 11
1221.2857142857142
 21
301.4
 31
0.0
  0
LINE
  5
352
330
17
100
AcDbEntity
  8
M-EA
100
AcDbLine
 10
1221.2857142857142
 20
301.4
 30
0.0
 11
1222.142857142857
 21
312.45
 31
0.0
  0
LINE
  5
353
330
17
100
AcDbEntity
  8
M-EA
100
AcDbLine
 10
1222.142857142857
 20
312.45
 30
0.0
 11
1223.0
 21
301.4
 31
0.0
  0
TEXT
  5
354
330
17
100
AcDbEntity
  8
M-EA
100
AcDbText
 10
1220.0
 20
293.0
 30
0.0
 40
2.4
  1
EH-06
 72
1
 11
1220.0
 21
293.0
 31
0.0
100
AcDbText
  0
CIRCLE
  5
355
330
17
100
AcDbEntity
  8
M-INST
100
AcDbCircle
 10
1234.0
 20
308.0
 30
0.0
 40
2.8
  0
TEXT
  5
356
330
17
100
AcDbEntity
  8
M-INST
100
AcDbText
 10
1234.0
 20
307.16
 30
0.0
 40
1.232
  1
HH
 72
1
 11
1234.0
 21
307.16
 31
0.0
100
AcDbText
  0
TEXT
  5
357
330
17
100
AcDbEntity
  8
M-INST
100
AcDbText
 10
1234.0
 20
312.8
 30
0.0
 40
1.232
  1
TSHH-EH-06
 72
1
 11
1234.0
 21
312.8
 31
0.0
100
AcDbText
  0
LINE
  5
358
330
17
100
AcDbEntity
  8
M-INST
100
AcDbLine
 10
1225.0
 20
307.0
 30
0.0
 11
1231.2
 21
308.0
 31
0.0
  0
CIRCLE
  5
359
330
17
100
AcDbEntity
  8
M-INST
100
AcDbCircle
 10
1234.0
 20
284.0
 30
0.0
 40
2.8
  0
TEXT
  5
35A
330
17
100
AcDbEntity
  8
M-INST
100
AcDbText
 10
1234.0
 20
283.16
 30
0.0
 40
1.232
  1
AF
 72
1
 11
1234.0
 21
283.16
 31
0.0
100
AcDbText
  0
TEXT
  5
35B
330
17
100
AcDbEntity
  8
M-INST
100
AcDbText
 10
1234.0
 20
288.8
 30
0.0
 40
1.232
  1
AFS-EH-06
 72
1
 11
1234.0
 21
288.8
 31
0.0
100
AcDbText
  0
LINE
  5
35C
330
17
100
AcDbEntity
  8
M-INST
100
AcDbLine
 10
1220.0
 20
290.0
 30
0.0
 11
1231.2
 21
284.0
 31
0.0
  0
LWPOLYLINE
  5
35D
330
17
100
AcDbEntity
  8
M-SA
100
AcDbPolyline
 90
4
 70
1
 10
1216.0
 20
268.0
 10
1224.0
 20
268.0
 10
1224.0
 20
260.0
 10
1216.0
 20
260.0
  0
LINE
  5
35E
330
17
100
AcDbEntity
  8
M-SA
100
AcDbLine
 10
1216.0
 20
268.0
 30
0.0
 11
1224.0
 21
260.0
 31
0.0
  0
LINE
  5
35F
330
17
100
AcDbEntity
  8
M-SA
100
AcDbLine
 10
1216.0
 20
260.0
 30
0.0
 11
1224.0
 21
268.0
 31
0.0
  0
TEXT
  5
360
330
17
100
AcDbEntity
  8
M-SA
100
AcDbText
 10
1211.0
 20
246.0
 30
0.0
 40
2.2
  1
3 x 139.40 L/s
 11
1211.0
 21
246.0
 31
0.0
100
AcDbText
  0
TEXT
  5
361
330
17
100
AcDbEntity
  8
M-SA
100
AcDbText
 10
1211.0
 20
237.0
 30
0.0
 40
2.5
  1
SA 418.20
 11
1211.0
 21
237.0
 31
0.0
100
AcDbText
  0
TEXT
  5
362
330
17
100
AcDbEntity
  8
M-SA
100
AcDbText
 10
1211.0
 20
228.0
 30
0.0
 40
2.1
  1
450x300 / D300
 11
1211.0
 21
228.0
 31
0.0
100
AcDbText
  0
LINE
  5
363
330
17
100
AcDbEntity
  8
M-RA
100
AcDbLine
 10
1259.0
 20
267.0
 30
0.0
 11
1259.0
 21
459.0
 31
0.0
  0
LWPOLYLINE
  5
364
330
17
100
AcDbEntity
  8
M-RA
100
AcDbPolyline
 90
3
 70
1
 10
1259.0
 20
459.0
 10
1257.875
 20
456.5
 10
1260.125
 20
456.5
  0
LWPOLYLINE
  5
365
330
17
100
AcDbEntity
  8
M-RA
100
AcDbPolyline
 90
4
 70
1
 10
1255.0
 20
267.0
 10
1263.0
 20
267.0
 10
1263.0
 20
259.0
 10
1255.0
 20
259.0
  0
LINE
  5
366
330
17
100
AcDbEntity
  8
M-RA
100
AcDbLine
 10
1255.8
 20
265.4
 30
0.0
 11
1262.2
 21
265.4
 31
0.0
  0
LINE
  5
367
330
17
100
AcDbEntity
  8
M-RA
100
AcDbLine
 10
1255.8
 20
263.0
 30
0.0
 11
1262.2
 21
263.0
 31
0.0
  0
LINE
  5
368
330
17
100
AcDbEntity
  8
M-RA
100
AcDbLine
 10
1255.8
 20
260.6
 30
0.0
 11
1262.2
 21
260.6
 31
0.0
  0
LWPOLYLINE
  5
369
330
17
100
AcDbEntity
  8
M-RA
100
AcDbPolyline
 90
4
 70
1
 10
1256.5
 20
320.5
 10
1261.5
 20
320.5
 10
1261.5
 20
315.5
 10
1256.5
 20
315.5
  0
LINE
  5
36A
330
17
100
AcDbEntity
  8
M-RA
100
AcDbLine
 10
1257.1
 20
316.1
 30
0.0
 11
1260.9
 21
319.9
 31
0.0
  0
LWPOLYLINE
  5
36B
330
17
100
AcDbEntity
  8
M-RA
100
AcDbPolyline
 90
4
 70
1
 10
1257.5
 20
323.25
 10
1260.5
 20
323.25
 10
1260.5
 20
321.0
 10
1257.5
 20
321.0
  0
TEXT
  5
36C
330
17
100
AcDbEntity
  8
M-RA
100
AcDbText
 10
1259.0
 20
321.45
 30
0.0
 40
1.4000000000000001
  1
M
 72
1
 11
1259.0
 21
321.45
 31
0.0
100
AcDbText
  0
TEXT
  5
36D
330
17
100
AcDbEntity
  8
M-RA
100
AcDbText
 10
1259.0
 20
313.25
 30
0.0
 40
1.5
  1
RCD-R06
 72
1
 11
1259.0
 21
313.25
 31
0.0
100
AcDbText
  0
LWPOLYLINE
  5
36E
330
17
100
AcDbEntity
  8
M-RA
100
AcDbPolyline
 90
4
 70
1
 10
1256.5
 20
376.5
 10
1261.5
 20
376.5
 10
1261.5
 20
371.5
 10
1256.5
 20
371.5
  0
LINE
  5
36F
330
17
100
AcDbEntity
  8
M-RA
100
AcDbLine
 10
1257.1
 20
372.1
 30
0.0
 11
1260.9
 21
375.9
 31
0.0
  0
LWPOLYLINE
  5
370
330
17
100
AcDbEntity
  8
M-RA
100
AcDbPolyline
 90
4
 70
1
 10
1257.5
 20
379.25
 10
1260.5
 20
379.25
 10
1260.5
 20
377.0
 10
1257.5
 20
377.0
  0
TEXT
  5
371
330
17
100
AcDbEntity
  8
M-RA
100
AcDbText
 10
1259.0
 20
377.45
 30
0.0
 40
1.4000000000000001
  1
M
 72
1
 11
1259.0
 21
377.45
 31
0.0
100
AcDbText
  0
TEXT
  5
372
330
17
100
AcDbEntity
  8
M-PENDING
100
AcDbText
 10
1259.0
 20
372.9
 30
0.0
 40
1.9
  1
F
 72
1
 11
1259.0
 21
372.9
 31
0.0
100
AcDbText
  0
TEXT
  5
373
330
17
100
AcDbEntity
  8
M-RA
100
AcDbText
 10
1259.0
 20
369.25
 30
0.0
 40
1.5
  1
FSD-R06*
 72
1
 11
1259.0
 21
369.25
 31
0.0
100
AcDbText
  0
TEXT
  5
374
330
17
100
AcDbEntity
  8
M-RA
100
AcDbText
 10
1211.0
 20
214.0
 30
0.0
 40
2.4
  1
RA 358.86 ASSUMED
 11
1211.0
 21
214.0
 31
0.0
100
AcDbText
  0
TEXT
  5
375
330
17
100
AcDbEntity
  8
M-RA
100
AcDbText
 10
1211.0
 20
204.0
 30
0.0
 40
2.2
  1
4 RG x 89.72
 11
1211.0
 21
204.0
 31
0.0
100
AcDbText
  0
CIRCLE
  5
376
330
17
100
AcDbEntity
  8
M-INST
100
AcDbCircle
 10
1219.0
 20
162.0
 30
0.0
 40
3.7
  0
TEXT
  5
377
330
17
100
AcDbEntity
  8
M-INST
100
AcDbText
 10
1219.0
 20
160.89
 30
0.0
 40
1.6280000000000001
  1
TT
 72
1
 11
1219.0
 21
160.89
 31
0.0
100
AcDbText
  0
TEXT
  5
378
330
17
100
AcDbEntity
  8
M-INST
100
AcDbText
 10
1219.0
 20
167.7
 30
0.0
 40
1.6280000000000001
  1
TT-GF-06
 72
1
 11
1219.0
 21
167.7
 31
0.0
100
AcDbText
  0
CIRCLE
  5
379
330
17
100
AcDbEntity
  8
M-INST
100
AcDbCircle
 10
1240.0
 20
162.0
 30
0.0
 40
3.7
  0
TEXT
  5
37A
330
17
100
AcDbEntity
  8
M-INST
100
AcDbText
 10
1240.0
 20
160.89
 30
0.0
 40
1.6280000000000001
  1
RH
 72
1
 11
1240.0
 21
160.89
 31
0.0
100
AcDbText
  0
TEXT
  5
37B
330
17
100
AcDbEntity
  8
M-INST
100
AcDbText
 10
1240.0
 20
167.7
 30
0.0
 40
1.6280000000000001
  1
RHT-GF-06
 72
1
 11
1240.0
 21
167.7
 31
0.0
100
AcDbText
  0
CIRCLE
  5
37C
330
17
100
AcDbEntity
  8
M-INST
100
AcDbCircle
 10
1261.0
 20
162.0
 30
0.0
 40
3.7
  0
TEXT
  5
37D
330
17
100
AcDbEntity
  8
M-INST
100
AcDbText
 10
1261.0
 20
160.89
 30
0.0
 40
1.6280000000000001
  1
DP
 72
1
 11
1261.0
 21
160.89
 31
0.0
100
AcDbText
  0
TEXT
  5
37E
330
17
100
AcDbEntity
  8
M-INST
100
AcDbText
 10
1261.0
 20
167.7
 30
0.0
 40
1.6280000000000001
  1
DPT-GF-06
 72
1
 11
1261.0
 21
167.7
 31
0.0
100
AcDbText
  0
TEXT
  5
37F
330
17
100
AcDbEntity
  8
M-INST
100
AcDbText
 10
1241.0
 20
144.0
 30
0.0
 40
2.1
  1
PRESSURE: PENDING
 72
1
 11
1241.0
 21
144.0
 31
0.0
100
AcDbText
  0
LWPOLYLINE
  5
380
330
17
100
AcDbEntity
  8
M-DIM
100
AcDbPolyline
 90
4
 70
1
 10
1278.0
 20
426.0
 10
1344.0
 20
426.0
 10
1344.0
 20
192.0
 10
1278.0
 20
192.0
  0
TEXT
  5
381
330
17
100
AcDbEntity
  8
M-INK
100
AcDbText
 10
1281.0
 20
415.0
 30
0.0
 40
2.6
  1
GF-07 Bedroom / Resting Room
 11
1281.0
 21
415.0
 31
0.0
100
AcDbText
  0
TEXT
  5
382
330
17
100
AcDbEntity
  8
M-INST
100
AcDbText
 10
1311.0
 20
395.0
 30
0.0
 40
2.6
  1
TARGET +50 Pa
 72
1
 11
1311.0
 21
395.0
 31
0.0
100
AcDbText
  0
LINE
  5
383
330
17
100
AcDbEntity
  8
M-SA
100
AcDbLine
 10
1290.0
 20
512.0
 30
0.0
 11
1290.0
 21
263.0
 31
0.0
  0
LWPOLYLINE
  5
384
330
17
100
AcDbEntity
  8
M-SA
100
AcDbPolyline
 90
4
 70
1
 10
1287.5
 20
376.5
 10
1292.5
 20
376.5
 10
1292.5
 20
371.5
 10
1287.5
 20
371.5
  0
LINE
  5
385
330
17
100
AcDbEntity
  8
M-SA
100
AcDbLine
 10
1288.1
 20
372.1
 30
0.0
 11
1291.9
 21
375.9
 31
0.0
  0
TEXT
  5
386
330
17
100
AcDbEntity
  8
M-SA
100
AcDbText
 10
1290.0
 20
369.25
 30
0.0
 40
1.5
  1
VCD-S07
 72
1
 11
1290.0
 21
369.25
 31
0.0
100
AcDbText
  0
LWPOLYLINE
  5
387
330
17
100
AcDbEntity
  8
M-SA
100
AcDbPolyline
 90
4
 70
1
 10
1287.5
 20
346.5
 10
1292.5
 20
346.5
 10
1292.5
 20
341.5
 10
1287.5
 20
341.5
  0
LINE
  5
388
330
17
100
AcDbEntity
  8
M-SA
100
AcDbLine
 10
1288.1
 20
342.1
 30
0.0
 11
1291.9
 21
345.9
 31
0.0
  0
LWPOLYLINE
  5
389
330
17
100
AcDbEntity
  8
M-SA
100
AcDbPolyline
 90
4
 70
1
 10
1288.5
 20
349.25
 10
1291.5
 20
349.25
 10
1291.5
 20
347.0
 10
1288.5
 20
347.0
  0
TEXT
  5
38A
330
17
100
AcDbEntity
  8
M-SA
100
AcDbText
 10
1290.0
 20
347.45
 30
0.0
 40
1.4000000000000001
  1
M
 72
1
 11
1290.0
 21
347.45
 31
0.0
100
AcDbText
  0
TEXT
  5
38B
330
17
100
AcDbEntity
  8
M-PENDING
100
AcDbText
 10
1290.0
 20
342.9
 30
0.0
 40
1.9
  1
F
 72
1
 11
1290.0
 21
342.9
 31
0.0
100
AcDbText
  0
TEXT
  5
38C
330
17
100
AcDbEntity
  8
M-SA
100
AcDbText
 10
1290.0
 20
339.25
 30
0.0
 40
1.5
  1
FSD-S07*
 72
1
 11
1290.0
 21
339.25
 31
0.0
100
AcDbText
  0
LWPOLYLINE
  5
38D
330
17
100
AcDbEntity
  8
M-SA
100
AcDbPolyline
 90
4
 70
1
 10
1285.0
 20
315.0
 10
1295.0
 20
315.0
 10
1295.0
 20
298.0
 10
1285.0
 20
298.0
  0
LINE
  5
38E
330
17
100
AcDbEntity
  8
M-EA
100
AcDbLine
 10
1287.0
 20
312.45
 30
0.0
 11
1287.857142857143
 21
301.4
 31
0.0
  0
LINE
  5
38F
330
17
100
AcDbEntity
  8
M-EA
100
AcDbLine
 10
1287.857142857143
 20
301.4
 30
0.0
 11
1288.7142857142858
 21
312.45
 31
0.0
  0
LINE
  5
390
330
17
100
AcDbEntity
  8
M-EA
100
AcDbLine
 10
1288.7142857142858
 20
312.45
 30
0.0
 11
1289.5714285714284
 21
301.4
 31
0.0
  0
LINE
  5
391
330
17
100
AcDbEntity
  8
M-EA
100
AcDbLine
 10
1289.5714285714284
 20
301.4
 30
0.0
 11
1290.4285714285716
 21
312.45
 31
0.0
  0
LINE
  5
392
330
17
100
AcDbEntity
  8
M-EA
100
AcDbLine
 10
1290.4285714285716
 20
312.45
 30
0.0
 11
1291.2857142857142
 21
301.4
 31
0.0
  0
LINE
  5
393
330
17
100
AcDbEntity
  8
M-EA
100
AcDbLine
 10
1291.2857142857142
 20
301.4
 30
0.0
 11
1292.142857142857
 21
312.45
 31
0.0
  0
LINE
  5
394
330
17
100
AcDbEntity
  8
M-EA
100
AcDbLine
 10
1292.142857142857
 20
312.45
 30
0.0
 11
1293.0
 21
301.4
 31
0.0
  0
TEXT
  5
395
330
17
100
AcDbEntity
  8
M-EA
100
AcDbText
 10
1290.0
 20
293.0
 30
0.0
 40
2.4
  1
EH-07
 72
1
 11
1290.0
 21
293.0
 31
0.0
100
AcDbText
  0
CIRCLE
  5
396
330
17
100
AcDbEntity
  8
M-INST
100
AcDbCircle
 10
1304.0
 20
308.0
 30
0.0
 40
2.8
  0
TEXT
  5
397
330
17
100
AcDbEntity
  8
M-INST
100
AcDbText
 10
1304.0
 20
307.16
 30
0.0
 40
1.232
  1
HH
 72
1
 11
1304.0
 21
307.16
 31
0.0
100
AcDbText
  0
TEXT
  5
398
330
17
100
AcDbEntity
  8
M-INST
100
AcDbText
 10
1304.0
 20
312.8
 30
0.0
 40
1.232
  1
TSHH-EH-07
 72
1
 11
1304.0
 21
312.8
 31
0.0
100
AcDbText
  0
LINE
  5
399
330
17
100
AcDbEntity
  8
M-INST
100
AcDbLine
 10
1295.0
 20
307.0
 30
0.0
 11
1301.2
 21
308.0
 31
0.0
  0
CIRCLE
  5
39A
330
17
100
AcDbEntity
  8
M-INST
100
AcDbCircle
 10
1304.0
 20
284.0
 30
0.0
 40
2.8
  0
TEXT
  5
39B
330
17
100
AcDbEntity
  8
M-INST
100
AcDbText
 10
1304.0
 20
283.16
 30
0.0
 40
1.232
  1
AF
 72
1
 11
1304.0
 21
283.16
 31
0.0
100
AcDbText
  0
TEXT
  5
39C
330
17
100
AcDbEntity
  8
M-INST
100
AcDbText
 10
1304.0
 20
288.8
 30
0.0
 40
1.232
  1
AFS-EH-07
 72
1
 11
1304.0
 21
288.8
 31
0.0
100
AcDbText
  0
LINE
  5
39D
330
17
100
AcDbEntity
  8
M-INST
100
AcDbLine
 10
1290.0
 20
290.0
 30
0.0
 11
1301.2
 21
284.0
 31
0.0
  0
LWPOLYLINE
  5
39E
330
17
100
AcDbEntity
  8
M-SA
100
AcDbPolyline
 90
4
 70
1
 10
1286.0
 20
268.0
 10
1294.0
 20
268.0
 10
1294.0
 20
260.0
 10
1286.0
 20
260.0
  0
LINE
  5
39F
330
17
100
AcDbEntity
  8
M-SA
100
AcDbLine
 10
1286.0
 20
268.0
 30
0.0
 11
1294.0
 21
260.0
 31
0.0
  0
LINE
  5
3A0
330
17
100
AcDbEntity
  8
M-SA
100
AcDbLine
 10
1286.0
 20
260.0
 30
0.0
 11
1294.0
 21
268.0
 31
0.0
  0
TEXT
  5
3A1
330
17
100
AcDbEntity
  8
M-SA
100
AcDbText
 10
1281.0
 20
246.0
 30
0.0
 40
2.2
  1
1 x 168.20 L/s
 11
1281.0
 21
246.0
 31
0.0
100
AcDbText
  0
TEXT
  5
3A2
330
17
100
AcDbEntity
  8
M-SA
100
AcDbText
 10
1281.0
 20
237.0
 30
0.0
 40
2.5
  1
SA 168.20
 11
1281.0
 21
237.0
 31
0.0
100
AcDbText
  0
TEXT
  5
3A3
330
17
100
AcDbEntity
  8
M-SA
100
AcDbText
 10
1281.0
 20
228.0
 30
0.0
 40
2.1
  1
300x250 / D350
 11
1281.0
 21
228.0
 31
0.0
100
AcDbText
  0
LINE
  5
3A4
330
17
100
AcDbEntity
  8
M-RA
100
AcDbLine
 10
1329.0
 20
267.0
 30
0.0
 11
1329.0
 21
459.0
 31
0.0
  0
LWPOLYLINE
  5
3A5
330
17
100
AcDbEntity
  8
M-RA
100
AcDbPolyline
 90
3
 70
1
 10
1329.0
 20
459.0
 10
1327.875
 20
456.5
 10
1330.125
 20
456.5
  0
LWPOLYLINE
  5
3A6
330
17
100
AcDbEntity
  8
M-RA
100
AcDbPolyline
 90
4
 70
1
 10
1325.0
 20
267.0
 10
1333.0
 20
267.0
 10
1333.0
 20
259.0
 10
1325.0
 20
259.0
  0
LINE
  5
3A7
330
17
100
AcDbEntity
  8
M-RA
100
AcDbLine
 10
1325.8
 20
265.4
 30
0.0
 11
1332.2
 21
265.4
 31
0.0
  0
LINE
  5
3A8
330
17
100
AcDbEntity
  8
M-RA
100
AcDbLine
 10
1325.8
 20
263.0
 30
0.0
 11
1332.2
 21
263.0
 31
0.0
  0
LINE
  5
3A9
330
17
100
AcDbEntity
  8
M-RA
100
AcDbLine
 10
1325.8
 20
260.6
 30
0.0
 11
1332.2
 21
260.6
 31
0.0
  0
LWPOLYLINE
  5
3AA
330
17
100
AcDbEntity
  8
M-RA
100
AcDbPolyline
 90
4
 70
1
 10
1326.5
 20
320.5
 10
1331.5
 20
320.5
 10
1331.5
 20
315.5
 10
1326.5
 20
315.5
  0
LINE
  5
3AB
330
17
100
AcDbEntity
  8
M-RA
100
AcDbLine
 10
1327.1
 20
316.1
 30
0.0
 11
1330.9
 21
319.9
 31
0.0
  0
LWPOLYLINE
  5
3AC
330
17
100
AcDbEntity
  8
M-RA
100
AcDbPolyline
 90
4
 70
1
 10
1327.5
 20
323.25
 10
1330.5
 20
323.25
 10
1330.5
 20
321.0
 10
1327.5
 20
321.0
  0
TEXT
  5
3AD
330
17
100
AcDbEntity
  8
M-RA
100
AcDbText
 10
1329.0
 20
321.45
 30
0.0
 40
1.4000000000000001
  1
M
 72
1
 11
1329.0
 21
321.45
 31
0.0
100
AcDbText
  0
TEXT
  5
3AE
330
17
100
AcDbEntity
  8
M-RA
100
AcDbText
 10
1329.0
 20
313.25
 30
0.0
 40
1.5
  1
RCD-R07
 72
1
 11
1329.0
 21
313.25
 31
0.0
100
AcDbText
  0
LWPOLYLINE
  5
3AF
330
17
100
AcDbEntity
  8
M-RA
100
AcDbPolyline
 90
4
 70
1
 10
1326.5
 20
376.5
 10
1331.5
 20
376.5
 10
1331.5
 20
371.5
 10
1326.5
 20
371.5
  0
LINE
  5
3B0
330
17
100
AcDbEntity
  8
M-RA
100
AcDbLine
 10
1327.1
 20
372.1
 30
0.0
 11
1330.9
 21
375.9
 31
0.0
  0
LWPOLYLINE
  5
3B1
330
17
100
AcDbEntity
  8
M-RA
100
AcDbPolyline
 90
4
 70
1
 10
1327.5
 20
379.25
 10
1330.5
 20
379.25
 10
1330.5
 20
377.0
 10
1327.5
 20
377.0
  0
TEXT
  5
3B2
330
17
100
AcDbEntity
  8
M-RA
100
AcDbText
 10
1329.0
 20
377.45
 30
0.0
 40
1.4000000000000001
  1
M
 72
1
 11
1329.0
 21
377.45
 31
0.0
100
AcDbText
  0
TEXT
  5
3B3
330
17
100
AcDbEntity
  8
M-PENDING
100
AcDbText
 10
1329.0
 20
372.9
 30
0.0
 40
1.9
  1
F
 72
1
 11
1329.0
 21
372.9
 31
0.0
100
AcDbText
  0
TEXT
  5
3B4
330
17
100
AcDbEntity
  8
M-RA
100
AcDbText
 10
1329.0
 20
369.25
 30
0.0
 40
1.5
  1
FSD-R07*
 72
1
 11
1329.0
 21
369.25
 31
0.0
100
AcDbText
  0
TEXT
  5
3B5
330
17
100
AcDbEntity
  8
M-RA
100
AcDbText
 10
1281.0
 20
214.0
 30
0.0
 40
2.4
  1
RA 108.86 ASSUMED
 11
1281.0
 21
214.0
 31
0.0
100
AcDbText
  0
TEXT
  5
3B6
330
17
100
AcDbEntity
  8
M-RA
100
AcDbText
 10
1281.0
 20
204.0
 30
0.0
 40
2.2
  1
1 RG x 108.86
 11
1281.0
 21
204.0
 31
0.0
100
AcDbText
  0
CIRCLE
  5
3B7
330
17
100
AcDbEntity
  8
M-INST
100
AcDbCircle
 10
1289.0
 20
162.0
 30
0.0
 40
3.7
  0
TEXT
  5
3B8
330
17
100
AcDbEntity
  8
M-INST
100
AcDbText
 10
1289.0
 20
160.89
 30
0.0
 40
1.6280000000000001
  1
TT
 72
1
 11
1289.0
 21
160.89
 31
0.0
100
AcDbText
  0
TEXT
  5
3B9
330
17
100
AcDbEntity
  8
M-INST
100
AcDbText
 10
1289.0
 20
167.7
 30
0.0
 40
1.6280000000000001
  1
TT-GF-07
 72
1
 11
1289.0
 21
167.7
 31
0.0
100
AcDbText
  0
CIRCLE
  5
3BA
330
17
100
AcDbEntity
  8
M-INST
100
AcDbCircle
 10
1310.0
 20
162.0
 30
0.0
 40
3.7
  0
TEXT
  5
3BB
330
17
100
AcDbEntity
  8
M-INST
100
AcDbText
 10
1310.0
 20
160.89
 30
0.0
 40
1.6280000000000001
  1
RH
 72
1
 11
1310.0
 21
160.89
 31
0.0
100
AcDbText
  0
TEXT
  5
3BC
330
17
100
AcDbEntity
  8
M-INST
100
AcDbText
 10
1310.0
 20
167.7
 30
0.0
 40
1.6280000000000001
  1
RHT-GF-07
 72
1
 11
1310.0
 21
167.7
 31
0.0
100
AcDbText
  0
CIRCLE
  5
3BD
330
17
100
AcDbEntity
  8
M-INST
100
AcDbCircle
 10
1331.0
 20
162.0
 30
0.0
 40
3.7
  0
TEXT
  5
3BE
330
17
100
AcDbEntity
  8
M-INST
100
AcDbText
 10
1331.0
 20
160.89
 30
0.0
 40
1.6280000000000001
  1
DP
 72
1
 11
1331.0
 21
160.89
 31
0.0
100
AcDbText
  0
TEXT
  5
3BF
330
17
100
AcDbEntity
  8
M-INST
100
AcDbText
 10
1331.0
 20
167.7
 30
0.0
 40
1.6280000000000001
  1
DPT-GF-07
 72
1
 11
1331.0
 21
167.7
 31
0.0
100
AcDbText
  0
TEXT
  5
3C0
330
17
100
AcDbEntity
  8
M-INST
100
AcDbText
 10
1311.0
 20
144.0
 30
0.0
 40
2.1
  1
PRESSURE: PENDING
 72
1
 11
1311.0
 21
144.0
 31
0.0
100
AcDbText
  0
LWPOLYLINE
  5
3C1
330
17
100
AcDbEntity
  8
M-DIM
100
AcDbPolyline
 90
4
 70
1
 10
1348.0
 20
426.0
 10
1414.0
 20
426.0
 10
1414.0
 20
192.0
 10
1348.0
 20
192.0
  0
TEXT
  5
3C2
330
17
100
AcDbEntity
  8
M-INK
100
AcDbText
 10
1351.0
 20
415.0
 30
0.0
 40
2.6
  1
GF-09 Toilet group: two cubicles
 11
1351.0
 21
415.0
 31
0.0
100
AcDbText
  0
TEXT
  5
3C3
330
17
100
AcDbEntity
  8
M-INST
100
AcDbText
 10
1381.0
 20
395.0
 30
0.0
 40
2.6
  1
TARGET +25 Pa
 72
1
 11
1381.0
 21
395.0
 31
0.0
100
AcDbText
  0
LINE
  5
3C4
330
17
100
AcDbEntity
  8
M-SA
100
AcDbLine
 10
1360.0
 20
512.0
 30
0.0
 11
1360.0
 21
263.0
 31
0.0
  0
LWPOLYLINE
  5
3C5
330
17
100
AcDbEntity
  8
M-SA
100
AcDbPolyline
 90
4
 70
1
 10
1357.5
 20
376.5
 10
1362.5
 20
376.5
 10
1362.5
 20
371.5
 10
1357.5
 20
371.5
  0
LINE
  5
3C6
330
17
100
AcDbEntity
  8
M-SA
100
AcDbLine
 10
1358.1
 20
372.1
 30
0.0
 11
1361.9
 21
375.9
 31
0.0
  0
TEXT
  5
3C7
330
17
100
AcDbEntity
  8
M-SA
100
AcDbText
 10
1360.0
 20
369.25
 30
0.0
 40
1.5
  1
VCD-S09
 72
1
 11
1360.0
 21
369.25
 31
0.0
100
AcDbText
  0
LWPOLYLINE
  5
3C8
330
17
100
AcDbEntity
  8
M-SA
100
AcDbPolyline
 90
4
 70
1
 10
1357.5
 20
346.5
 10
1362.5
 20
346.5
 10
1362.5
 20
341.5
 10
1357.5
 20
341.5
  0
LINE
  5
3C9
330
17
100
AcDbEntity
  8
M-SA
100
AcDbLine
 10
1358.1
 20
342.1
 30
0.0
 11
1361.9
 21
345.9
 31
0.0
  0
LWPOLYLINE
  5
3CA
330
17
100
AcDbEntity
  8
M-SA
100
AcDbPolyline
 90
4
 70
1
 10
1358.5
 20
349.25
 10
1361.5
 20
349.25
 10
1361.5
 20
347.0
 10
1358.5
 20
347.0
  0
TEXT
  5
3CB
330
17
100
AcDbEntity
  8
M-SA
100
AcDbText
 10
1360.0
 20
347.45
 30
0.0
 40
1.4000000000000001
  1
M
 72
1
 11
1360.0
 21
347.45
 31
0.0
100
AcDbText
  0
TEXT
  5
3CC
330
17
100
AcDbEntity
  8
M-PENDING
100
AcDbText
 10
1360.0
 20
342.9
 30
0.0
 40
1.9
  1
F
 72
1
 11
1360.0
 21
342.9
 31
0.0
100
AcDbText
  0
TEXT
  5
3CD
330
17
100
AcDbEntity
  8
M-SA
100
AcDbText
 10
1360.0
 20
339.25
 30
0.0
 40
1.5
  1
FSD-S09*
 72
1
 11
1360.0
 21
339.25
 31
0.0
100
AcDbText
  0
LWPOLYLINE
  5
3CE
330
17
100
AcDbEntity
  8
M-SA
100
AcDbPolyline
 90
4
 70
1
 10
1356.0
 20
268.0
 10
1364.0
 20
268.0
 10
1364.0
 20
260.0
 10
1356.0
 20
260.0
  0
LINE
  5
3CF
330
17
100
AcDbEntity
  8
M-SA
100
AcDbLine
 10
1356.0
 20
268.0
 30
0.0
 11
1364.0
 21
260.0
 31
0.0
  0
LINE
  5
3D0
330
17
100
AcDbEntity
  8
M-SA
100
AcDbLine
 10
1356.0
 20
260.0
 30
0.0
 11
1364.0
 21
268.0
 31
0.0
  0
TEXT
  5
3D1
330
17
100
AcDbEntity
  8
M-SA
100
AcDbText
 10
1351.0
 20
246.0
 30
0.0
 40
2.2
  1
2 x 23.10 L/s
 11
1351.0
 21
246.0
 31
0.0
100
AcDbText
  0
TEXT
  5
3D2
330
17
100
AcDbEntity
  8
M-SA
100
AcDbText
 10
1351.0
 20
237.0
 30
0.0
 40
2.5
  1
SA 46.20
 11
1351.0
 21
237.0
 31
0.0
100
AcDbText
  0
TEXT
  5
3D3
330
17
100
AcDbEntity
  8
M-SA
100
AcDbText
 10
1351.0
 20
228.0
 30
0.0
 40
2.1
  1
200x150 / D150
 11
1351.0
 21
228.0
 31
0.0
100
AcDbText
  0
LWPOLYLINE
  5
3D4
330
17
100
AcDbEntity
  8
M-EA
100
AcDbPolyline
 90
4
 70
1
 10
1395.0
 20
267.0
 10
1403.0
 20
267.0
 10
1403.0
 20
259.0
 10
1395.0
 20
259.0
  0
LINE
  5
3D5
330
17
100
AcDbEntity
  8
M-EA
100
AcDbLine
 10
1395.8
 20
265.4
 30
0.0
 11
1402.2
 21
265.4
 31
0.0
  0
LINE
  5
3D6
330
17
100
AcDbEntity
  8
M-EA
100
AcDbLine
 10
1395.8
 20
263.0
 30
0.0
 11
1402.2
 21
263.0
 31
0.0
  0
LINE
  5
3D7
330
17
100
AcDbEntity
  8
M-EA
100
AcDbLine
 10
1395.8
 20
260.6
 30
0.0
 11
1402.2
 21
260.6
 31
0.0
  0
LINE
  5
3D8
330
17
100
AcDbEntity
  8
M-EA
100
AcDbLine
 10
1399.0
 20
259.0
 30
0.0
 11
1399.0
 21
201.0
 31
0.0
  0
LWPOLYLINE
  5
3D9
330
17
100
AcDbEntity
  8
M-EA
100
AcDbPolyline
 90
3
 70
1
 10
1399.0
 20
201.0
 10
1400.125
 20
203.5
 10
1397.875
 20
203.5
  0
TEXT
  5
3DA
330
17
100
AcDbEntity
  8
M-EA
100
AcDbText
 10
1351.0
 20
214.0
 30
0.0
 40
2.7
  1
NO RETURN
 11
1351.0
 21
214.0
 31
0.0
100
AcDbText
  0
TEXT
  5
3DB
330
17
100
AcDbEntity
  8
M-EA
100
AcDbText
 10
1351.0
 20
204.0
 30
0.0
 40
2.2
  1
EA SEE S-003
 11
1351.0
 21
204.0
 31
0.0
100
AcDbText
  0
CIRCLE
  5
3DC
330
17
100
AcDbEntity
  8
M-INST
100
AcDbCircle
 10
1359.0
 20
162.0
 30
0.0
 40
3.7
  0
TEXT
  5
3DD
330
17
100
AcDbEntity
  8
M-INST
100
AcDbText
 10
1359.0
 20
160.89
 30
0.0
 40
1.6280000000000001
  1
TT
 72
1
 11
1359.0
 21
160.89
 31
0.0
100
AcDbText
  0
TEXT
  5
3DE
330
17
100
AcDbEntity
  8
M-INST
100
AcDbText
 10
1359.0
 20
167.7
 30
0.0
 40
1.6280000000000001
  1
TT-GF-09
 72
1
 11
1359.0
 21
167.7
 31
0.0
100
AcDbText
  0
CIRCLE
  5
3DF
330
17
100
AcDbEntity
  8
M-INST
100
AcDbCircle
 10
1380.0
 20
162.0
 30
0.0
 40
3.7
  0
TEXT
  5
3E0
330
17
100
AcDbEntity
  8
M-INST
100
AcDbText
 10
1380.0
 20
160.89
 30
0.0
 40
1.6280000000000001
  1
RH
 72
1
 11
1380.0
 21
160.89
 31
0.0
100
AcDbText
  0
TEXT
  5
3E1
330
17
100
AcDbEntity
  8
M-INST
100
AcDbText
 10
1380.0
 20
167.7
 30
0.0
 40
1.6280000000000001
  1
RHT-GF-09
 72
1
 11
1380.0
 21
167.7
 31
0.0
100
AcDbText
  0
CIRCLE
  5
3E2
330
17
100
AcDbEntity
  8
M-INST
100
AcDbCircle
 10
1401.0
 20
162.0
 30
0.0
 40
3.7
  0
TEXT
  5
3E3
330
17
100
AcDbEntity
  8
M-INST
100
AcDbText
 10
1401.0
 20
160.89
 30
0.0
 40
1.6280000000000001
  1
DP
 72
1
 11
1401.0
 21
160.89
 31
0.0
100
AcDbText
  0
TEXT
  5
3E4
330
17
100
AcDbEntity
  8
M-INST
100
AcDbText
 10
1401.0
 20
167.7
 30
0.0
 40
1.6280000000000001
  1
DPT-GF-09
 72
1
 11
1401.0
 21
167.7
 31
0.0
100
AcDbText
  0
TEXT
  5
3E5
330
17
100
AcDbEntity
  8
M-INST
100
AcDbText
 10
1381.0
 20
144.0
 30
0.0
 40
2.1
  1
PRESSURE: PENDING
 72
1
 11
1381.0
 21
144.0
 31
0.0
100
AcDbText
  0
LWPOLYLINE
  5
3E6
330
17
100
AcDbEntity
  8
M-DIM
100
AcDbPolyline
 90
4
 70
1
 10
1418.0
 20
426.0
 10
1484.0
 20
426.0
 10
1484.0
 20
192.0
 10
1418.0
 20
192.0
  0
TEXT
  5
3E7
330
17
100
AcDbEntity
  8
M-INK
100
AcDbText
 10
1421.0
 20
415.0
 30
0.0
 40
2.6
  1
GF-03 Kitchen / kitchenette
 11
1421.0
 21
415.0
 31
0.0
100
AcDbText
  0
TEXT
  5
3E8
330
17
100
AcDbEntity
  8
M-INST
100
AcDbText
 10
1451.0
 20
395.0
 30
0.0
 40
2.6
  1
TARGET +25 Pa
 72
1
 11
1451.0
 21
395.0
 31
0.0
100
AcDbText
  0
LINE
  5
3E9
330
17
100
AcDbEntity
  8
M-SA
100
AcDbLine
 10
1430.0
 20
512.0
 30
0.0
 11
1430.0
 21
263.0
 31
0.0
  0
LWPOLYLINE
  5
3EA
330
17
100
AcDbEntity
  8
M-SA
100
AcDbPolyline
 90
4
 70
1
 10
1427.5
 20
376.5
 10
1432.5
 20
376.5
 10
1432.5
 20
371.5
 10
1427.5
 20
371.5
  0
LINE
  5
3EB
330
17
100
AcDbEntity
  8
M-SA
100
AcDbLine
 10
1428.1
 20
372.1
 30
0.0
 11
1431.9
 21
375.9
 31
0.0
  0
TEXT
  5
3EC
330
17
100
AcDbEntity
  8
M-SA
100
AcDbText
 10
1430.0
 20
369.25
 30
0.0
 40
1.5
  1
VCD-S03
 72
1
 11
1430.0
 21
369.25
 31
0.0
100
AcDbText
  0
LWPOLYLINE
  5
3ED
330
17
100
AcDbEntity
  8
M-SA
100
AcDbPolyline
 90
4
 70
1
 10
1427.5
 20
346.5
 10
1432.5
 20
346.5
 10
1432.5
 20
341.5
 10
1427.5
 20
341.5
  0
LINE
  5
3EE
330
17
100
AcDbEntity
  8
M-SA
100
AcDbLine
 10
1428.1
 20
342.1
 30
0.0
 11
1431.9
 21
345.9
 31
0.0
  0
LWPOLYLINE
  5
3EF
330
17
100
AcDbEntity
  8
M-SA
100
AcDbPolyline
 90
4
 70
1
 10
1428.5
 20
349.25
 10
1431.5
 20
349.25
 10
1431.5
 20
347.0
 10
1428.5
 20
347.0
  0
TEXT
  5
3F0
330
17
100
AcDbEntity
  8
M-SA
100
AcDbText
 10
1430.0
 20
347.45
 30
0.0
 40
1.4000000000000001
  1
M
 72
1
 11
1430.0
 21
347.45
 31
0.0
100
AcDbText
  0
TEXT
  5
3F1
330
17
100
AcDbEntity
  8
M-PENDING
100
AcDbText
 10
1430.0
 20
342.9
 30
0.0
 40
1.9
  1
F
 72
1
 11
1430.0
 21
342.9
 31
0.0
100
AcDbText
  0
TEXT
  5
3F2
330
17
100
AcDbEntity
  8
M-SA
100
AcDbText
 10
1430.0
 20
339.25
 30
0.0
 40
1.5
  1
FSD-S03*
 72
1
 11
1430.0
 21
339.25
 31
0.0
100
AcDbText
  0
LWPOLYLINE
  5
3F3
330
17
100
AcDbEntity
  8
M-SA
100
AcDbPolyline
 90
4
 70
1
 10
1425.0
 20
315.0
 10
1435.0
 20
315.0
 10
1435.0
 20
298.0
 10
1425.0
 20
298.0
  0
LINE
  5
3F4
330
17
100
AcDbEntity
  8
M-EA
100
AcDbLine
 10
1427.0
 20
312.45
 30
0.0
 11
1427.857142857143
 21
301.4
 31
0.0
  0
LINE
  5
3F5
330
17
100
AcDbEntity
  8
M-EA
100
AcDbLine
 10
1427.857142857143
 20
301.4
 30
0.0
 11
1428.7142857142858
 21
312.45
 31
0.0
  0
LINE
  5
3F6
330
17
100
AcDbEntity
  8
M-EA
100
AcDbLine
 10
1428.7142857142858
 20
312.45
 30
0.0
 11
1429.5714285714284
 21
301.4
 31
0.0
  0
LINE
  5
3F7
330
17
100
AcDbEntity
  8
M-EA
100
AcDbLine
 10
1429.5714285714284
 20
301.4
 30
0.0
 11
1430.4285714285716
 21
312.45
 31
0.0
  0
LINE
  5
3F8
330
17
100
AcDbEntity
  8
M-EA
100
AcDbLine
 10
1430.4285714285716
 20
312.45
 30
0.0
 11
1431.2857142857142
 21
301.4
 31
0.0
  0
LINE
  5
3F9
330
17
100
AcDbEntity
  8
M-EA
100
AcDbLine
 10
1431.2857142857142
 20
301.4
 30
0.0
 11
1432.142857142857
 21
312.45
 31
0.0
  0
LINE
  5
3FA
330
17
100
AcDbEntity
  8
M-EA
100
AcDbLine
 10
1432.142857142857
 20
312.45
 30
0.0
 11
1433.0
 21
301.4
 31
0.0
  0
TEXT
  5
3FB
330
17
100
AcDbEntity
  8
M-EA
100
AcDbText
 10
1430.0
 20
293.0
 30
0.0
 40
2.4
  1
EH-03
 72
1
 11
1430.0
 21
293.0
 31
0.0
100
AcDbText
  0
CIRCLE
  5
3FC
330
17
100
AcDbEntity
  8
M-INST
100
AcDbCircle
 10
1444.0
 20
308.0
 30
0.0
 40
2.8
  0
TEXT
  5
3FD
330
17
100
AcDbEntity
  8
M-INST
100
AcDbText
 10
1444.0
 20
307.16
 30
0.0
 40
1.232
  1
HH
 72
1
 11
1444.0
 21
307.16
 31
0.0
100
AcDbText
  0
TEXT
  5
3FE
330
17
100
AcDbEntity
  8
M-INST
100
AcDbText
 10
1444.0
 20
312.8
 30
0.0
 40
1.232
  1
TSHH-EH-03
 72
1
 11
1444.0
 21
312.8
 31
0.0
100
AcDbText
  0
LINE
  5
3FF
330
17
100
AcDbEntity
  8
M-INST
100
AcDbLine
 10
1435.0
 20
307.0
 30
0.0
 11
1441.2
 21
308.0
 31
0.0
  0
CIRCLE
  5
400
330
17
100
AcDbEntity
  8
M-INST
100
AcDbCircle
 10
1444.0
 20
284.0
 30
0.0
 40
2.8
  0
TEXT
  5
401
330
17
100
AcDbEntity
  8
M-INST
100
AcDbText
 10
1444.0
 20
283.16
 30
0.0
 40
1.232
  1
AF
 72
1
 11
1444.0
 21
283.16
 31
0.0
100
AcDbText
  0
TEXT
  5
402
330
17
100
AcDbEntity
  8
M-INST
100
AcDbText
 10
1444.0
 20
288.8
 30
0.0
 40
1.232
  1
AFS-EH-03
 72
1
 11
1444.0
 21
288.8
 31
0.0
100
AcDbText
  0
LINE
  5
403
330
17
100
AcDbEntity
  8
M-INST
100
AcDbLine
 10
1430.0
 20
290.0
 30
0.0
 11
1441.2
 21
284.0
 31
0.0
  0
LWPOLYLINE
  5
404
330
17
100
AcDbEntity
  8
M-SA
100
AcDbPolyline
 90
4
 70
1
 10
1426.0
 20
268.0
 10
1434.0
 20
268.0
 10
1434.0
 20
260.0
 10
1426.0
 20
260.0
  0
LINE
  5
405
330
17
100
AcDbEntity
  8
M-SA
100
AcDbLine
 10
1426.0
 20
268.0
 30
0.0
 11
1434.0
 21
260.0
 31
0.0
  0
LINE
  5
406
330
17
100
AcDbEntity
  8
M-SA
100
AcDbLine
 10
1426.0
 20
260.0
 30
0.0
 11
1434.0
 21
268.0
 31
0.0
  0
TEXT
  5
407
330
17
100
AcDbEntity
  8
M-SA
100
AcDbText
 10
1421.0
 20
246.0
 30
0.0
 40
2.2
  1
1 x 147.60 L/s
 11
1421.0
 21
246.0
 31
0.0
100
AcDbText
  0
TEXT
  5
408
330
17
100
AcDbEntity
  8
M-SA
100
AcDbText
 10
1421.0
 20
237.0
 30
0.0
 40
2.5
  1
SA 147.60
 11
1421.0
 21
237.0
 31
0.0
100
AcDbText
  0
TEXT
  5
409
330
17
100
AcDbEntity
  8
M-SA
100
AcDbText
 10
1421.0
 20
228.0
 30
0.0
 40
2.1
  1
300x200 / D325
 11
1421.0
 21
228.0
 31
0.0
100
AcDbText
  0
LWPOLYLINE
  5
40A
330
17
100
AcDbEntity
  8
M-EA
100
AcDbPolyline
 90
4
 70
1
 10
1465.0
 20
267.0
 10
1473.0
 20
267.0
 10
1473.0
 20
259.0
 10
1465.0
 20
259.0
  0
LINE
  5
40B
330
17
100
AcDbEntity
  8
M-EA
100
AcDbLine
 10
1465.8
 20
265.4
 30
0.0
 11
1472.2
 21
265.4
 31
0.0
  0
LINE
  5
40C
330
17
100
AcDbEntity
  8
M-EA
100
AcDbLine
 10
1465.8
 20
263.0
 30
0.0
 11
1472.2
 21
263.0
 31
0.0
  0
LINE
  5
40D
330
17
100
AcDbEntity
  8
M-EA
100
AcDbLine
 10
1465.8
 20
260.6
 30
0.0
 11
1472.2
 21
260.6
 31
0.0
  0
LINE
  5
40E
330
17
100
AcDbEntity
  8
M-EA
100
AcDbLine
 10
1469.0
 20
259.0
 30
0.0
 11
1469.0
 21
201.0
 31
0.0
  0
LWPOLYLINE
  5
40F
330
17
100
AcDbEntity
  8
M-EA
100
AcDbPolyline
 90
3
 70
1
 10
1469.0
 20
201.0
 10
1470.125
 20
203.5
 10
1467.875
 20
203.5
  0
TEXT
  5
410
330
17
100
AcDbEntity
  8
M-EA
100
AcDbText
 10
1421.0
 20
214.0
 30
0.0
 40
2.7
  1
NO RETURN
 11
1421.0
 21
214.0
 31
0.0
100
AcDbText
  0
TEXT
  5
411
330
17
100
AcDbEntity
  8
M-EA
100
AcDbText
 10
1421.0
 20
204.0
 30
0.0
 40
2.2
  1
EA SEE S-003
 11
1421.0
 21
204.0
 31
0.0
100
AcDbText
  0
CIRCLE
  5
412
330
17
100
AcDbEntity
  8
M-INST
100
AcDbCircle
 10
1429.0
 20
162.0
 30
0.0
 40
3.7
  0
TEXT
  5
413
330
17
100
AcDbEntity
  8
M-INST
100
AcDbText
 10
1429.0
 20
160.89
 30
0.0
 40
1.6280000000000001
  1
TT
 72
1
 11
1429.0
 21
160.89
 31
0.0
100
AcDbText
  0
TEXT
  5
414
330
17
100
AcDbEntity
  8
M-INST
100
AcDbText
 10
1429.0
 20
167.7
 30
0.0
 40
1.6280000000000001
  1
TT-GF-03
 72
1
 11
1429.0
 21
167.7
 31
0.0
100
AcDbText
  0
CIRCLE
  5
415
330
17
100
AcDbEntity
  8
M-INST
100
AcDbCircle
 10
1450.0
 20
162.0
 30
0.0
 40
3.7
  0
TEXT
  5
416
330
17
100
AcDbEntity
  8
M-INST
100
AcDbText
 10
1450.0
 20
160.89
 30
0.0
 40
1.6280000000000001
  1
RH
 72
1
 11
1450.0
 21
160.89
 31
0.0
100
AcDbText
  0
TEXT
  5
417
330
17
100
AcDbEntity
  8
M-INST
100
AcDbText
 10
1450.0
 20
167.7
 30
0.0
 40
1.6280000000000001
  1
RHT-GF-03
 72
1
 11
1450.0
 21
167.7
 31
0.0
100
AcDbText
  0
CIRCLE
  5
418
330
17
100
AcDbEntity
  8
M-INST
100
AcDbCircle
 10
1471.0
 20
162.0
 30
0.0
 40
3.7
  0
TEXT
  5
419
330
17
100
AcDbEntity
  8
M-INST
100
AcDbText
 10
1471.0
 20
160.89
 30
0.0
 40
1.6280000000000001
  1
DP
 72
1
 11
1471.0
 21
160.89
 31
0.0
100
AcDbText
  0
TEXT
  5
41A
330
17
100
AcDbEntity
  8
M-INST
100
AcDbText
 10
1471.0
 20
167.7
 30
0.0
 40
1.6280000000000001
  1
DPT-GF-03
 72
1
 11
1471.0
 21
167.7
 31
0.0
100
AcDbText
  0
TEXT
  5
41B
330
17
100
AcDbEntity
  8
M-INST
100
AcDbText
 10
1451.0
 20
144.0
 30
0.0
 40
2.1
  1
PRESSURE: PENDING
 72
1
 11
1451.0
 21
144.0
 31
0.0
100
AcDbText
  0
LWPOLYLINE
  5
41C
330
17
100
AcDbEntity
  8
M-DIM
100
AcDbPolyline
 90
4
 70
1
 10
1488.0
 20
426.0
 10
1554.0
 20
426.0
 10
1554.0
 20
192.0
 10
1488.0
 20
192.0
  0
TEXT
  5
41D
330
17
100
AcDbEntity
  8
M-INK
100
AcDbText
 10
1491.0
 20
415.0
 30
0.0
 40
2.6
  1
GF-01 Clean-agent cylinder room
 11
1491.0
 21
415.0
 31
0.0
100
AcDbText
  0
TEXT
  5
41E
330
17
100
AcDbEntity
  8
M-INST
100
AcDbText
 10
1521.0
 20
395.0
 30
0.0
 40
2.6
  1
TARGET +25 Pa
 72
1
 11
1521.0
 21
395.0
 31
0.0
100
AcDbText
  0
LINE
  5
41F
330
17
100
AcDbEntity
  8
M-SA
100
AcDbLine
 10
1500.0
 20
512.0
 30
0.0
 11
1500.0
 21
263.0
 31
0.0
  0
LWPOLYLINE
  5
420
330
17
100
AcDbEntity
  8
M-SA
100
AcDbPolyline
 90
4
 70
1
 10
1497.5
 20
376.5
 10
1502.5
 20
376.5
 10
1502.5
 20
371.5
 10
1497.5
 20
371.5
  0
LINE
  5
421
330
17
100
AcDbEntity
  8
M-SA
100
AcDbLine
 10
1498.1
 20
372.1
 30
0.0
 11
1501.9
 21
375.9
 31
0.0
  0
TEXT
  5
422
330
17
100
AcDbEntity
  8
M-SA
100
AcDbText
 10
1500.0
 20
369.25
 30
0.0
 40
1.5
  1
VCD-S01
 72
1
 11
1500.0
 21
369.25
 31
0.0
100
AcDbText
  0
LWPOLYLINE
  5
423
330
17
100
AcDbEntity
  8
M-SA
100
AcDbPolyline
 90
4
 70
1
 10
1497.5
 20
346.5
 10
1502.5
 20
346.5
 10
1502.5
 20
341.5
 10
1497.5
 20
341.5
  0
LINE
  5
424
330
17
100
AcDbEntity
  8
M-SA
100
AcDbLine
 10
1498.1
 20
342.1
 30
0.0
 11
1501.9
 21
345.9
 31
0.0
  0
LWPOLYLINE
  5
425
330
17
100
AcDbEntity
  8
M-SA
100
AcDbPolyline
 90
4
 70
1
 10
1498.5
 20
349.25
 10
1501.5
 20
349.25
 10
1501.5
 20
347.0
 10
1498.5
 20
347.0
  0
TEXT
  5
426
330
17
100
AcDbEntity
  8
M-SA
100
AcDbText
 10
1500.0
 20
347.45
 30
0.0
 40
1.4000000000000001
  1
M
 72
1
 11
1500.0
 21
347.45
 31
0.0
100
AcDbText
  0
TEXT
  5
427
330
17
100
AcDbEntity
  8
M-PENDING
100
AcDbText
 10
1500.0
 20
342.9
 30
0.0
 40
1.9
  1
F
 72
1
 11
1500.0
 21
342.9
 31
0.0
100
AcDbText
  0
TEXT
  5
428
330
17
100
AcDbEntity
  8
M-SA
100
AcDbText
 10
1500.0
 20
339.25
 30
0.0
 40
1.5
  1
FSD-S01*
 72
1
 11
1500.0
 21
339.25
 31
0.0
100
AcDbText
  0
LWPOLYLINE
  5
429
330
17
100
AcDbEntity
  8
M-SA
100
AcDbPolyline
 90
4
 70
1
 10
1496.0
 20
268.0
 10
1504.0
 20
268.0
 10
1504.0
 20
260.0
 10
1496.0
 20
260.0
  0
LINE
  5
42A
330
17
100
AcDbEntity
  8
M-SA
100
AcDbLine
 10
1496.0
 20
268.0
 30
0.0
 11
1504.0
 21
260.0
 31
0.0
  0
LINE
  5
42B
330
17
100
AcDbEntity
  8
M-SA
100
AcDbLine
 10
1496.0
 20
260.0
 30
0.0
 11
1504.0
 21
268.0
 31
0.0
  0
TEXT
  5
42C
330
17
100
AcDbEntity
  8
M-SA
100
AcDbText
 10
1491.0
 20
246.0
 30
0.0
 40
2.2
  1
1 x 141.30 L/s
 11
1491.0
 21
246.0
 31
0.0
100
AcDbText
  0
TEXT
  5
42D
330
17
100
AcDbEntity
  8
M-SA
100
AcDbText
 10
1491.0
 20
237.0
 30
0.0
 40
2.5
  1
SA 141.30
 11
1491.0
 21
237.0
 31
0.0
100
AcDbText
  0
TEXT
  5
42E
330
17
100
AcDbEntity
  8
M-SA
100
AcDbText
 10
1491.0
 20
228.0
 30
0.0
 40
2.1
  1
300x200 / D300
 11
1491.0
 21
228.0
 31
0.0
100
AcDbText
  0
LWPOLYLINE
  5
42F
330
17
100
AcDbEntity
  8
M-EA
100
AcDbPolyline
 90
4
 70
1
 10
1535.0
 20
267.0
 10
1543.0
 20
267.0
 10
1543.0
 20
259.0
 10
1535.0
 20
259.0
  0
LINE
  5
430
330
17
100
AcDbEntity
  8
M-EA
100
AcDbLine
 10
1535.8
 20
265.4
 30
0.0
 11
1542.2
 21
265.4
 31
0.0
  0
LINE
  5
431
330
17
100
AcDbEntity
  8
M-EA
100
AcDbLine
 10
1535.8
 20
263.0
 30
0.0
 11
1542.2
 21
263.0
 31
0.0
  0
LINE
  5
432
330
17
100
AcDbEntity
  8
M-EA
100
AcDbLine
 10
1535.8
 20
260.6
 30
0.0
 11
1542.2
 21
260.6
 31
0.0
  0
LINE
  5
433
330
17
100
AcDbEntity
  8
M-EA
100
AcDbLine
 10
1539.0
 20
259.0
 30
0.0
 11
1539.0
 21
201.0
 31
0.0
  0
LWPOLYLINE
  5
434
330
17
100
AcDbEntity
  8
M-EA
100
AcDbPolyline
 90
3
 70
1
 10
1539.0
 20
201.0
 10
1540.125
 20
203.5
 10
1537.875
 20
203.5
  0
TEXT
  5
435
330
17
100
AcDbEntity
  8
M-EA
100
AcDbText
 10
1491.0
 20
214.0
 30
0.0
 40
2.7
  1
NO RETURN
 11
1491.0
 21
214.0
 31
0.0
100
AcDbText
  0
TEXT
  5
436
330
17
100
AcDbEntity
  8
M-EA
100
AcDbText
 10
1491.0
 20
204.0
 30
0.0
 40
2.2
  1
EA SEE S-003
 11
1491.0
 21
204.0
 31
0.0
100
AcDbText
  0
CIRCLE
  5
437
330
17
100
AcDbEntity
  8
M-INST
100
AcDbCircle
 10
1499.0
 20
162.0
 30
0.0
 40
3.7
  0
TEXT
  5
438
330
17
100
AcDbEntity
  8
M-INST
100
AcDbText
 10
1499.0
 20
160.89
 30
0.0
 40
1.6280000000000001
  1
TT
 72
1
 11
1499.0
 21
160.89
 31
0.0
100
AcDbText
  0
TEXT
  5
439
330
17
100
AcDbEntity
  8
M-INST
100
AcDbText
 10
1499.0
 20
167.7
 30
0.0
 40
1.6280000000000001
  1
TT-GF-01
 72
1
 11
1499.0
 21
167.7
 31
0.0
100
AcDbText
  0
CIRCLE
  5
43A
330
17
100
AcDbEntity
  8
M-INST
100
AcDbCircle
 10
1520.0
 20
162.0
 30
0.0
 40
3.7
  0
TEXT
  5
43B
330
17
100
AcDbEntity
  8
M-INST
100
AcDbText
 10
1520.0
 20
160.89
 30
0.0
 40
1.6280000000000001
  1
RH
 72
1
 11
1520.0
 21
160.89
 31
0.0
100
AcDbText
  0
TEXT
  5
43C
330
17
100
AcDbEntity
  8
M-INST
100
AcDbText
 10
1520.0
 20
167.7
 30
0.0
 40
1.6280000000000001
  1
RHT-GF-01
 72
1
 11
1520.0
 21
167.7
 31
0.0
100
AcDbText
  0
CIRCLE
  5
43D
330
17
100
AcDbEntity
  8
M-INST
100
AcDbCircle
 10
1541.0
 20
162.0
 30
0.0
 40
3.7
  0
TEXT
  5
43E
330
17
100
AcDbEntity
  8
M-INST
100
AcDbText
 10
1541.0
 20
160.89
 30
0.0
 40
1.6280000000000001
  1
DP
 72
1
 11
1541.0
 21
160.89
 31
0.0
100
AcDbText
  0
TEXT
  5
43F
330
17
100
AcDbEntity
  8
M-INST
100
AcDbText
 10
1541.0
 20
167.7
 30
0.0
 40
1.6280000000000001
  1
DPT-GF-01
 72
1
 11
1541.0
 21
167.7
 31
0.0
100
AcDbText
  0
TEXT
  5
440
330
17
100
AcDbEntity
  8
M-INST
100
AcDbText
 10
1521.0
 20
144.0
 30
0.0
 40
2.1
  1
PRESSURE: PENDING
 72
1
 11
1521.0
 21
144.0
 31
0.0
100
AcDbText
  0
TEXT
  5
441
330
17
100
AcDbEntity
  8
M-INK
100
AcDbText
 10
930.0
 20
128.0
 30
0.0
 40
3.0
  1
DAMPERS / TERMINALS
 11
930.0
 21
128.0
 31
0.0
100
AcDbText
  0
TEXT
  5
442
330
17
100
AcDbEntity
  8
M-INK
100
AcDbText
 10
930.0
 20
117.0
 30
0.0
 40
2.6
  1
Supply diffusers and return grilles: integral OBD, tagged neck, face, flow, plenum, test point and access. Drawn room branch paths have VCD; return pressure-control damper RCD is additional. Main and each room temperature / humidity / pressure values report to HPCP-01. Pressure sensor reference is outdoors, not the adjacent room.
 11
930.0
 21
117.0
 31
0.0
100
AcDbText
  0
TEXT
  5
443
330
17
100
AcDbEntity
  8
M-INK
100
AcDbText
 10
930.0
 20
88.0
 30
0.0
 40
3.0
  1
ROOM AIRFLOW BALANCE
 11
930.0
 21
88.0
 31
0.0
100
AcDbText
  0
TEXT
  5
444
330
17
100
AcDbEntity
  8
M-INK
100
AcDbText
 10
930.0
 20
77.0
 30
0.0
 40
2.6
  1
For the six +50 Pa return rooms, supply - return = 59.34 L/s as a NET outward allowance. It includes the net effect of transfer, relief and envelope outflow; it is not an additional HAP duct loss. Allocate actual paths before pressure verification. +25 Pa extract rooms must meet both minimum ACH and the full room / transfer balance.
 11
930.0
 21
77.0
 31
0.0
100
AcDbText
  0
TEXT
  5
445
330
17
100
AcDbEntity
  8
M-PENDING
100
AcDbText
 10
930.0
 20
42.0
 30
0.0
 40
2.7
  1
SA = cooled mixed PAU air. Delivered room outdoor air must be checked separately from total supply / extract ACH.
 11
930.0
 21
42.0
 31
0.0
100
AcDbText
  0
LWPOLYLINE
  5
44C
330
17
100
AcDbEntity
  8
M-INK
100
AcDbPolyline
 90
4
 70
1
 10
1810.0
 20
584.0
 10
2631.0
 20
584.0
 10
2631.0
 20
10.0
 10
1810.0
 20
10.0
  0
LINE
  5
44D
330
17
100
AcDbEntity
  8
M-INK
100
AcDbLine
 10
2475.0
 20
584.0
 30
0.0
 11
2475.0
 21
10.0
 31
0.0
  0
TEXT
  5
44E
330
17
100
AcDbEntity
  8
M-INK
100
AcDbText
 10
1818.0
 20
571.0
 30
0.0
 40
4.2
  1
ADMINISTRATION HVAC - DEDICATED EXTRACTS AND CABLE BASEMENT
 11
1818.0
 21
571.0
 31
0.0
100
AcDbText
  0
LINE
  5
44F
330
17
100
AcDbEntity
  8
M-INK
100
AcDbLine
 10
1818.0
 20
565.0
 30
0.0
 11
2465.0
 21
565.0
 31
0.0
  0
TEXT
  5
450
330
17
100
AcDbEntity
  8
M-INK
100
AcDbText
 10
2483.0
 20
571.0
 30
0.0
 40
3.0
  1
GENERAL NOTES / DESIGN HOLDS
 11
2483.0
 21
571.0
 31
0.0
100
AcDbText
  0
TEXT
  5
451
330
17
100
AcDbEntity
  8
M-INK
100
AcDbText
 10
2483.0
 20
560.0
 30
0.0
 40
2.5
  1
1. All duct sizes are clear internal W x H in mm; round sizes are diameters. Add approved insulation outside
 11
2483.0
 21
560.0
 31
0.0
100
AcDbText
  0
TEXT
  5
452
330
17
100
AcDbEntity
  8
M-INK
100
AcDbText
 10
2483.0
 20
556.375
 30
0.0
 40
2.5
  1
these dimensions.
 11
2483.0
 21
556.375
 31
0.0
100
AcDbText
  0
TEXT
  5
453
330
17
100
AcDbEntity
  8
M-INK
100
AcDbText
 10
2483.0
 20
548.75
 30
0.0
 40
2.5
  1
2. HAP reference supply 3697.80 L/s. Assumed return 3006.68 L/s. Final IAQ, outdoor air, revised thermal loads
 11
2483.0
 21
548.75
 31
0.0
100
AcDbText
  0
TEXT
  5
454
330
17
100
AcDbEntity
  8
M-INK
100
AcDbText
 10
2483.0
 20
545.125
 30
0.0
 40
2.5
  1
and OEM fan pressure remain open.
 11
2483.0
 21
545.125
 31
0.0
100
AcDbText
  0
TEXT
  5
455
330
17
100
AcDbEntity
  8
M-INK
100
AcDbText
 10
2483.0
 20
537.5
 30
0.0
 40
2.5
  1
3. Room targets: +50 Pa normal rooms; +25 Pa kitchen, toilet and clean-agent relative to outdoors. Actual
 11
2483.0
 21
537.5
 31
0.0
100
AcDbText
  0
TEXT
  5
456
330
17
100
AcDbEntity
  8
M-INK
100
AcDbText
 10
2483.0
 20
533.875
 30
0.0
 40
2.5
  1
pressure / outward paths are unverified.
 11
2483.0
 21
533.875
 31
0.0
100
AcDbText
  0
TEXT
  5
457
330
17
100
AcDbEntity
  8
M-INK
100
AcDbText
 10
2483.0
 20
526.25
 30
0.0
 40
2.5
  1
4. Confirmed fire stops the entire HVAC system. Fire ESD restart requires local manual reset; post-fire purge is
 11
2483.0
 21
526.25
 31
0.0
100
AcDbText
  0
TEXT
  5
458
330
17
100
AcDbEntity
  8
M-INK
100
AcDbText
 10
2483.0
 20
522.625
 30
0.0
 40
2.5
  1
a separate approved design.
 11
2483.0
 21
522.625
 31
0.0
100
AcDbText
  0
TEXT
  5
459
330
17
100
AcDbEntity
  8
M-INK
100
AcDbText
 10
2483.0
 20
515.0
 30
0.0
 40
2.5
  1
5. Reference substation drawings guide drafting style only. Project requirements follow the supplied TAQA
 11
2483.0
 21
515.0
 31
0.0
100
AcDbText
  0
TEXT
  5
45A
330
17
100
AcDbEntity
  8
M-INK
100
AcDbText
 10
2483.0
 20
511.375
 30
0.0
 40
2.5
  1
specification and accepted room basis.
 11
2483.0
 21
511.375
 31
0.0
100
AcDbText
  0
TEXT
  5
45B
330
17
100
AcDbEntity
  8
M-INK
100
AcDbText
 10
2483.0
 20
503.75
 30
0.0
 40
2.5
  1
6. Kitchen and toilet: 2 x 100% extract with automatic duty rotation. No central return from these rooms.
 11
2483.0
 21
503.75
 31
0.0
100
AcDbText
  0
TEXT
  5
45C
330
17
100
AcDbEntity
  8
M-INK
100
AcDbText
 10
2483.0
 20
496.125
 30
0.0
 40
2.5
  1
7. Clean-agent: normal 5 ACH minimum; dedicated extract, fan quantity / pickup level / agent suitability TBC.
 11
2483.0
 21
496.125
 31
0.0
100
AcDbText
  0
TEXT
  5
45D
330
17
100
AcDbEntity
  8
M-INK
100
AcDbText
 10
2483.0
 20
488.5
 30
0.0
 40
2.5
  1
8. Basement: separate 2 x 100% supply + 2 x 100% extract; greater of 4 ACH and heat removal. Volume and
 11
2483.0
 21
488.5
 31
0.0
100
AcDbText
  0
TEXT
  5
45E
330
17
100
AcDbEntity
  8
M-INK
100
AcDbText
 10
2483.0
 20
484.875
 30
0.0
 40
2.5
  1
heat load are missing.
 11
2483.0
 21
484.875
 31
0.0
100
AcDbText
  0
LINE
  5
45F
330
17
100
AcDbEntity
  8
M-INK
100
AcDbLine
 10
2475.0
 20
234.0
 30
0.0
 11
2631.0
 21
234.0
 31
0.0
  0
TEXT
  5
460
330
17
100
AcDbEntity
  8
M-PENDING
100
AcDbText
 10
2483.0
 20
221.0
 30
0.0
 40
3.3
  1
FOR COORDINATION - NOT FOR CONSTRUCTION
 11
2483.0
 21
221.0
 31
0.0
100
AcDbText
  0
TEXT
  5
461
330
17
100
AcDbEntity
  8
M-PENDING
100
AcDbText
 10
2483.0
 20
203.0
 30
0.0
 40
2.4
  1
Unconfirmed routes, levels, outdoor air and OEM selections: Insufficient data to verify.
 11
2483.0
 21
203.0
 31
0.0
100
AcDbText
  0
LINE
  5
462
330
17
100
AcDbEntity
  8
M-INK
100
AcDbLine
 10
2475.0
 20
178.0
 30
0.0
 11
2631.0
 21
178.0
 31
0.0
  0
TEXT
  5
463
330
17
100
AcDbEntity
  8
M-DIM
100
AcDbText
 10
2483.0
 20
168.0
 30
0.0
 40
2.1
  1
CLIENT / DESIGN BASIS
 11
2483.0
 21
168.0
 31
0.0
100
AcDbText
  0
TEXT
  5
464
330
17
100
AcDbEntity
  8
M-INK
100
AcDbText
 10
2483.0
 20
159.0
 30
0.0
 40
3.5
  1
TAQA TRANSMISSION
 11
2483.0
 21
159.0
 31
0.0
100
AcDbText
  0
TEXT
  5
465
330
17
100
AcDbEntity
  8
M-INK
100
AcDbText
 10
2483.0
 20
149.0
 30
0.0
 40
2.6
  1
N-19082-RO-012 / Design Standardization for Pumping Stations
 11
2483.0
 21
149.0
 31
0.0
100
AcDbText
  0
LINE
  5
466
330
17
100
AcDbEntity
  8
M-INK
100
AcDbLine
 10
2475.0
 20
125.0
 30
0.0
 11
2631.0
 21
125.0
 31
0.0
  0
TEXT
  5
467
330
17
100
AcDbEntity
  8
M-DIM
100
AcDbText
 10
2483.0
 20
116.0
 30
0.0
 40
2.1
  1
DRAWING TITLE
 11
2483.0
 21
116.0
 31
0.0
100
AcDbText
  0
TEXT
  5
468
330
17
100
AcDbEntity
  8
M-INK
100
AcDbText
 10
2483.0
 20
106.0
 30
0.0
 40
3.2
  1
Administration HVAC - dedicated extracts and cable basement
 11
2483.0
 21
106.0
 31
0.0
100
AcDbText
  0
LINE
  5
469
330
17
100
AcDbEntity
  8
M-INK
100
AcDbLine
 10
2475.0
 20
76.0
 30
0.0
 11
2631.0
 21
76.0
 31
0.0
  0
TEXT
  5
46A
330
17
100
AcDbEntity
  8
M-DIM
100
AcDbText
 10
2483.0
 20
67.0
 30
0.0
 40
2.1
  1
DRAWING NUMBER
 11
2483.0
 21
67.0
 31
0.0
100
AcDbText
  0
TEXT
  5
46B
330
17
100
AcDbEntity
  8
M-INK
100
AcDbText
 10
2483.0
 20
57.0
 30
0.0
 40
3.5
  1
ADM-HVAC-S-003
 11
2483.0
 21
57.0
 31
0.0
100
AcDbText
  0
LINE
  5
46C
330
17
100
AcDbEntity
  8
M-INK
100
AcDbLine
 10
2475.0
 20
51.0
 30
0.0
 11
2631.0
 21
51.0
 31
0.0
  0
LINE
  5
46D
330
17
100
AcDbEntity
  8
M-INK
100
AcDbLine
 10
2475.0
 20
34.0
 30
0.0
 11
2631.0
 21
34.0
 31
0.0
  0
LINE
  5
46E
330
17
100
AcDbEntity
  8
M-INK
100
AcDbLine
 10
2475.0
 20
20.0
 30
0.0
 11
2631.0
 21
20.0
 31
0.0
  0
TEXT
  5
46F
330
17
100
AcDbEntity
  8
M-INK
100
AcDbText
 10
2483.0
 20
43.0
 30
0.0
 40
2.5
  1
REV 09   |   07 Oct 2026   |   3/4
 11
2483.0
 21
43.0
 31
0.0
100
AcDbText
  0
TEXT
  5
470
330
17
100
AcDbEntity
  8
M-INK
100
AcDbText
 10
2483.0
 20
26.0
 30
0.0
 40
2.4
  1
SCALE NTS   |   A1 / mm / L/s / Pa
 11
2483.0
 21
26.0
 31
0.0
100
AcDbText
  0
TEXT
  5
471
330
17
100
AcDbEntity
  8
M-DIM
100
AcDbText
 10
2483.0
 20
13.0
 30
0.0
 40
2.1
  1
Prepared: draft   Checked / approved: pending
 11
2483.0
 21
13.0
 31
0.0
100
AcDbText
  0
TEXT
  5
472
330
17
100
AcDbEntity
  8
M-DIM
100
AcDbText
 10
1818.0
 20
15.0
 30
0.0
 40
2.2
  1
SOURCE: HAP / ADMIN ARCHITECTURE / C-H-SS-001 Rev0. All new equipment and instrument tags are proposed.
 11
1818.0
 21
15.0
 31
0.0
100
AcDbText
  0
TEXT
  5
473
330
17
100
AcDbEntity
  8
M-INK
100
AcDbText
 10
1827.0
 20
546.0
 30
0.0
 40
3.1
  1
GF-03 KITCHEN / KITCHENETTE
 11
1827.0
 21
546.0
 31
0.0
100
AcDbText
  0
LWPOLYLINE
  5
474
330
17
100
AcDbEntity
  8
M-DIM
100
AcDbPolyline
 90
4
 70
1
 10
1827.0
 20
526.0
 10
2018.0
 20
526.0
 10
2018.0
 20
473.0
 10
1827.0
 20
473.0
  0
LINE
  5
475
330
17
100
AcDbEntity
  8
M-SA
100
AcDbLine
 10
1835.0
 20
513.0
 30
0.0
 11
1863.0
 21
513.0
 31
0.0
  0
LWPOLYLINE
  5
476
330
17
100
AcDbEntity
  8
M-SA
100
AcDbPolyline
 90
3
 70
1
 10
1863.0
 20
513.0
 10
1860.5
 20
514.125
 10
1860.5
 20
511.875
  0
TEXT
  5
477
330
17
100
AcDbEntity
  8
M-SA
100
AcDbText
 10
1872.0
 20
512.0
 30
0.0
 40
2.8
  1
PAU SA 147.60 L/s
 11
1872.0
 21
512.0
 31
0.0
100
AcDbText
  0
TEXT
  5
478
330
17
100
AcDbEntity
  8
M-INST
100
AcDbText
 10
1835.0
 20
499.0
 30
0.0
 40
2.6
  1
+25 Pa target / NO RETURN
 11
1835.0
 21
499.0
 31
0.0
100
AcDbText
  0
TEXT
  5
479
330
17
100
AcDbEntity
  8
M-EA
100
AcDbText
 10
1835.0
 20
486.0
 30
0.0
 40
2.5
  1
MIN NORMAL 10 ACH = 67.56 L/s
 11
1835.0
 21
486.0
 31
0.0
100
AcDbText
  0
LWPOLYLINE
  5
47A
330
17
100
AcDbEntity
  8
M-EA
100
AcDbPolyline
 90
4
 70
1
 10
1840.0
 20
455.0
 10
1848.0
 20
455.0
 10
1848.0
 20
447.0
 10
1840.0
 20
447.0
  0
LINE
  5
47B
330
17
100
AcDbEntity
  8
M-EA
100
AcDbLine
 10
1840.8
 20
453.4
 30
0.0
 11
1847.2
 21
453.4
 31
0.0
  0
LINE
  5
47C
330
17
100
AcDbEntity
  8
M-EA
100
AcDbLine
 10
1840.8
 20
451.0
 30
0.0
 11
1847.2
 21
451.0
 31
0.0
  0
LINE
  5
47D
330
17
100
AcDbEntity
  8
M-EA
100
AcDbLine
 10
1840.8
 20
448.6
 30
0.0
 11
1847.2
 21
448.6
 31
0.0
  0
TEXT
  5
47E
330
17
100
AcDbEntity
  8
M-EA
100
AcDbText
 10
1844.0
 20
444.6
 30
0.0
 40
2.08
  1
EG-03
 72
1
 11
1844.0
 21
444.6
 31
0.0
100
AcDbText
  0
LINE
  5
47F
330
17
100
AcDbEntity
  8
M-EA
100
AcDbLine
 10
1844.0
 20
451.0
 30
0.0
 11
1844.0
 21
417.0
 31
0.0
  0
LINE
  5
480
330
17
100
AcDbEntity
  8
M-EA
100
AcDbLine
 10
1844.0
 20
417.0
 30
0.0
 11
1875.0
 21
417.0
 31
0.0
  0
LWPOLYLINE
  5
481
330
17
100
AcDbEntity
  8
M-EA
100
AcDbPolyline
 90
4
 70
1
 10
1861.5
 20
419.5
 10
1866.5
 20
419.5
 10
1866.5
 20
414.5
 10
1861.5
 20
414.5
  0
LINE
  5
482
330
17
100
AcDbEntity
  8
M-EA
100
AcDbLine
 10
1862.1
 20
415.1
 30
0.0
 11
1865.9
 21
418.9
 31
0.0
  0
TEXT
  5
483
330
17
100
AcDbEntity
  8
M-EA
100
AcDbText
 10
1864.0
 20
412.25
 30
0.0
 40
1.5
  1
VCD
 72
1
 11
1864.0
 21
412.25
 31
0.0
100
AcDbText
  0
LWPOLYLINE
  5
484
330
17
100
AcDbEntity
  8
M-EA
100
AcDbPolyline
 90
4
 70
1
 10
1880.0
 20
428.0
 10
1898.0
 20
428.0
 10
1898.0
 20
407.0
 10
1880.0
 20
407.0
  0
LINE
  5
485
330
17
100
AcDbEntity
  8
M-EA
100
AcDbLine
 10
1883.0
 20
422.75
 30
0.0
 11
1895.0
 21
422.75
 31
0.0
  0
LINE
  5
486
330
17
100
AcDbEntity
  8
M-EA
100
AcDbLine
 10
1883.0
 20
417.5
 30
0.0
 11
1895.0
 21
417.5
 31
0.0
  0
LINE
  5
487
330
17
100
AcDbEntity
  8
M-EA
100
AcDbLine
 10
1883.0
 20
412.25
 30
0.0
 11
1895.0
 21
412.25
 31
0.0
  0
TEXT
  5
488
330
17
100
AcDbEntity
  8
M-EA
100
AcDbText
 10
1889.0
 20
402.0
 30
0.0
 40
2.4
  1
EA-SIL-03
 72
1
 11
1889.0
 21
402.0
 31
0.0
100
AcDbText
  0
LINE
  5
489
330
17
100
AcDbEntity
  8
M-EA
100
AcDbLine
 10
1898.0
 20
417.0
 30
0.0
 11
1910.0
 21
417.0
 31
0.0
  0
LINE
  5
48A
330
17
100
AcDbEntity
  8
M-EA
100
AcDbLine
 10
1910.0
 20
417.0
 30
0.0
 11
1910.0
 21
441.0
 31
0.0
  0
LINE
  5
48B
330
17
100
AcDbEntity
  8
M-EA
100
AcDbLine
 10
1910.0
 20
441.0
 30
0.0
 11
1910.0
 21
380.0
 31
0.0
  0
LINE
  5
48C
330
17
100
AcDbEntity
  8
M-EA
100
AcDbLine
 10
1910.0
 20
441.0
 30
0.0
 11
2004.0
 21
441.0
 31
0.0
  0
LWPOLYLINE
  5
48D
330
17
100
AcDbEntity
  8
M-EA
100
AcDbPolyline
 90
3
 70
1
 10
2004.0
 20
441.0
 10
2001.5
 20
442.125
 10
2001.5
 20
439.875
  0
LWPOLYLINE
  5
48E
330
17
100
AcDbEntity
  8
M-EA
100
AcDbPolyline
 90
4
 70
1
 10
1914.5
 20
446.0
 10
1919.5
 20
446.0
 10
1919.5
 20
436.0
 10
1914.5
 20
436.0
  0
LINE
  5
48F
330
17
100
AcDbEntity
  8
M-EA
100
AcDbLine
 10
1915.25
 20
445.0
 30
0.0
 11
1916.25
 21
442.0
 31
0.0
  0
LINE
  5
490
330
17
100
AcDbEntity
  8
M-EA
100
AcDbLine
 10
1916.25
 20
442.0
 30
0.0
 11
1915.25
 21
439.0
 31
0.0
  0
LINE
  5
491
330
17
100
AcDbEntity
  8
M-EA
100
AcDbLine
 10
1915.25
 20
439.0
 30
0.0
 11
1916.25
 21
437.0
 31
0.0
  0
LINE
  5
492
330
17
100
AcDbEntity
  8
M-EA
100
AcDbLine
 10
1916.5
 20
445.0
 30
0.0
 11
1917.5
 21
442.0
 31
0.0
  0
LINE
  5
493
330
17
100
AcDbEntity
  8
M-EA
100
AcDbLine
 10
1917.5
 20
442.0
 30
0.0
 11
1916.5
 21
439.0
 31
0.0
  0
LINE
  5
494
330
17
100
AcDbEntity
  8
M-EA
100
AcDbLine
 10
1916.5
 20
439.0
 30
0.0
 11
1917.5
 21
437.0
 31
0.0
  0
LINE
  5
495
330
17
100
AcDbEntity
  8
M-EA
100
AcDbLine
 10
1917.75
 20
445.0
 30
0.0
 11
1918.75
 21
442.0
 31
0.0
  0
LINE
  5
496
330
17
100
AcDbEntity
  8
M-EA
100
AcDbLine
 10
1918.75
 20
442.0
 30
0.0
 11
1917.75
 21
439.0
 31
0.0
  0
LINE
  5
497
330
17
100
AcDbEntity
  8
M-EA
100
AcDbLine
 10
1917.75
 20
439.0
 30
0.0
 11
1918.75
 21
437.0
 31
0.0
  0
CIRCLE
  5
498
330
17
100
AcDbEntity
  8
M-EA
100
AcDbCircle
 10
1941.0
 20
441.0
 30
0.0
 40
8.0
  0
LINE
  5
499
330
17
100
AcDbEntity
  8
M-EA
100
AcDbLine
 10
1941.0
 20
441.0
 30
0.0
 11
1946.76
 21
441.0
 31
0.0
  0
LINE
  5
49A
330
17
100
AcDbEntity
  8
M-EA
100
AcDbLine
 10
1941.0
 20
441.0
 30
0.0
 11
1938.12
 21
436.01169367420164
 31
0.0
  0
LINE
  5
49B
330
17
100
AcDbEntity
  8
M-EA
100
AcDbLine
 10
1941.0
 20
441.0
 30
0.0
 11
1938.12
 21
445.98830632579836
 31
0.0
  0
TEXT
  5
49C
330
17
100
AcDbEntity
  8
M-EA
100
AcDbText
 10
1941.0
 20
428.0
 30
0.0
 40
2.7
  1
EF-03-01
 72
1
 11
1941.0
 21
428.0
 31
0.0
100
AcDbText
  0
LWPOLYLINE
  5
49D
330
17
100
AcDbEntity
  8
M-EA
100
AcDbPolyline
 90
4
 70
1
 10
1970.5
 20
443.5
 10
1975.5
 20
443.5
 10
1975.5
 20
438.5
 10
1970.5
 20
438.5
  0
LINE
  5
49E
330
17
100
AcDbEntity
  8
M-EA
100
AcDbLine
 10
1971.1
 20
439.1
 30
0.0
 11
1974.9
 21
442.9
 31
0.0
  0
LWPOLYLINE
  5
49F
330
17
100
AcDbEntity
  8
M-EA
100
AcDbPolyline
 90
4
 70
1
 10
1971.5
 20
446.25
 10
1974.5
 20
446.25
 10
1974.5
 20
444.0
 10
1971.5
 20
444.0
  0
TEXT
  5
4A0
330
17
100
AcDbEntity
  8
M-EA
100
AcDbText
 10
1973.0
 20
444.45
 30
0.0
 40
1.4000000000000001
  1
M
 72
1
 11
1973.0
 21
444.45
 31
0.0
100
AcDbText
  0
TEXT
  5
4A1
330
17
100
AcDbEntity
  8
M-EA
100
AcDbText
 10
1973.0
 20
436.25
 30
0.0
 40
1.5
  1
MD-E03-01
 72
1
 11
1973.0
 21
436.25
 31
0.0
100
AcDbText
  0
LWPOLYLINE
  5
4A2
330
17
100
AcDbEntity
  8
M-EA
100
AcDbPolyline
 90
4
 70
1
 10
1922.5
 20
443.5
 10
1927.5
 20
443.5
 10
1927.5
 20
438.5
 10
1922.5
 20
438.5
  0
LINE
  5
4A3
330
17
100
AcDbEntity
  8
M-EA
100
AcDbLine
 10
1923.1
 20
439.1
 30
0.0
 11
1926.9
 21
442.9
 31
0.0
  0
LWPOLYLINE
  5
4A4
330
17
100
AcDbEntity
  8
M-EA
100
AcDbPolyline
 90
4
 70
1
 10
1923.5
 20
446.25
 10
1926.5
 20
446.25
 10
1926.5
 20
444.0
 10
1923.5
 20
444.0
  0
TEXT
  5
4A5
330
17
100
AcDbEntity
  8
M-EA
100
AcDbText
 10
1925.0
 20
444.45
 30
0.0
 40
1.4000000000000001
  1
M
 72
1
 11
1925.0
 21
444.45
 31
0.0
100
AcDbText
  0
TEXT
  5
4A6
330
17
100
AcDbEntity
  8
M-EA
100
AcDbText
 10
1925.0
 20
436.25
 30
0.0
 40
1.5
  1
MD-IE03-01
 72
1
 11
1925.0
 21
436.25
 31
0.0
100
AcDbText
  0
CIRCLE
  5
4A7
330
17
100
AcDbEntity
  8
M-INST
100
AcDbCircle
 10
1938.0
 20
461.0
 30
0.0
 40
3.4
  0
TEXT
  5
4A8
330
17
100
AcDbEntity
  8
M-INST
100
AcDbText
 10
1938.0
 20
459.98
 30
0.0
 40
1.496
  1
DP
 72
1
 11
1938.0
 21
459.98
 31
0.0
100
AcDbText
  0
TEXT
  5
4A9
330
17
100
AcDbEntity
  8
M-INST
100
AcDbText
 10
1938.0
 20
466.4
 30
0.0
 40
1.496
  1
DPT-EF-03-01
 72
1
 11
1938.0
 21
466.4
 31
0.0
100
AcDbText
  0
CIRCLE
  5
4AA
330
17
100
AcDbEntity
  8
M-INST
100
AcDbCircle
 10
1998.0
 20
461.0
 30
0.0
 40
3.4
  0
TEXT
  5
4AB
330
17
100
AcDbEntity
  8
M-INST
100
AcDbText
 10
1998.0
 20
459.98
 30
0.0
 40
1.496
  1
VS
 72
1
 11
1998.0
 21
459.98
 31
0.0
100
AcDbText
  0
TEXT
  5
4AC
330
17
100
AcDbEntity
  8
M-INST
100
AcDbText
 10
1998.0
 20
466.4
 30
0.0
 40
1.496
  1
VS-EF-03-01
 72
1
 11
1998.0
 21
466.4
 31
0.0
100
AcDbText
  0
LINE
  5
4AD
330
17
100
AcDbEntity
  8
M-INST
100
AcDbLine
 10
1930.0
 20
441.0
 30
0.0
 11
1930.0
 21
461.0
 31
0.0
  0
LINE
  5
4AE
330
17
100
AcDbEntity
  8
M-INST
100
AcDbLine
 10
1930.0
 20
461.0
 30
0.0
 11
1934.6
 21
461.0
 31
0.0
  0
LINE
  5
4AF
330
17
100
AcDbEntity
  8
M-INST
100
AcDbLine
 10
1952.0
 20
441.0
 30
0.0
 11
1952.0
 21
461.0
 31
0.0
  0
LINE
  5
4B0
330
17
100
AcDbEntity
  8
M-INST
100
AcDbLine
 10
1952.0
 20
461.0
 30
0.0
 11
1941.4
 21
461.0
 31
0.0
  0
LINE
  5
4B1
330
17
100
AcDbEntity
  8
M-INST
100
AcDbLine
 10
1994.6
 20
461.0
 30
0.0
 11
1978.0
 21
453.0
 31
0.0
  0
LINE
  5
4B2
330
17
100
AcDbEntity
  8
M-INST
100
AcDbLine
 10
1978.0
 20
453.0
 30
0.0
 11
1947.0
 21
446.0
 31
0.0
  0
LINE
  5
4B3
330
17
100
AcDbEntity
  8
M-EA
100
AcDbLine
 10
1910.0
 20
380.0
 30
0.0
 11
2004.0
 21
380.0
 31
0.0
  0
LWPOLYLINE
  5
4B4
330
17
100
AcDbEntity
  8
M-EA
100
AcDbPolyline
 90
3
 70
1
 10
2004.0
 20
380.0
 10
2001.5
 20
381.125
 10
2001.5
 20
378.875
  0
LWPOLYLINE
  5
4B5
330
17
100
AcDbEntity
  8
M-EA
100
AcDbPolyline
 90
4
 70
1
 10
1914.5
 20
385.0
 10
1919.5
 20
385.0
 10
1919.5
 20
375.0
 10
1914.5
 20
375.0
  0
LINE
  5
4B6
330
17
100
AcDbEntity
  8
M-EA
100
AcDbLine
 10
1915.25
 20
384.0
 30
0.0
 11
1916.25
 21
381.0
 31
0.0
  0
LINE
  5
4B7
330
17
100
AcDbEntity
  8
M-EA
100
AcDbLine
 10
1916.25
 20
381.0
 30
0.0
 11
1915.25
 21
378.0
 31
0.0
  0
LINE
  5
4B8
330
17
100
AcDbEntity
  8
M-EA
100
AcDbLine
 10
1915.25
 20
378.0
 30
0.0
 11
1916.25
 21
376.0
 31
0.0
  0
LINE
  5
4B9
330
17
100
AcDbEntity
  8
M-EA
100
AcDbLine
 10
1916.5
 20
384.0
 30
0.0
 11
1917.5
 21
381.0
 31
0.0
  0
LINE
  5
4BA
330
17
100
AcDbEntity
  8
M-EA
100
AcDbLine
 10
1917.5
 20
381.0
 30
0.0
 11
1916.5
 21
378.0
 31
0.0
  0
LINE
  5
4BB
330
17
100
AcDbEntity
  8
M-EA
100
AcDbLine
 10
1916.5
 20
378.0
 30
0.0
 11
1917.5
 21
376.0
 31
0.0
  0
LINE
  5
4BC
330
17
100
AcDbEntity
  8
M-EA
100
AcDbLine
 10
1917.75
 20
384.0
 30
0.0
 11
1918.75
 21
381.0
 31
0.0
  0
LINE
  5
4BD
330
17
100
AcDbEntity
  8
M-EA
100
AcDbLine
 10
1918.75
 20
381.0
 30
0.0
 11
1917.75
 21
378.0
 31
0.0
  0
LINE
  5
4BE
330
17
100
AcDbEntity
  8
M-EA
100
AcDbLine
 10
1917.75
 20
378.0
 30
0.0
 11
1918.75
 21
376.0
 31
0.0
  0
CIRCLE
  5
4BF
330
17
100
AcDbEntity
  8
M-EA
100
AcDbCircle
 10
1941.0
 20
380.0
 30
0.0
 40
8.0
  0
LINE
  5
4C0
330
17
100
AcDbEntity
  8
M-EA
100
AcDbLine
 10
1941.0
 20
380.0
 30
0.0
 11
1946.76
 21
380.0
 31
0.0
  0
LINE
  5
4C1
330
17
100
AcDbEntity
  8
M-EA
100
AcDbLine
 10
1941.0
 20
380.0
 30
0.0
 11
1938.12
 21
375.01169367420164
 31
0.0
  0
LINE
  5
4C2
330
17
100
AcDbEntity
  8
M-EA
100
AcDbLine
 10
1941.0
 20
380.0
 30
0.0
 11
1938.12
 21
384.98830632579836
 31
0.0
  0
TEXT
  5
4C3
330
17
100
AcDbEntity
  8
M-EA
100
AcDbText
 10
1941.0
 20
367.0
 30
0.0
 40
2.7
  1
EF-03-02
 72
1
 11
1941.0
 21
367.0
 31
0.0
100
AcDbText
  0
LWPOLYLINE
  5
4C4
330
17
100
AcDbEntity
  8
M-EA
100
AcDbPolyline
 90
4
 70
1
 10
1970.5
 20
382.5
 10
1975.5
 20
382.5
 10
1975.5
 20
377.5
 10
1970.5
 20
377.5
  0
LINE
  5
4C5
330
17
100
AcDbEntity
  8
M-EA
100
AcDbLine
 10
1971.1
 20
378.1
 30
0.0
 11
1974.9
 21
381.9
 31
0.0
  0
LWPOLYLINE
  5
4C6
330
17
100
AcDbEntity
  8
M-EA
100
AcDbPolyline
 90
4
 70
1
 10
1971.5
 20
385.25
 10
1974.5
 20
385.25
 10
1974.5
 20
383.0
 10
1971.5
 20
383.0
  0
TEXT
  5
4C7
330
17
100
AcDbEntity
  8
M-EA
100
AcDbText
 10
1973.0
 20
383.45
 30
0.0
 40
1.4000000000000001
  1
M
 72
1
 11
1973.0
 21
383.45
 31
0.0
100
AcDbText
  0
TEXT
  5
4C8
330
17
100
AcDbEntity
  8
M-EA
100
AcDbText
 10
1973.0
 20
375.25
 30
0.0
 40
1.5
  1
MD-E03-02
 72
1
 11
1973.0
 21
375.25
 31
0.0
100
AcDbText
  0
LWPOLYLINE
  5
4C9
330
17
100
AcDbEntity
  8
M-EA
100
AcDbPolyline
 90
4
 70
1
 10
1922.5
 20
382.5
 10
1927.5
 20
382.5
 10
1927.5
 20
377.5
 10
1922.5
 20
377.5
  0
LINE
  5
4CA
330
17
100
AcDbEntity
  8
M-EA
100
AcDbLine
 10
1923.1
 20
378.1
 30
0.0
 11
1926.9
 21
381.9
 31
0.0
  0
LWPOLYLINE
  5
4CB
330
17
100
AcDbEntity
  8
M-EA
100
AcDbPolyline
 90
4
 70
1
 10
1923.5
 20
385.25
 10
1926.5
 20
385.25
 10
1926.5
 20
383.0
 10
1923.5
 20
383.0
  0
TEXT
  5
4CC
330
17
100
AcDbEntity
  8
M-EA
100
AcDbText
 10
1925.0
 20
383.45
 30
0.0
 40
1.4000000000000001
  1
M
 72
1
 11
1925.0
 21
383.45
 31
0.0
100
AcDbText
  0
TEXT
  5
4CD
330
17
100
AcDbEntity
  8
M-EA
100
AcDbText
 10
1925.0
 20
375.25
 30
0.0
 40
1.5
  1
MD-IE03-02
 72
1
 11
1925.0
 21
375.25
 31
0.0
100
AcDbText
  0
CIRCLE
  5
4CE
330
17
100
AcDbEntity
  8
M-INST
100
AcDbCircle
 10
1938.0
 20
400.0
 30
0.0
 40
3.4
  0
TEXT
  5
4CF
330
17
100
AcDbEntity
  8
M-INST
100
AcDbText
 10
1938.0
 20
398.98
 30
0.0
 40
1.496
  1
DP
 72
1
 11
1938.0
 21
398.98
 31
0.0
100
AcDbText
  0
TEXT
  5
4D0
330
17
100
AcDbEntity
  8
M-INST
100
AcDbText
 10
1938.0
 20
405.4
 30
0.0
 40
1.496
  1
DPT-EF-03-02
 72
1
 11
1938.0
 21
405.4
 31
0.0
100
AcDbText
  0
CIRCLE
  5
4D1
330
17
100
AcDbEntity
  8
M-INST
100
AcDbCircle
 10
1998.0
 20
400.0
 30
0.0
 40
3.4
  0
TEXT
  5
4D2
330
17
100
AcDbEntity
  8
M-INST
100
AcDbText
 10
1998.0
 20
398.98
 30
0.0
 40
1.496
  1
VS
 72
1
 11
1998.0
 21
398.98
 31
0.0
100
AcDbText
  0
TEXT
  5
4D3
330
17
100
AcDbEntity
  8
M-INST
100
AcDbText
 10
1998.0
 20
405.4
 30
0.0
 40
1.496
  1
VS-EF-03-02
 72
1
 11
1998.0
 21
405.4
 31
0.0
100
AcDbText
  0
LINE
  5
4D4
330
17
100
AcDbEntity
  8
M-INST
100
AcDbLine
 10
1930.0
 20
380.0
 30
0.0
 11
1930.0
 21
400.0
 31
0.0
  0
LINE
  5
4D5
330
17
100
AcDbEntity
  8
M-INST
100
AcDbLine
 10
1930.0
 20
400.0
 30
0.0
 11
1934.6
 21
400.0
 31
0.0
  0
LINE
  5
4D6
330
17
100
AcDbEntity
  8
M-INST
100
AcDbLine
 10
1952.0
 20
380.0
 30
0.0
 11
1952.0
 21
400.0
 31
0.0
  0
LINE
  5
4D7
330
17
100
AcDbEntity
  8
M-INST
100
AcDbLine
 10
1952.0
 20
400.0
 30
0.0
 11
1941.4
 21
400.0
 31
0.0
  0
LINE
  5
4D8
330
17
100
AcDbEntity
  8
M-INST
100
AcDbLine
 10
1994.6
 20
400.0
 30
0.0
 11
1978.0
 21
392.0
 31
0.0
  0
LINE
  5
4D9
330
17
100
AcDbEntity
  8
M-INST
100
AcDbLine
 10
1978.0
 20
392.0
 30
0.0
 11
1947.0
 21
385.0
 31
0.0
  0
LINE
  5
4DA
330
17
100
AcDbEntity
  8
M-EA
100
AcDbLine
 10
2004.0
 20
441.0
 30
0.0
 11
2004.0
 21
354.0
 31
0.0
  0
LINE
  5
4DB
330
17
100
AcDbEntity
  8
M-EA
100
AcDbLine
 10
2004.0
 20
354.0
 30
0.0
 11
2021.0
 21
354.0
 31
0.0
  0
LINE
  5
4DC
330
17
100
AcDbEntity
  8
M-EA
100
AcDbLine
 10
2021.0
 20
354.0
 30
0.0
 11
2021.0
 21
345.0
 31
0.0
  0
LINE
  5
4DD
330
17
100
AcDbEntity
  8
M-EA
100
AcDbLine
 10
2021.0
 20
355.0
 30
0.0
 11
2021.0
 21
345.0
 31
0.0
  0
LWPOLYLINE
  5
4DE
330
17
100
AcDbEntity
  8
M-EA
100
AcDbPolyline
 90
3
 70
1
 10
2021.0
 20
345.0
 10
2022.125
 20
347.5
 10
2019.875
 20
347.5
  0
TEXT
  5
4DF
330
17
100
AcDbEntity
  8
M-EA
100
AcDbText
 10
1832.0
 20
343.0
 30
0.0
 40
2.2
  1
DOWNWARD-FACING OUTDOOR DISCHARGE
 11
1832.0
 21
343.0
 31
0.0
100
AcDbText
  0
TEXT
  5
4E0
330
17
100
AcDbEntity
  8
M-PENDING
100
AcDbText
 10
1832.0
 20
331.0
 30
0.0
 40
2.5
  1
EA reference 147.60 L/s; final +25 Pa balance / OA compliance and catalogue loss remain TBC.
 11
1832.0
 21
331.0
 31
0.0
100
AcDbText
  0
TEXT
  5
4E1
330
17
100
AcDbEntity
  8
M-INK
100
AcDbText
 10
2038.0
 20
546.0
 30
0.0
 40
3.1
  1
GF-09 TOILET GROUP: TWO CUBICLES
 11
2038.0
 21
546.0
 31
0.0
100
AcDbText
  0
LWPOLYLINE
  5
4E2
330
17
100
AcDbEntity
  8
M-DIM
100
AcDbPolyline
 90
4
 70
1
 10
2038.0
 20
526.0
 10
2229.0
 20
526.0
 10
2229.0
 20
473.0
 10
2038.0
 20
473.0
  0
LINE
  5
4E3
330
17
100
AcDbEntity
  8
M-SA
100
AcDbLine
 10
2046.0
 20
513.0
 30
0.0
 11
2074.0
 21
513.0
 31
0.0
  0
LWPOLYLINE
  5
4E4
330
17
100
AcDbEntity
  8
M-SA
100
AcDbPolyline
 90
3
 70
1
 10
2074.0
 20
513.0
 10
2071.5
 20
514.125
 10
2071.5
 20
511.875
  0
TEXT
  5
4E5
330
17
100
AcDbEntity
  8
M-SA
100
AcDbText
 10
2083.0
 20
512.0
 30
0.0
 40
2.8
  1
PAU SA 46.20 L/s
 11
2083.0
 21
512.0
 31
0.0
100
AcDbText
  0
TEXT
  5
4E6
330
17
100
AcDbEntity
  8
M-INST
100
AcDbText
 10
2046.0
 20
499.0
 30
0.0
 40
2.6
  1
+25 Pa target / NO RETURN
 11
2046.0
 21
499.0
 31
0.0
100
AcDbText
  0
TEXT
  5
4E7
330
17
100
AcDbEntity
  8
M-EA
100
AcDbText
 10
2046.0
 20
486.0
 30
0.0
 40
2.5
  1
MIN NORMAL 10 ACH = 64.89 L/s
 11
2046.0
 21
486.0
 31
0.0
100
AcDbText
  0
LWPOLYLINE
  5
4E8
330
17
100
AcDbEntity
  8
M-EA
100
AcDbPolyline
 90
4
 70
1
 10
2051.0
 20
455.0
 10
2059.0
 20
455.0
 10
2059.0
 20
447.0
 10
2051.0
 20
447.0
  0
LINE
  5
4E9
330
17
100
AcDbEntity
  8
M-EA
100
AcDbLine
 10
2051.8
 20
453.4
 30
0.0
 11
2058.2
 21
453.4
 31
0.0
  0
LINE
  5
4EA
330
17
100
AcDbEntity
  8
M-EA
100
AcDbLine
 10
2051.8
 20
451.0
 30
0.0
 11
2058.2
 21
451.0
 31
0.0
  0
LINE
  5
4EB
330
17
100
AcDbEntity
  8
M-EA
100
AcDbLine
 10
2051.8
 20
448.6
 30
0.0
 11
2058.2
 21
448.6
 31
0.0
  0
TEXT
  5
4EC
330
17
100
AcDbEntity
  8
M-EA
100
AcDbText
 10
2055.0
 20
444.6
 30
0.0
 40
2.08
  1
EG-09
 72
1
 11
2055.0
 21
444.6
 31
0.0
100
AcDbText
  0
LINE
  5
4ED
330
17
100
AcDbEntity
  8
M-EA
100
AcDbLine
 10
2055.0
 20
451.0
 30
0.0
 11
2055.0
 21
417.0
 31
0.0
  0
LINE
  5
4EE
330
17
100
AcDbEntity
  8
M-EA
100
AcDbLine
 10
2055.0
 20
417.0
 30
0.0
 11
2086.0
 21
417.0
 31
0.0
  0
LWPOLYLINE
  5
4EF
330
17
100
AcDbEntity
  8
M-EA
100
AcDbPolyline
 90
4
 70
1
 10
2072.5
 20
419.5
 10
2077.5
 20
419.5
 10
2077.5
 20
414.5
 10
2072.5
 20
414.5
  0
LINE
  5
4F0
330
17
100
AcDbEntity
  8
M-EA
100
AcDbLine
 10
2073.1
 20
415.1
 30
0.0
 11
2076.9
 21
418.9
 31
0.0
  0
TEXT
  5
4F1
330
17
100
AcDbEntity
  8
M-EA
100
AcDbText
 10
2075.0
 20
412.25
 30
0.0
 40
1.5
  1
VCD
 72
1
 11
2075.0
 21
412.25
 31
0.0
100
AcDbText
  0
LWPOLYLINE
  5
4F2
330
17
100
AcDbEntity
  8
M-EA
100
AcDbPolyline
 90
4
 70
1
 10
2091.0
 20
428.0
 10
2109.0
 20
428.0
 10
2109.0
 20
407.0
 10
2091.0
 20
407.0
  0
LINE
  5
4F3
330
17
100
AcDbEntity
  8
M-EA
100
AcDbLine
 10
2094.0
 20
422.75
 30
0.0
 11
2106.0
 21
422.75
 31
0.0
  0
LINE
  5
4F4
330
17
100
AcDbEntity
  8
M-EA
100
AcDbLine
 10
2094.0
 20
417.5
 30
0.0
 11
2106.0
 21
417.5
 31
0.0
  0
LINE
  5
4F5
330
17
100
AcDbEntity
  8
M-EA
100
AcDbLine
 10
2094.0
 20
412.25
 30
0.0
 11
2106.0
 21
412.25
 31
0.0
  0
TEXT
  5
4F6
330
17
100
AcDbEntity
  8
M-EA
100
AcDbText
 10
2100.0
 20
402.0
 30
0.0
 40
2.4
  1
EA-SIL-09
 72
1
 11
2100.0
 21
402.0
 31
0.0
100
AcDbText
  0
LINE
  5
4F7
330
17
100
AcDbEntity
  8
M-EA
100
AcDbLine
 10
2109.0
 20
417.0
 30
0.0
 11
2121.0
 21
417.0
 31
0.0
  0
LINE
  5
4F8
330
17
100
AcDbEntity
  8
M-EA
100
AcDbLine
 10
2121.0
 20
417.0
 30
0.0
 11
2121.0
 21
441.0
 31
0.0
  0
LINE
  5
4F9
330
17
100
AcDbEntity
  8
M-EA
100
AcDbLine
 10
2121.0
 20
441.0
 30
0.0
 11
2121.0
 21
380.0
 31
0.0
  0
LINE
  5
4FA
330
17
100
AcDbEntity
  8
M-EA
100
AcDbLine
 10
2121.0
 20
441.0
 30
0.0
 11
2215.0
 21
441.0
 31
0.0
  0
LWPOLYLINE
  5
4FB
330
17
100
AcDbEntity
  8
M-EA
100
AcDbPolyline
 90
3
 70
1
 10
2215.0
 20
441.0
 10
2212.5
 20
442.125
 10
2212.5
 20
439.875
  0
LWPOLYLINE
  5
4FC
330
17
100
AcDbEntity
  8
M-EA
100
AcDbPolyline
 90
4
 70
1
 10
2125.5
 20
446.0
 10
2130.5
 20
446.0
 10
2130.5
 20
436.0
 10
2125.5
 20
436.0
  0
LINE
  5
4FD
330
17
100
AcDbEntity
  8
M-EA
100
AcDbLine
 10
2126.25
 20
445.0
 30
0.0
 11
2127.25
 21
442.0
 31
0.0
  0
LINE
  5
4FE
330
17
100
AcDbEntity
  8
M-EA
100
AcDbLine
 10
2127.25
 20
442.0
 30
0.0
 11
2126.25
 21
439.0
 31
0.0
  0
LINE
  5
4FF
330
17
100
AcDbEntity
  8
M-EA
100
AcDbLine
 10
2126.25
 20
439.0
 30
0.0
 11
2127.25
 21
437.0
 31
0.0
  0
LINE
  5
500
330
17
100
AcDbEntity
  8
M-EA
100
AcDbLine
 10
2127.5
 20
445.0
 30
0.0
 11
2128.5
 21
442.0
 31
0.0
  0
LINE
  5
501
330
17
100
AcDbEntity
  8
M-EA
100
AcDbLine
 10
2128.5
 20
442.0
 30
0.0
 11
2127.5
 21
439.0
 31
0.0
  0
LINE
  5
502
330
17
100
AcDbEntity
  8
M-EA
100
AcDbLine
 10
2127.5
 20
439.0
 30
0.0
 11
2128.5
 21
437.0
 31
0.0
  0
LINE
  5
503
330
17
100
AcDbEntity
  8
M-EA
100
AcDbLine
 10
2128.75
 20
445.0
 30
0.0
 11
2129.75
 21
442.0
 31
0.0
  0
LINE
  5
504
330
17
100
AcDbEntity
  8
M-EA
100
AcDbLine
 10
2129.75
 20
442.0
 30
0.0
 11
2128.75
 21
439.0
 31
0.0
  0
LINE
  5
505
330
17
100
AcDbEntity
  8
M-EA
100
AcDbLine
 10
2128.75
 20
439.0
 30
0.0
 11
2129.75
 21
437.0
 31
0.0
  0
CIRCLE
  5
506
330
17
100
AcDbEntity
  8
M-EA
100
AcDbCircle
 10
2152.0
 20
441.0
 30
0.0
 40
8.0
  0
LINE
  5
507
330
17
100
AcDbEntity
  8
M-EA
100
AcDbLine
 10
2152.0
 20
441.0
 30
0.0
 11
2157.76
 21
441.0
 31
0.0
  0
LINE
  5
508
330
17
100
AcDbEntity
  8
M-EA
100
AcDbLine
 10
2152.0
 20
441.0
 30
0.0
 11
2149.12
 21
436.01169367420164
 31
0.0
  0
LINE
  5
509
330
17
100
AcDbEntity
  8
M-EA
100
AcDbLine
 10
2152.0
 20
441.0
 30
0.0
 11
2149.12
 21
445.98830632579836
 31
0.0
  0
TEXT
  5
50A
330
17
100
AcDbEntity
  8
M-EA
100
AcDbText
 10
2152.0
 20
428.0
 30
0.0
 40
2.7
  1
EF-09-01
 72
1
 11
2152.0
 21
428.0
 31
0.0
100
AcDbText
  0
LWPOLYLINE
  5
50B
330
17
100
AcDbEntity
  8
M-EA
100
AcDbPolyline
 90
4
 70
1
 10
2181.5
 20
443.5
 10
2186.5
 20
443.5
 10
2186.5
 20
438.5
 10
2181.5
 20
438.5
  0
LINE
  5
50C
330
17
100
AcDbEntity
  8
M-EA
100
AcDbLine
 10
2182.1
 20
439.1
 30
0.0
 11
2185.9
 21
442.9
 31
0.0
  0
LWPOLYLINE
  5
50D
330
17
100
AcDbEntity
  8
M-EA
100
AcDbPolyline
 90
4
 70
1
 10
2182.5
 20
446.25
 10
2185.5
 20
446.25
 10
2185.5
 20
444.0
 10
2182.5
 20
444.0
  0
TEXT
  5
50E
330
17
100
AcDbEntity
  8
M-EA
100
AcDbText
 10
2184.0
 20
444.45
 30
0.0
 40
1.4000000000000001
  1
M
 72
1
 11
2184.0
 21
444.45
 31
0.0
100
AcDbText
  0
TEXT
  5
50F
330
17
100
AcDbEntity
  8
M-EA
100
AcDbText
 10
2184.0
 20
436.25
 30
0.0
 40
1.5
  1
MD-E09-01
 72
1
 11
2184.0
 21
436.25
 31
0.0
100
AcDbText
  0
LWPOLYLINE
  5
510
330
17
100
AcDbEntity
  8
M-EA
100
AcDbPolyline
 90
4
 70
1
 10
2133.5
 20
443.5
 10
2138.5
 20
443.5
 10
2138.5
 20
438.5
 10
2133.5
 20
438.5
  0
LINE
  5
511
330
17
100
AcDbEntity
  8
M-EA
100
AcDbLine
 10
2134.1
 20
439.1
 30
0.0
 11
2137.9
 21
442.9
 31
0.0
  0
LWPOLYLINE
  5
512
330
17
100
AcDbEntity
  8
M-EA
100
AcDbPolyline
 90
4
 70
1
 10
2134.5
 20
446.25
 10
2137.5
 20
446.25
 10
2137.5
 20
444.0
 10
2134.5
 20
444.0
  0
TEXT
  5
513
330
17
100
AcDbEntity
  8
M-EA
100
AcDbText
 10
2136.0
 20
444.45
 30
0.0
 40
1.4000000000000001
  1
M
 72
1
 11
2136.0
 21
444.45
 31
0.0
100
AcDbText
  0
TEXT
  5
514
330
17
100
AcDbEntity
  8
M-EA
100
AcDbText
 10
2136.0
 20
436.25
 30
0.0
 40
1.5
  1
MD-IE09-01
 72
1
 11
2136.0
 21
436.25
 31
0.0
100
AcDbText
  0
CIRCLE
  5
515
330
17
100
AcDbEntity
  8
M-INST
100
AcDbCircle
 10
2149.0
 20
461.0
 30
0.0
 40
3.4
  0
TEXT
  5
516
330
17
100
AcDbEntity
  8
M-INST
100
AcDbText
 10
2149.0
 20
459.98
 30
0.0
 40
1.496
  1
DP
 72
1
 11
2149.0
 21
459.98
 31
0.0
100
AcDbText
  0
TEXT
  5
517
330
17
100
AcDbEntity
  8
M-INST
100
AcDbText
 10
2149.0
 20
466.4
 30
0.0
 40
1.496
  1
DPT-EF-09-01
 72
1
 11
2149.0
 21
466.4
 31
0.0
100
AcDbText
  0
CIRCLE
  5
518
330
17
100
AcDbEntity
  8
M-INST
100
AcDbCircle
 10
2209.0
 20
461.0
 30
0.0
 40
3.4
  0
TEXT
  5
519
330
17
100
AcDbEntity
  8
M-INST
100
AcDbText
 10
2209.0
 20
459.98
 30
0.0
 40
1.496
  1
VS
 72
1
 11
2209.0
 21
459.98
 31
0.0
100
AcDbText
  0
TEXT
  5
51A
330
17
100
AcDbEntity
  8
M-INST
100
AcDbText
 10
2209.0
 20
466.4
 30
0.0
 40
1.496
  1
VS-EF-09-01
 72
1
 11
2209.0
 21
466.4
 31
0.0
100
AcDbText
  0
LINE
  5
51B
330
17
100
AcDbEntity
  8
M-INST
100
AcDbLine
 10
2141.0
 20
441.0
 30
0.0
 11
2141.0
 21
461.0
 31
0.0
  0
LINE
  5
51C
330
17
100
AcDbEntity
  8
M-INST
100
AcDbLine
 10
2141.0
 20
461.0
 30
0.0
 11
2145.6
 21
461.0
 31
0.0
  0
LINE
  5
51D
330
17
100
AcDbEntity
  8
M-INST
100
AcDbLine
 10
2163.0
 20
441.0
 30
0.0
 11
2163.0
 21
461.0
 31
0.0
  0
LINE
  5
51E
330
17
100
AcDbEntity
  8
M-INST
100
AcDbLine
 10
2163.0
 20
461.0
 30
0.0
 11
2152.4
 21
461.0
 31
0.0
  0
LINE
  5
51F
330
17
100
AcDbEntity
  8
M-INST
100
AcDbLine
 10
2205.6
 20
461.0
 30
0.0
 11
2189.0
 21
453.0
 31
0.0
  0
LINE
  5
520
330
17
100
AcDbEntity
  8
M-INST
100
AcDbLine
 10
2189.0
 20
453.0
 30
0.0
 11
2158.0
 21
446.0
 31
0.0
  0
LINE
  5
521
330
17
100
AcDbEntity
  8
M-EA
100
AcDbLine
 10
2121.0
 20
380.0
 30
0.0
 11
2215.0
 21
380.0
 31
0.0
  0
LWPOLYLINE
  5
522
330
17
100
AcDbEntity
  8
M-EA
100
AcDbPolyline
 90
3
 70
1
 10
2215.0
 20
380.0
 10
2212.5
 20
381.125
 10
2212.5
 20
378.875
  0
LWPOLYLINE
  5
523
330
17
100
AcDbEntity
  8
M-EA
100
AcDbPolyline
 90
4
 70
1
 10
2125.5
 20
385.0
 10
2130.5
 20
385.0
 10
2130.5
 20
375.0
 10
2125.5
 20
375.0
  0
LINE
  5
524
330
17
100
AcDbEntity
  8
M-EA
100
AcDbLine
 10
2126.25
 20
384.0
 30
0.0
 11
2127.25
 21
381.0
 31
0.0
  0
LINE
  5
525
330
17
100
AcDbEntity
  8
M-EA
100
AcDbLine
 10
2127.25
 20
381.0
 30
0.0
 11
2126.25
 21
378.0
 31
0.0
  0
LINE
  5
526
330
17
100
AcDbEntity
  8
M-EA
100
AcDbLine
 10
2126.25
 20
378.0
 30
0.0
 11
2127.25
 21
376.0
 31
0.0
  0
LINE
  5
527
330
17
100
AcDbEntity
  8
M-EA
100
AcDbLine
 10
2127.5
 20
384.0
 30
0.0
 11
2128.5
 21
381.0
 31
0.0
  0
LINE
  5
528
330
17
100
AcDbEntity
  8
M-EA
100
AcDbLine
 10
2128.5
 20
381.0
 30
0.0
 11
2127.5
 21
378.0
 31
0.0
  0
LINE
  5
529
330
17
100
AcDbEntity
  8
M-EA
100
AcDbLine
 10
2127.5
 20
378.0
 30
0.0
 11
2128.5
 21
376.0
 31
0.0
  0
LINE
  5
52A
330
17
100
AcDbEntity
  8
M-EA
100
AcDbLine
 10
2128.75
 20
384.0
 30
0.0
 11
2129.75
 21
381.0
 31
0.0
  0
LINE
  5
52B
330
17
100
AcDbEntity
  8
M-EA
100
AcDbLine
 10
2129.75
 20
381.0
 30
0.0
 11
2128.75
 21
378.0
 31
0.0
  0
LINE
  5
52C
330
17
100
AcDbEntity
  8
M-EA
100
AcDbLine
 10
2128.75
 20
378.0
 30
0.0
 11
2129.75
 21
376.0
 31
0.0
  0
CIRCLE
  5
52D
330
17
100
AcDbEntity
  8
M-EA
100
AcDbCircle
 10
2152.0
 20
380.0
 30
0.0
 40
8.0
  0
LINE
  5
52E
330
17
100
AcDbEntity
  8
M-EA
100
AcDbLine
 10
2152.0
 20
380.0
 30
0.0
 11
2157.76
 21
380.0
 31
0.0
  0
LINE
  5
52F
330
17
100
AcDbEntity
  8
M-EA
100
AcDbLine
 10
2152.0
 20
380.0
 30
0.0
 11
2149.12
 21
375.01169367420164
 31
0.0
  0
LINE
  5
530
330
17
100
AcDbEntity
  8
M-EA
100
AcDbLine
 10
2152.0
 20
380.0
 30
0.0
 11
2149.12
 21
384.98830632579836
 31
0.0
  0
TEXT
  5
531
330
17
100
AcDbEntity
  8
M-EA
100
AcDbText
 10
2152.0
 20
367.0
 30
0.0
 40
2.7
  1
EF-09-02
 72
1
 11
2152.0
 21
367.0
 31
0.0
100
AcDbText
  0
LWPOLYLINE
  5
532
330
17
100
AcDbEntity
  8
M-EA
100
AcDbPolyline
 90
4
 70
1
 10
2181.5
 20
382.5
 10
2186.5
 20
382.5
 10
2186.5
 20
377.5
 10
2181.5
 20
377.5
  0
LINE
  5
533
330
17
100
AcDbEntity
  8
M-EA
100
AcDbLine
 10
2182.1
 20
378.1
 30
0.0
 11
2185.9
 21
381.9
 31
0.0
  0
LWPOLYLINE
  5
534
330
17
100
AcDbEntity
  8
M-EA
100
AcDbPolyline
 90
4
 70
1
 10
2182.5
 20
385.25
 10
2185.5
 20
385.25
 10
2185.5
 20
383.0
 10
2182.5
 20
383.0
  0
TEXT
  5
535
330
17
100
AcDbEntity
  8
M-EA
100
AcDbText
 10
2184.0
 20
383.45
 30
0.0
 40
1.4000000000000001
  1
M
 72
1
 11
2184.0
 21
383.45
 31
0.0
100
AcDbText
  0
TEXT
  5
536
330
17
100
AcDbEntity
  8
M-EA
100
AcDbText
 10
2184.0
 20
375.25
 30
0.0
 40
1.5
  1
MD-E09-02
 72
1
 11
2184.0
 21
375.25
 31
0.0
100
AcDbText
  0
LWPOLYLINE
  5
537
330
17
100
AcDbEntity
  8
M-EA
100
AcDbPolyline
 90
4
 70
1
 10
2133.5
 20
382.5
 10
2138.5
 20
382.5
 10
2138.5
 20
377.5
 10
2133.5
 20
377.5
  0
LINE
  5
538
330
17
100
AcDbEntity
  8
M-EA
100
AcDbLine
 10
2134.1
 20
378.1
 30
0.0
 11
2137.9
 21
381.9
 31
0.0
  0
LWPOLYLINE
  5
539
330
17
100
AcDbEntity
  8
M-EA
100
AcDbPolyline
 90
4
 70
1
 10
2134.5
 20
385.25
 10
2137.5
 20
385.25
 10
2137.5
 20
383.0
 10
2134.5
 20
383.0
  0
TEXT
  5
53A
330
17
100
AcDbEntity
  8
M-EA
100
AcDbText
 10
2136.0
 20
383.45
 30
0.0
 40
1.4000000000000001
  1
M
 72
1
 11
2136.0
 21
383.45
 31
0.0
100
AcDbText
  0
TEXT
  5
53B
330
17
100
AcDbEntity
  8
M-EA
100
AcDbText
 10
2136.0
 20
375.25
 30
0.0
 40
1.5
  1
MD-IE09-02
 72
1
 11
2136.0
 21
375.25
 31
0.0
100
AcDbText
  0
CIRCLE
  5
53C
330
17
100
AcDbEntity
  8
M-INST
100
AcDbCircle
 10
2149.0
 20
400.0
 30
0.0
 40
3.4
  0
TEXT
  5
53D
330
17
100
AcDbEntity
  8
M-INST
100
AcDbText
 10
2149.0
 20
398.98
 30
0.0
 40
1.496
  1
DP
 72
1
 11
2149.0
 21
398.98
 31
0.0
100
AcDbText
  0
TEXT
  5
53E
330
17
100
AcDbEntity
  8
M-INST
100
AcDbText
 10
2149.0
 20
405.4
 30
0.0
 40
1.496
  1
DPT-EF-09-02
 72
1
 11
2149.0
 21
405.4
 31
0.0
100
AcDbText
  0
CIRCLE
  5
53F
330
17
100
AcDbEntity
  8
M-INST
100
AcDbCircle
 10
2209.0
 20
400.0
 30
0.0
 40
3.4
  0
TEXT
  5
540
330
17
100
AcDbEntity
  8
M-INST
100
AcDbText
 10
2209.0
 20
398.98
 30
0.0
 40
1.496
  1
VS
 72
1
 11
2209.0
 21
398.98
 31
0.0
100
AcDbText
  0
TEXT
  5
541
330
17
100
AcDbEntity
  8
M-INST
100
AcDbText
 10
2209.0
 20
405.4
 30
0.0
 40
1.496
  1
VS-EF-09-02
 72
1
 11
2209.0
 21
405.4
 31
0.0
100
AcDbText
  0
LINE
  5
542
330
17
100
AcDbEntity
  8
M-INST
100
AcDbLine
 10
2141.0
 20
380.0
 30
0.0
 11
2141.0
 21
400.0
 31
0.0
  0
LINE
  5
543
330
17
100
AcDbEntity
  8
M-INST
100
AcDbLine
 10
2141.0
 20
400.0
 30
0.0
 11
2145.6
 21
400.0
 31
0.0
  0
LINE
  5
544
330
17
100
AcDbEntity
  8
M-INST
100
AcDbLine
 10
2163.0
 20
380.0
 30
0.0
 11
2163.0
 21
400.0
 31
0.0
  0
LINE
  5
545
330
17
100
AcDbEntity
  8
M-INST
100
AcDbLine
 10
2163.0
 20
400.0
 30
0.0
 11
2152.4
 21
400.0
 31
0.0
  0
LINE
  5
546
330
17
100
AcDbEntity
  8
M-INST
100
AcDbLine
 10
2205.6
 20
400.0
 30
0.0
 11
2189.0
 21
392.0
 31
0.0
  0
LINE
  5
547
330
17
100
AcDbEntity
  8
M-INST
100
AcDbLine
 10
2189.0
 20
392.0
 30
0.0
 11
2158.0
 21
385.0
 31
0.0
  0
LINE
  5
548
330
17
100
AcDbEntity
  8
M-EA
100
AcDbLine
 10
2215.0
 20
441.0
 30
0.0
 11
2215.0
 21
354.0
 31
0.0
  0
LINE
  5
549
330
17
100
AcDbEntity
  8
M-EA
100
AcDbLine
 10
2215.0
 20
354.0
 30
0.0
 11
2232.0
 21
354.0
 31
0.0
  0
LINE
  5
54A
330
17
100
AcDbEntity
  8
M-EA
100
AcDbLine
 10
2232.0
 20
354.0
 30
0.0
 11
2232.0
 21
345.0
 31
0.0
  0
LINE
  5
54B
330
17
100
AcDbEntity
  8
M-EA
100
AcDbLine
 10
2232.0
 20
355.0
 30
0.0
 11
2232.0
 21
345.0
 31
0.0
  0
LWPOLYLINE
  5
54C
330
17
100
AcDbEntity
  8
M-EA
100
AcDbPolyline
 90
3
 70
1
 10
2232.0
 20
345.0
 10
2233.125
 20
347.5
 10
2230.875
 20
347.5
  0
TEXT
  5
54D
330
17
100
AcDbEntity
  8
M-EA
100
AcDbText
 10
2043.0
 20
343.0
 30
0.0
 40
2.2
  1
DOWNWARD-FACING OUTDOOR DISCHARGE
 11
2043.0
 21
343.0
 31
0.0
100
AcDbText
  0
TEXT
  5
54E
330
17
100
AcDbEntity
  8
M-PENDING
100
AcDbText
 10
2043.0
 20
331.0
 30
0.0
 40
2.5
  1
EA reference 64.89 L/s; final +25 Pa balance / OA compliance and catalogue loss remain TBC.
 11
2043.0
 21
331.0
 31
0.0
100
AcDbText
  0
TEXT
  5
54F
330
17
100
AcDbEntity
  8
M-INK
100
AcDbText
 10
2249.0
 20
546.0
 30
0.0
 40
3.1
  1
GF-01 CLEAN-AGENT CYLINDER ROOM
 11
2249.0
 21
546.0
 31
0.0
100
AcDbText
  0
LWPOLYLINE
  5
550
330
17
100
AcDbEntity
  8
M-DIM
100
AcDbPolyline
 90
4
 70
1
 10
2249.0
 20
526.0
 10
2440.0
 20
526.0
 10
2440.0
 20
473.0
 10
2249.0
 20
473.0
  0
LINE
  5
551
330
17
100
AcDbEntity
  8
M-SA
100
AcDbLine
 10
2257.0
 20
513.0
 30
0.0
 11
2285.0
 21
513.0
 31
0.0
  0
LWPOLYLINE
  5
552
330
17
100
AcDbEntity
  8
M-SA
100
AcDbPolyline
 90
3
 70
1
 10
2285.0
 20
513.0
 10
2282.5
 20
514.125
 10
2282.5
 20
511.875
  0
TEXT
  5
553
330
17
100
AcDbEntity
  8
M-SA
100
AcDbText
 10
2294.0
 20
512.0
 30
0.0
 40
2.8
  1
PAU SA 141.30 L/s
 11
2294.0
 21
512.0
 31
0.0
100
AcDbText
  0
TEXT
  5
554
330
17
100
AcDbEntity
  8
M-INST
100
AcDbText
 10
2257.0
 20
499.0
 30
0.0
 40
2.6
  1
+25 Pa target / NO RETURN
 11
2257.0
 21
499.0
 31
0.0
100
AcDbText
  0
TEXT
  5
555
330
17
100
AcDbEntity
  8
M-EA
100
AcDbText
 10
2257.0
 20
486.0
 30
0.0
 40
2.5
  1
MIN NORMAL 5 ACH = 67.56 L/s
 11
2257.0
 21
486.0
 31
0.0
100
AcDbText
  0
LWPOLYLINE
  5
556
330
17
100
AcDbEntity
  8
M-EA
100
AcDbPolyline
 90
4
 70
1
 10
2262.0
 20
455.0
 10
2270.0
 20
455.0
 10
2270.0
 20
447.0
 10
2262.0
 20
447.0
  0
LINE
  5
557
330
17
100
AcDbEntity
  8
M-EA
100
AcDbLine
 10
2262.8
 20
453.4
 30
0.0
 11
2269.2
 21
453.4
 31
0.0
  0
LINE
  5
558
330
17
100
AcDbEntity
  8
M-EA
100
AcDbLine
 10
2262.8
 20
451.0
 30
0.0
 11
2269.2
 21
451.0
 31
0.0
  0
LINE
  5
559
330
17
100
AcDbEntity
  8
M-EA
100
AcDbLine
 10
2262.8
 20
448.6
 30
0.0
 11
2269.2
 21
448.6
 31
0.0
  0
TEXT
  5
55A
330
17
100
AcDbEntity
  8
M-EA
100
AcDbText
 10
2266.0
 20
444.6
 30
0.0
 40
2.08
  1
EG-01
 72
1
 11
2266.0
 21
444.6
 31
0.0
100
AcDbText
  0
LINE
  5
55B
330
17
100
AcDbEntity
  8
M-EA
100
AcDbLine
 10
2266.0
 20
451.0
 30
0.0
 11
2266.0
 21
417.0
 31
0.0
  0
LINE
  5
55C
330
17
100
AcDbEntity
  8
M-EA
100
AcDbLine
 10
2266.0
 20
417.0
 30
0.0
 11
2297.0
 21
417.0
 31
0.0
  0
LWPOLYLINE
  5
55D
330
17
100
AcDbEntity
  8
M-EA
100
AcDbPolyline
 90
4
 70
1
 10
2283.5
 20
419.5
 10
2288.5
 20
419.5
 10
2288.5
 20
414.5
 10
2283.5
 20
414.5
  0
LINE
  5
55E
330
17
100
AcDbEntity
  8
M-EA
100
AcDbLine
 10
2284.1
 20
415.1
 30
0.0
 11
2287.9
 21
418.9
 31
0.0
  0
TEXT
  5
55F
330
17
100
AcDbEntity
  8
M-EA
100
AcDbText
 10
2286.0
 20
412.25
 30
0.0
 40
1.5
  1
VCD
 72
1
 11
2286.0
 21
412.25
 31
0.0
100
AcDbText
  0
LWPOLYLINE
  5
560
330
17
100
AcDbEntity
  8
M-EA
100
AcDbPolyline
 90
4
 70
1
 10
2302.0
 20
428.0
 10
2320.0
 20
428.0
 10
2320.0
 20
407.0
 10
2302.0
 20
407.0
  0
LINE
  5
561
330
17
100
AcDbEntity
  8
M-EA
100
AcDbLine
 10
2305.0
 20
422.75
 30
0.0
 11
2317.0
 21
422.75
 31
0.0
  0
LINE
  5
562
330
17
100
AcDbEntity
  8
M-EA
100
AcDbLine
 10
2305.0
 20
417.5
 30
0.0
 11
2317.0
 21
417.5
 31
0.0
  0
LINE
  5
563
330
17
100
AcDbEntity
  8
M-EA
100
AcDbLine
 10
2305.0
 20
412.25
 30
0.0
 11
2317.0
 21
412.25
 31
0.0
  0
TEXT
  5
564
330
17
100
AcDbEntity
  8
M-EA
100
AcDbText
 10
2311.0
 20
402.0
 30
0.0
 40
2.4
  1
EA-SIL-01
 72
1
 11
2311.0
 21
402.0
 31
0.0
100
AcDbText
  0
LINE
  5
565
330
17
100
AcDbEntity
  8
M-EA
100
AcDbLine
 10
2320.0
 20
417.0
 30
0.0
 11
2332.0
 21
417.0
 31
0.0
  0
LINE
  5
566
330
17
100
AcDbEntity
  8
M-EA
100
AcDbLine
 10
2332.0
 20
417.0
 30
0.0
 11
2332.0
 21
441.0
 31
0.0
  0
LINE
  5
567
330
17
100
AcDbEntity
  8
M-EA
100
AcDbLine
 10
2332.0
 20
441.0
 30
0.0
 11
2426.0
 21
441.0
 31
0.0
  0
LWPOLYLINE
  5
568
330
17
100
AcDbEntity
  8
M-EA
100
AcDbPolyline
 90
3
 70
1
 10
2426.0
 20
441.0
 10
2423.5
 20
442.125
 10
2423.5
 20
439.875
  0
LWPOLYLINE
  5
569
330
17
100
AcDbEntity
  8
M-EA
100
AcDbPolyline
 90
4
 70
1
 10
2336.5
 20
446.0
 10
2341.5
 20
446.0
 10
2341.5
 20
436.0
 10
2336.5
 20
436.0
  0
LINE
  5
56A
330
17
100
AcDbEntity
  8
M-EA
100
AcDbLine
 10
2337.25
 20
445.0
 30
0.0
 11
2338.25
 21
442.0
 31
0.0
  0
LINE
  5
56B
330
17
100
AcDbEntity
  8
M-EA
100
AcDbLine
 10
2338.25
 20
442.0
 30
0.0
 11
2337.25
 21
439.0
 31
0.0
  0
LINE
  5
56C
330
17
100
AcDbEntity
  8
M-EA
100
AcDbLine
 10
2337.25
 20
439.0
 30
0.0
 11
2338.25
 21
437.0
 31
0.0
  0
LINE
  5
56D
330
17
100
AcDbEntity
  8
M-EA
100
AcDbLine
 10
2338.5
 20
445.0
 30
0.0
 11
2339.5
 21
442.0
 31
0.0
  0
LINE
  5
56E
330
17
100
AcDbEntity
  8
M-EA
100
AcDbLine
 10
2339.5
 20
442.0
 30
0.0
 11
2338.5
 21
439.0
 31
0.0
  0
LINE
  5
56F
330
17
100
AcDbEntity
  8
M-EA
100
AcDbLine
 10
2338.5
 20
439.0
 30
0.0
 11
2339.5
 21
437.0
 31
0.0
  0
LINE
  5
570
330
17
100
AcDbEntity
  8
M-EA
100
AcDbLine
 10
2339.75
 20
445.0
 30
0.0
 11
2340.75
 21
442.0
 31
0.0
  0
LINE
  5
571
330
17
100
AcDbEntity
  8
M-EA
100
AcDbLine
 10
2340.75
 20
442.0
 30
0.0
 11
2339.75
 21
439.0
 31
0.0
  0
LINE
  5
572
330
17
100
AcDbEntity
  8
M-EA
100
AcDbLine
 10
2339.75
 20
439.0
 30
0.0
 11
2340.75
 21
437.0
 31
0.0
  0
CIRCLE
  5
573
330
17
100
AcDbEntity
  8
M-EA
100
AcDbCircle
 10
2363.0
 20
441.0
 30
0.0
 40
8.0
  0
LINE
  5
574
330
17
100
AcDbEntity
  8
M-EA
100
AcDbLine
 10
2363.0
 20
441.0
 30
0.0
 11
2368.76
 21
441.0
 31
0.0
  0
LINE
  5
575
330
17
100
AcDbEntity
  8
M-EA
100
AcDbLine
 10
2363.0
 20
441.0
 30
0.0
 11
2360.12
 21
436.01169367420164
 31
0.0
  0
LINE
  5
576
330
17
100
AcDbEntity
  8
M-EA
100
AcDbLine
 10
2363.0
 20
441.0
 30
0.0
 11
2360.12
 21
445.98830632579836
 31
0.0
  0
TEXT
  5
577
330
17
100
AcDbEntity
  8
M-EA
100
AcDbText
 10
2363.0
 20
428.0
 30
0.0
 40
2.7
  1
EF-01-01
 72
1
 11
2363.0
 21
428.0
 31
0.0
100
AcDbText
  0
LWPOLYLINE
  5
578
330
17
100
AcDbEntity
  8
M-EA
100
AcDbPolyline
 90
4
 70
1
 10
2392.5
 20
443.5
 10
2397.5
 20
443.5
 10
2397.5
 20
438.5
 10
2392.5
 20
438.5
  0
LINE
  5
579
330
17
100
AcDbEntity
  8
M-EA
100
AcDbLine
 10
2393.1
 20
439.1
 30
0.0
 11
2396.9
 21
442.9
 31
0.0
  0
LWPOLYLINE
  5
57A
330
17
100
AcDbEntity
  8
M-EA
100
AcDbPolyline
 90
4
 70
1
 10
2393.5
 20
446.25
 10
2396.5
 20
446.25
 10
2396.5
 20
444.0
 10
2393.5
 20
444.0
  0
TEXT
  5
57B
330
17
100
AcDbEntity
  8
M-EA
100
AcDbText
 10
2395.0
 20
444.45
 30
0.0
 40
1.4000000000000001
  1
M
 72
1
 11
2395.0
 21
444.45
 31
0.0
100
AcDbText
  0
TEXT
  5
57C
330
17
100
AcDbEntity
  8
M-EA
100
AcDbText
 10
2395.0
 20
436.25
 30
0.0
 40
1.5
  1
MD-E01-01
 72
1
 11
2395.0
 21
436.25
 31
0.0
100
AcDbText
  0
CIRCLE
  5
57D
330
17
100
AcDbEntity
  8
M-INST
100
AcDbCircle
 10
2360.0
 20
461.0
 30
0.0
 40
3.4
  0
TEXT
  5
57E
330
17
100
AcDbEntity
  8
M-INST
100
AcDbText
 10
2360.0
 20
459.98
 30
0.0
 40
1.496
  1
DP
 72
1
 11
2360.0
 21
459.98
 31
0.0
100
AcDbText
  0
TEXT
  5
57F
330
17
100
AcDbEntity
  8
M-INST
100
AcDbText
 10
2360.0
 20
466.4
 30
0.0
 40
1.496
  1
DPT-EF-01-01
 72
1
 11
2360.0
 21
466.4
 31
0.0
100
AcDbText
  0
CIRCLE
  5
580
330
17
100
AcDbEntity
  8
M-INST
100
AcDbCircle
 10
2420.0
 20
461.0
 30
0.0
 40
3.4
  0
TEXT
  5
581
330
17
100
AcDbEntity
  8
M-INST
100
AcDbText
 10
2420.0
 20
459.98
 30
0.0
 40
1.496
  1
VS
 72
1
 11
2420.0
 21
459.98
 31
0.0
100
AcDbText
  0
TEXT
  5
582
330
17
100
AcDbEntity
  8
M-INST
100
AcDbText
 10
2420.0
 20
466.4
 30
0.0
 40
1.496
  1
VS-EF-01-01
 72
1
 11
2420.0
 21
466.4
 31
0.0
100
AcDbText
  0
LINE
  5
583
330
17
100
AcDbEntity
  8
M-INST
100
AcDbLine
 10
2352.0
 20
441.0
 30
0.0
 11
2352.0
 21
461.0
 31
0.0
  0
LINE
  5
584
330
17
100
AcDbEntity
  8
M-INST
100
AcDbLine
 10
2352.0
 20
461.0
 30
0.0
 11
2356.6
 21
461.0
 31
0.0
  0
LINE
  5
585
330
17
100
AcDbEntity
  8
M-INST
100
AcDbLine
 10
2374.0
 20
441.0
 30
0.0
 11
2374.0
 21
461.0
 31
0.0
  0
LINE
  5
586
330
17
100
AcDbEntity
  8
M-INST
100
AcDbLine
 10
2374.0
 20
461.0
 30
0.0
 11
2363.4
 21
461.0
 31
0.0
  0
LINE
  5
587
330
17
100
AcDbEntity
  8
M-INST
100
AcDbLine
 10
2416.6
 20
461.0
 30
0.0
 11
2400.0
 21
453.0
 31
0.0
  0
LINE
  5
588
330
17
100
AcDbEntity
  8
M-INST
100
AcDbLine
 10
2400.0
 20
453.0
 30
0.0
 11
2369.0
 21
446.0
 31
0.0
  0
LINE
  5
589
330
17
100
AcDbEntity
  8
M-EA
100
AcDbLine
 10
2426.0
 20
441.0
 30
0.0
 11
2426.0
 21
354.0
 31
0.0
  0
LINE
  5
58A
330
17
100
AcDbEntity
  8
M-EA
100
AcDbLine
 10
2426.0
 20
354.0
 30
0.0
 11
2443.0
 21
354.0
 31
0.0
  0
LINE
  5
58B
330
17
100
AcDbEntity
  8
M-EA
100
AcDbLine
 10
2443.0
 20
354.0
 30
0.0
 11
2443.0
 21
345.0
 31
0.0
  0
LINE
  5
58C
330
17
100
AcDbEntity
  8
M-EA
100
AcDbLine
 10
2443.0
 20
355.0
 30
0.0
 11
2443.0
 21
345.0
 31
0.0
  0
LWPOLYLINE
  5
58D
330
17
100
AcDbEntity
  8
M-EA
100
AcDbPolyline
 90
3
 70
1
 10
2443.0
 20
345.0
 10
2444.125
 20
347.5
 10
2441.875
 20
347.5
  0
TEXT
  5
58E
330
17
100
AcDbEntity
  8
M-EA
100
AcDbText
 10
2254.0
 20
343.0
 30
0.0
 40
2.2
  1
DOWNWARD-FACING OUTDOOR DISCHARGE
 11
2254.0
 21
343.0
 31
0.0
100
AcDbText
  0
TEXT
  5
58F
330
17
100
AcDbEntity
  8
M-PENDING
100
AcDbText
 10
2254.0
 20
331.0
 30
0.0
 40
2.5
  1
CAG: final duty / fan quantity TBC. No automatic fire extraction; entire HVAC shuts down.
 11
2254.0
 21
331.0
 31
0.0
100
AcDbText
  0
LINE
  5
590
330
17
100
AcDbEntity
  8
M-DIM
100
AcDbLine
 10
1825.0
 20
291.0
 30
0.0
 11
2455.0
 21
291.0
 31
0.0
  0
TEXT
  5
591
330
17
100
AcDbEntity
  8
M-INK
100
AcDbText
 10
1828.0
 20
276.0
 30
0.0
 40
3.6
  1
CABLE BASEMENT - SEPARATE VENTILATION CIRCUIT
 11
1828.0
 21
276.0
 31
0.0
100
AcDbText
  0
TEXT
  5
592
330
17
100
AcDbEntity
  8
M-PENDING
100
AcDbText
 10
1828.0
 20
265.0
 30
0.0
 40
2.8
  1
AIRFLOW DUTY TBC: Q >= max(4 x V / 3.6, 1000 x heat_kW / (1.06 x 1.0216 x 5)) L/s
 11
1828.0
 21
265.0
 31
0.0
100
AcDbText
  0
LWPOLYLINE
  5
593
330
17
100
AcDbEntity
  8
M-OA
100
AcDbPolyline
 90
4
 70
1
 10
1836.0
 20
243.0
 10
1848.0
 20
243.0
 10
1848.0
 20
213.0
 10
1836.0
 20
213.0
  0
LINE
  5
594
330
17
100
AcDbEntity
  8
M-OA
100
AcDbLine
 10
1837.0
 20
238.71428571428572
 30
0.0
 11
1847.0
 21
235.92857142857144
 31
0.0
  0
LINE
  5
595
330
17
100
AcDbEntity
  8
M-OA
100
AcDbLine
 10
1837.0
 20
234.42857142857144
 30
0.0
 11
1847.0
 21
231.64285714285717
 31
0.0
  0
LINE
  5
596
330
17
100
AcDbEntity
  8
M-OA
100
AcDbLine
 10
1837.0
 20
230.14285714285717
 30
0.0
 11
1847.0
 21
227.35714285714283
 31
0.0
  0
LINE
  5
597
330
17
100
AcDbEntity
  8
M-OA
100
AcDbLine
 10
1837.0
 20
225.85714285714283
 30
0.0
 11
1847.0
 21
223.07142857142856
 31
0.0
  0
LINE
  5
598
330
17
100
AcDbEntity
  8
M-OA
100
AcDbLine
 10
1837.0
 20
221.57142857142856
 30
0.0
 11
1847.0
 21
218.78571428571428
 31
0.0
  0
TEXT
  5
599
330
17
100
AcDbEntity
  8
M-OA
100
AcDbText
 10
1842.0
 20
208.0
 30
0.0
 40
2.5
  1
STL-B1 / F-OA-B1
 72
1
 11
1842.0
 21
208.0
 31
0.0
100
AcDbText
  0
LWPOLYLINE
  5
59A
330
17
100
AcDbEntity
  8
M-OA
100
AcDbPolyline
 90
4
 70
1
 10
1865.0
 20
240.0
 10
1887.0
 20
240.0
 10
1887.0
 20
216.0
 10
1865.0
 20
216.0
  0
LINE
  5
59B
330
17
100
AcDbEntity
  8
M-OA
100
AcDbLine
 10
1868.0
 20
234.0
 30
0.0
 11
1884.0
 21
234.0
 31
0.0
  0
LINE
  5
59C
330
17
100
AcDbEntity
  8
M-OA
100
AcDbLine
 10
1868.0
 20
228.0
 30
0.0
 11
1884.0
 21
228.0
 31
0.0
  0
LINE
  5
59D
330
17
100
AcDbEntity
  8
M-OA
100
AcDbLine
 10
1868.0
 20
222.0
 30
0.0
 11
1884.0
 21
222.0
 31
0.0
  0
TEXT
  5
59E
330
17
100
AcDbEntity
  8
M-OA
100
AcDbText
 10
1876.0
 20
211.0
 30
0.0
 40
2.4
  1
OA-SIL-B1
 72
1
 11
1876.0
 21
211.0
 31
0.0
100
AcDbText
  0
LINE
  5
59F
330
17
100
AcDbEntity
  8
M-OA
100
AcDbLine
 10
1828.0
 20
228.0
 30
0.0
 11
1907.0
 21
228.0
 31
0.0
  0
LINE
  5
5A0
330
17
100
AcDbEntity
  8
M-OA
100
AcDbLine
 10
1907.0
 20
228.0
 30
0.0
 11
1907.0
 21
176.0
 31
0.0
  0
LINE
  5
5A1
330
17
100
AcDbEntity
  8
M-SA
100
AcDbLine
 10
1907.0
 20
228.0
 30
0.0
 11
2017.0
 21
228.0
 31
0.0
  0
LWPOLYLINE
  5
5A2
330
17
100
AcDbEntity
  8
M-SA
100
AcDbPolyline
 90
3
 70
1
 10
2017.0
 20
228.0
 10
2014.5
 20
229.125
 10
2014.5
 20
226.875
  0
CIRCLE
  5
5A3
330
17
100
AcDbEntity
  8
M-SA
100
AcDbCircle
 10
1945.0
 20
228.0
 30
0.0
 40
8.0
  0
LINE
  5
5A4
330
17
100
AcDbEntity
  8
M-SA
100
AcDbLine
 10
1945.0
 20
228.0
 30
0.0
 11
1950.76
 21
228.0
 31
0.0
  0
LINE
  5
5A5
330
17
100
AcDbEntity
  8
M-SA
100
AcDbLine
 10
1945.0
 20
228.0
 30
0.0
 11
1942.12
 21
223.01169367420164
 31
0.0
  0
LINE
  5
5A6
330
17
100
AcDbEntity
  8
M-SA
100
AcDbLine
 10
1945.0
 20
228.0
 30
0.0
 11
1942.12
 21
232.98830632579836
 31
0.0
  0
TEXT
  5
5A7
330
17
100
AcDbEntity
  8
M-SA
100
AcDbText
 10
1945.0
 20
215.0
 30
0.0
 40
2.7
  1
SF-B1-01
 72
1
 11
1945.0
 21
215.0
 31
0.0
100
AcDbText
  0
LWPOLYLINE
  5
5A8
330
17
100
AcDbEntity
  8
M-SA
100
AcDbPolyline
 90
4
 70
1
 10
1989.5
 20
230.5
 10
1994.5
 20
230.5
 10
1994.5
 20
225.5
 10
1989.5
 20
225.5
  0
LINE
  5
5A9
330
17
100
AcDbEntity
  8
M-SA
100
AcDbLine
 10
1990.1
 20
226.10000000000002
 30
0.0
 11
1993.9
 21
229.89999999999998
 31
0.0
  0
LWPOLYLINE
  5
5AA
330
17
100
AcDbEntity
  8
M-SA
100
AcDbPolyline
 90
4
 70
1
 10
1990.5
 20
233.25
 10
1993.5
 20
233.25
 10
1993.5
 20
231.0
 10
1990.5
 20
231.0
  0
TEXT
  5
5AB
330
17
100
AcDbEntity
  8
M-SA
100
AcDbText
 10
1992.0
 20
231.45
 30
0.0
 40
1.4000000000000001
  1
M
 72
1
 11
1992.0
 21
231.45
 31
0.0
100
AcDbText
  0
TEXT
  5
5AC
330
17
100
AcDbEntity
  8
M-SA
100
AcDbText
 10
1992.0
 20
223.25
 30
0.0
 40
1.5
  1
MD-SF-B1-01
 72
1
 11
1992.0
 21
223.25
 31
0.0
100
AcDbText
  0
LINE
  5
5AD
330
17
100
AcDbEntity
  8
M-SA
100
AcDbLine
 10
2017.0
 20
228.0
 30
0.0
 11
2028.0
 21
228.0
 31
0.0
  0
LINE
  5
5AE
330
17
100
AcDbEntity
  8
M-SA
100
AcDbLine
 10
2028.0
 20
228.0
 30
0.0
 11
2028.0
 21
200.0
 31
0.0
  0
CIRCLE
  5
5AF
330
17
100
AcDbEntity
  8
M-INST
100
AcDbCircle
 10
1953.0
 20
248.0
 30
0.0
 40
3.2
  0
TEXT
  5
5B0
330
17
100
AcDbEntity
  8
M-INST
100
AcDbText
 10
1953.0
 20
247.04000000000002
 30
0.0
 40
1.4080000000000001
  1
DP
 72
1
 11
1953.0
 21
247.04000000000002
 31
0.0
100
AcDbText
  0
TEXT
  5
5B1
330
17
100
AcDbEntity
  8
M-INST
100
AcDbText
 10
1953.0
 20
253.2
 30
0.0
 40
1.4080000000000001
  1
DPT-SF-B1-01
 72
1
 11
1953.0
 21
253.2
 31
0.0
100
AcDbText
  0
CIRCLE
  5
5B2
330
17
100
AcDbEntity
  8
M-INST
100
AcDbCircle
 10
2004.0
 20
248.0
 30
0.0
 40
3.2
  0
TEXT
  5
5B3
330
17
100
AcDbEntity
  8
M-INST
100
AcDbText
 10
2004.0
 20
247.04000000000002
 30
0.0
 40
1.4080000000000001
  1
VS
 72
1
 11
2004.0
 21
247.04000000000002
 31
0.0
100
AcDbText
  0
TEXT
  5
5B4
330
17
100
AcDbEntity
  8
M-INST
100
AcDbText
 10
2004.0
 20
253.2
 30
0.0
 40
1.4080000000000001
  1
VS-SF-B1-01
 72
1
 11
2004.0
 21
253.2
 31
0.0
100
AcDbText
  0
LWPOLYLINE
  5
5B5
330
17
100
AcDbEntity
  8
M-SA
100
AcDbPolyline
 90
4
 70
1
 10
1917.5
 20
230.5
 10
1922.5
 20
230.5
 10
1922.5
 20
225.5
 10
1917.5
 20
225.5
  0
LINE
  5
5B6
330
17
100
AcDbEntity
  8
M-SA
100
AcDbLine
 10
1918.1
 20
226.10000000000002
 30
0.0
 11
1921.9
 21
229.89999999999998
 31
0.0
  0
LWPOLYLINE
  5
5B7
330
17
100
AcDbEntity
  8
M-SA
100
AcDbPolyline
 90
4
 70
1
 10
1918.5
 20
233.25
 10
1921.5
 20
233.25
 10
1921.5
 20
231.0
 10
1918.5
 20
231.0
  0
TEXT
  5
5B8
330
17
100
AcDbEntity
  8
M-SA
100
AcDbText
 10
1920.0
 20
231.45
 30
0.0
 40
1.4000000000000001
  1
M
 72
1
 11
1920.0
 21
231.45
 31
0.0
100
AcDbText
  0
TEXT
  5
5B9
330
17
100
AcDbEntity
  8
M-SA
100
AcDbText
 10
1920.0
 20
223.25
 30
0.0
 40
1.5
  1
MD-ISF-B1-01
 72
1
 11
1920.0
 21
223.25
 31
0.0
100
AcDbText
  0
LINE
  5
5BA
330
17
100
AcDbEntity
  8
M-INST
100
AcDbLine
 10
1933.0
 20
228.0
 30
0.0
 11
1933.0
 21
248.0
 31
0.0
  0
LINE
  5
5BB
330
17
100
AcDbEntity
  8
M-INST
100
AcDbLine
 10
1933.0
 20
248.0
 30
0.0
 11
1949.8
 21
248.0
 31
0.0
  0
LINE
  5
5BC
330
17
100
AcDbEntity
  8
M-INST
100
AcDbLine
 10
1963.0
 20
228.0
 30
0.0
 11
1963.0
 21
248.0
 31
0.0
  0
LINE
  5
5BD
330
17
100
AcDbEntity
  8
M-INST
100
AcDbLine
 10
1963.0
 20
248.0
 30
0.0
 11
1956.2
 21
248.0
 31
0.0
  0
LINE
  5
5BE
330
17
100
AcDbEntity
  8
M-INST
100
AcDbLine
 10
2000.8
 20
248.0
 30
0.0
 11
1983.0
 21
240.0
 31
0.0
  0
LINE
  5
5BF
330
17
100
AcDbEntity
  8
M-INST
100
AcDbLine
 10
1983.0
 20
240.0
 30
0.0
 11
1951.0
 21
233.0
 31
0.0
  0
LINE
  5
5C0
330
17
100
AcDbEntity
  8
M-SA
100
AcDbLine
 10
1907.0
 20
176.0
 30
0.0
 11
2017.0
 21
176.0
 31
0.0
  0
LWPOLYLINE
  5
5C1
330
17
100
AcDbEntity
  8
M-SA
100
AcDbPolyline
 90
3
 70
1
 10
2017.0
 20
176.0
 10
2014.5
 20
177.125
 10
2014.5
 20
174.875
  0
CIRCLE
  5
5C2
330
17
100
AcDbEntity
  8
M-SA
100
AcDbCircle
 10
1945.0
 20
176.0
 30
0.0
 40
8.0
  0
LINE
  5
5C3
330
17
100
AcDbEntity
  8
M-SA
100
AcDbLine
 10
1945.0
 20
176.0
 30
0.0
 11
1950.76
 21
176.0
 31
0.0
  0
LINE
  5
5C4
330
17
100
AcDbEntity
  8
M-SA
100
AcDbLine
 10
1945.0
 20
176.0
 30
0.0
 11
1942.12
 21
171.01169367420164
 31
0.0
  0
LINE
  5
5C5
330
17
100
AcDbEntity
  8
M-SA
100
AcDbLine
 10
1945.0
 20
176.0
 30
0.0
 11
1942.12
 21
180.98830632579836
 31
0.0
  0
TEXT
  5
5C6
330
17
100
AcDbEntity
  8
M-SA
100
AcDbText
 10
1945.0
 20
163.0
 30
0.0
 40
2.7
  1
SF-B1-02
 72
1
 11
1945.0
 21
163.0
 31
0.0
100
AcDbText
  0
LWPOLYLINE
  5
5C7
330
17
100
AcDbEntity
  8
M-SA
100
AcDbPolyline
 90
4
 70
1
 10
1989.5
 20
178.5
 10
1994.5
 20
178.5
 10
1994.5
 20
173.5
 10
1989.5
 20
173.5
  0
LINE
  5
5C8
330
17
100
AcDbEntity
  8
M-SA
100
AcDbLine
 10
1990.1
 20
174.10000000000002
 30
0.0
 11
1993.9
 21
177.89999999999998
 31
0.0
  0
LWPOLYLINE
  5
5C9
330
17
100
AcDbEntity
  8
M-SA
100
AcDbPolyline
 90
4
 70
1
 10
1990.5
 20
181.25
 10
1993.5
 20
181.25
 10
1993.5
 20
179.0
 10
1990.5
 20
179.0
  0
TEXT
  5
5CA
330
17
100
AcDbEntity
  8
M-SA
100
AcDbText
 10
1992.0
 20
179.45
 30
0.0
 40
1.4000000000000001
  1
M
 72
1
 11
1992.0
 21
179.45
 31
0.0
100
AcDbText
  0
TEXT
  5
5CB
330
17
100
AcDbEntity
  8
M-SA
100
AcDbText
 10
1992.0
 20
171.25
 30
0.0
 40
1.5
  1
MD-SF-B1-02
 72
1
 11
1992.0
 21
171.25
 31
0.0
100
AcDbText
  0
LINE
  5
5CC
330
17
100
AcDbEntity
  8
M-SA
100
AcDbLine
 10
2017.0
 20
176.0
 30
0.0
 11
2028.0
 21
176.0
 31
0.0
  0
LINE
  5
5CD
330
17
100
AcDbEntity
  8
M-SA
100
AcDbLine
 10
2028.0
 20
176.0
 30
0.0
 11
2028.0
 21
200.0
 31
0.0
  0
CIRCLE
  5
5CE
330
17
100
AcDbEntity
  8
M-INST
100
AcDbCircle
 10
1953.0
 20
196.0
 30
0.0
 40
3.2
  0
TEXT
  5
5CF
330
17
100
AcDbEntity
  8
M-INST
100
AcDbText
 10
1953.0
 20
195.04000000000002
 30
0.0
 40
1.4080000000000001
  1
DP
 72
1
 11
1953.0
 21
195.04000000000002
 31
0.0
100
AcDbText
  0
TEXT
  5
5D0
330
17
100
AcDbEntity
  8
M-INST
100
AcDbText
 10
1953.0
 20
201.2
 30
0.0
 40
1.4080000000000001
  1
DPT-SF-B1-02
 72
1
 11
1953.0
 21
201.2
 31
0.0
100
AcDbText
  0
CIRCLE
  5
5D1
330
17
100
AcDbEntity
  8
M-INST
100
AcDbCircle
 10
2004.0
 20
196.0
 30
0.0
 40
3.2
  0
TEXT
  5
5D2
330
17
100
AcDbEntity
  8
M-INST
100
AcDbText
 10
2004.0
 20
195.04000000000002
 30
0.0
 40
1.4080000000000001
  1
VS
 72
1
 11
2004.0
 21
195.04000000000002
 31
0.0
100
AcDbText
  0
TEXT
  5
5D3
330
17
100
AcDbEntity
  8
M-INST
100
AcDbText
 10
2004.0
 20
201.2
 30
0.0
 40
1.4080000000000001
  1
VS-SF-B1-02
 72
1
 11
2004.0
 21
201.2
 31
0.0
100
AcDbText
  0
LWPOLYLINE
  5
5D4
330
17
100
AcDbEntity
  8
M-SA
100
AcDbPolyline
 90
4
 70
1
 10
1917.5
 20
178.5
 10
1922.5
 20
178.5
 10
1922.5
 20
173.5
 10
1917.5
 20
173.5
  0
LINE
  5
5D5
330
17
100
AcDbEntity
  8
M-SA
100
AcDbLine
 10
1918.1
 20
174.10000000000002
 30
0.0
 11
1921.9
 21
177.89999999999998
 31
0.0
  0
LWPOLYLINE
  5
5D6
330
17
100
AcDbEntity
  8
M-SA
100
AcDbPolyline
 90
4
 70
1
 10
1918.5
 20
181.25
 10
1921.5
 20
181.25
 10
1921.5
 20
179.0
 10
1918.5
 20
179.0
  0
TEXT
  5
5D7
330
17
100
AcDbEntity
  8
M-SA
100
AcDbText
 10
1920.0
 20
179.45
 30
0.0
 40
1.4000000000000001
  1
M
 72
1
 11
1920.0
 21
179.45
 31
0.0
100
AcDbText
  0
TEXT
  5
5D8
330
17
100
AcDbEntity
  8
M-SA
100
AcDbText
 10
1920.0
 20
171.25
 30
0.0
 40
1.5
  1
MD-ISF-B1-02
 72
1
 11
1920.0
 21
171.25
 31
0.0
100
AcDbText
  0
LINE
  5
5D9
330
17
100
AcDbEntity
  8
M-INST
100
AcDbLine
 10
1933.0
 20
176.0
 30
0.0
 11
1933.0
 21
196.0
 31
0.0
  0
LINE
  5
5DA
330
17
100
AcDbEntity
  8
M-INST
100
AcDbLine
 10
1933.0
 20
196.0
 30
0.0
 11
1949.8
 21
196.0
 31
0.0
  0
LINE
  5
5DB
330
17
100
AcDbEntity
  8
M-INST
100
AcDbLine
 10
1963.0
 20
176.0
 30
0.0
 11
1963.0
 21
196.0
 31
0.0
  0
LINE
  5
5DC
330
17
100
AcDbEntity
  8
M-INST
100
AcDbLine
 10
1963.0
 20
196.0
 30
0.0
 11
1956.2
 21
196.0
 31
0.0
  0
LINE
  5
5DD
330
17
100
AcDbEntity
  8
M-INST
100
AcDbLine
 10
2000.8
 20
196.0
 30
0.0
 11
1983.0
 21
188.0
 31
0.0
  0
LINE
  5
5DE
330
17
100
AcDbEntity
  8
M-INST
100
AcDbLine
 10
1983.0
 20
188.0
 30
0.0
 11
1951.0
 21
181.0
 31
0.0
  0
LWPOLYLINE
  5
5DF
330
17
100
AcDbEntity
  8
M-DIM
100
AcDbPolyline
 90
4
 70
1
 10
2067.0
 20
245.0
 10
2209.0
 20
245.0
 10
2209.0
 20
135.0
 10
2067.0
 20
135.0
  0
TEXT
  5
5E0
330
17
100
AcDbEntity
  8
M-INK
100
AcDbText
 10
2138.0
 20
229.0
 30
0.0
 40
3.2
  1
CABLE BASEMENT
 72
1
 11
2138.0
 21
229.0
 31
0.0
100
AcDbText
  0
LINE
  5
5E1
330
17
100
AcDbEntity
  8
M-SA
100
AcDbLine
 10
2028.0
 20
200.0
 30
0.0
 11
2080.0
 21
200.0
 31
0.0
  0
LWPOLYLINE
  5
5E2
330
17
100
AcDbEntity
  8
M-SA
100
AcDbPolyline
 90
3
 70
1
 10
2080.0
 20
200.0
 10
2077.5
 20
201.125
 10
2077.5
 20
198.875
  0
LWPOLYLINE
  5
5E3
330
17
100
AcDbEntity
  8
M-SA
100
AcDbPolyline
 90
4
 70
1
 10
2082.5
 20
204.5
 10
2091.5
 20
204.5
 10
2091.5
 20
195.5
 10
2082.5
 20
195.5
  0
LINE
  5
5E4
330
17
100
AcDbEntity
  8
M-SA
100
AcDbLine
 10
2082.5
 20
204.5
 30
0.0
 11
2091.5
 21
195.5
 31
0.0
  0
LINE
  5
5E5
330
17
100
AcDbEntity
  8
M-SA
100
AcDbLine
 10
2082.5
 20
195.5
 30
0.0
 11
2091.5
 21
204.5
 31
0.0
  0
TEXT
  5
5E6
330
17
100
AcDbEntity
  8
M-SA
100
AcDbText
 10
2087.0
 20
192.8
 30
0.0
 40
2.34
  1
SF OUTLETS
 72
1
 11
2087.0
 21
192.8
 31
0.0
100
AcDbText
  0
LWPOLYLINE
  5
5E7
330
17
100
AcDbEntity
  8
M-EA
100
AcDbPolyline
 90
4
 70
1
 10
2182.5
 20
204.5
 10
2191.5
 20
204.5
 10
2191.5
 20
195.5
 10
2182.5
 20
195.5
  0
LINE
  5
5E8
330
17
100
AcDbEntity
  8
M-EA
100
AcDbLine
 10
2183.4
 20
202.7
 30
0.0
 11
2190.6
 21
202.7
 31
0.0
  0
LINE
  5
5E9
330
17
100
AcDbEntity
  8
M-EA
100
AcDbLine
 10
2183.4
 20
200.0
 30
0.0
 11
2190.6
 21
200.0
 31
0.0
  0
LINE
  5
5EA
330
17
100
AcDbEntity
  8
M-EA
100
AcDbLine
 10
2183.4
 20
197.3
 30
0.0
 11
2190.6
 21
197.3
 31
0.0
  0
TEXT
  5
5EB
330
17
100
AcDbEntity
  8
M-EA
100
AcDbText
 10
2187.0
 20
192.8
 30
0.0
 40
2.34
  1
EF GRILLES
 72
1
 11
2187.0
 21
192.8
 31
0.0
100
AcDbText
  0
LINE
  5
5EC
330
17
100
AcDbEntity
  8
M-EA
100
AcDbLine
 10
2193.0
 20
200.0
 30
0.0
 11
2252.0
 21
200.0
 31
0.0
  0
LWPOLYLINE
  5
5ED
330
17
100
AcDbEntity
  8
M-EA
100
AcDbPolyline
 90
3
 70
1
 10
2252.0
 20
200.0
 10
2249.5
 20
201.125
 10
2249.5
 20
198.875
  0
LINE
  5
5EE
330
17
100
AcDbEntity
  8
M-EA
100
AcDbLine
 10
2252.0
 20
228.0
 30
0.0
 11
2252.0
 21
176.0
 31
0.0
  0
CIRCLE
  5
5EF
330
17
100
AcDbEntity
  8
M-INST
100
AcDbCircle
 10
2112.0
 20
159.0
 30
0.0
 40
4.0
  0
TEXT
  5
5F0
330
17
100
AcDbEntity
  8
M-INST
100
AcDbText
 10
2112.0
 20
157.8
 30
0.0
 40
1.76
  1
TT
 72
1
 11
2112.0
 21
157.8
 31
0.0
100
AcDbText
  0
TEXT
  5
5F1
330
17
100
AcDbEntity
  8
M-INST
100
AcDbText
 10
2112.0
 20
165.0
 30
0.0
 40
1.76
  1
TT-B1-01
 72
1
 11
2112.0
 21
165.0
 31
0.0
100
AcDbText
  0
CIRCLE
  5
5F2
330
17
100
AcDbEntity
  8
M-INST
100
AcDbCircle
 10
2167.0
 20
159.0
 30
0.0
 40
4.0
  0
TEXT
  5
5F3
330
17
100
AcDbEntity
  8
M-INST
100
AcDbText
 10
2167.0
 20
157.8
 30
0.0
 40
1.76
  1
DP
 72
1
 11
2167.0
 21
157.8
 31
0.0
100
AcDbText
  0
TEXT
  5
5F4
330
17
100
AcDbEntity
  8
M-INST
100
AcDbText
 10
2167.0
 20
165.0
 30
0.0
 40
1.76
  1
DPT-B1-01
 72
1
 11
2167.0
 21
165.0
 31
0.0
100
AcDbText
  0
LINE
  5
5F5
330
17
100
AcDbEntity
  8
M-EA
100
AcDbLine
 10
2252.0
 20
228.0
 30
0.0
 11
2423.0
 21
228.0
 31
0.0
  0
LWPOLYLINE
  5
5F6
330
17
100
AcDbEntity
  8
M-EA
100
AcDbPolyline
 90
3
 70
1
 10
2423.0
 20
228.0
 10
2420.5
 20
229.125
 10
2420.5
 20
226.875
  0
LWPOLYLINE
  5
5F7
330
17
100
AcDbEntity
  8
M-EA
100
AcDbPolyline
 90
4
 70
1
 10
2257.5
 20
233.5
 10
2262.5
 20
233.5
 10
2262.5
 20
222.5
 10
2257.5
 20
222.5
  0
LINE
  5
5F8
330
17
100
AcDbEntity
  8
M-EA
100
AcDbLine
 10
2258.25
 20
232.39999999999998
 30
0.0
 11
2259.25
 21
229.10000000000002
 31
0.0
  0
LINE
  5
5F9
330
17
100
AcDbEntity
  8
M-EA
100
AcDbLine
 10
2259.25
 20
229.10000000000002
 30
0.0
 11
2258.25
 21
225.8
 31
0.0
  0
LINE
  5
5FA
330
17
100
AcDbEntity
  8
M-EA
100
AcDbLine
 10
2258.25
 20
225.8
 30
0.0
 11
2259.25
 21
223.60000000000002
 31
0.0
  0
LINE
  5
5FB
330
17
100
AcDbEntity
  8
M-EA
100
AcDbLine
 10
2259.5
 20
232.39999999999998
 30
0.0
 11
2260.5
 21
229.10000000000002
 31
0.0
  0
LINE
  5
5FC
330
17
100
AcDbEntity
  8
M-EA
100
AcDbLine
 10
2260.5
 20
229.10000000000002
 30
0.0
 11
2259.5
 21
225.8
 31
0.0
  0
LINE
  5
5FD
330
17
100
AcDbEntity
  8
M-EA
100
AcDbLine
 10
2259.5
 20
225.8
 30
0.0
 11
2260.5
 21
223.60000000000002
 31
0.0
  0
LINE
  5
5FE
330
17
100
AcDbEntity
  8
M-EA
100
AcDbLine
 10
2260.75
 20
232.39999999999998
 30
0.0
 11
2261.75
 21
229.10000000000002
 31
0.0
  0
LINE
  5
5FF
330
17
100
AcDbEntity
  8
M-EA
100
AcDbLine
 10
2261.75
 20
229.10000000000002
 30
0.0
 11
2260.75
 21
225.8
 31
0.0
  0
LINE
  5
600
330
17
100
AcDbEntity
  8
M-EA
100
AcDbLine
 10
2260.75
 20
225.8
 30
0.0
 11
2261.75
 21
223.60000000000002
 31
0.0
  0
CIRCLE
  5
601
330
17
100
AcDbEntity
  8
M-EA
100
AcDbCircle
 10
2291.0
 20
228.0
 30
0.0
 40
8.0
  0
LINE
  5
602
330
17
100
AcDbEntity
  8
M-EA
100
AcDbLine
 10
2291.0
 20
228.0
 30
0.0
 11
2296.76
 21
228.0
 31
0.0
  0
LINE
  5
603
330
17
100
AcDbEntity
  8
M-EA
100
AcDbLine
 10
2291.0
 20
228.0
 30
0.0
 11
2288.12
 21
223.01169367420164
 31
0.0
  0
LINE
  5
604
330
17
100
AcDbEntity
  8
M-EA
100
AcDbLine
 10
2291.0
 20
228.0
 30
0.0
 11
2288.12
 21
232.98830632579836
 31
0.0
  0
TEXT
  5
605
330
17
100
AcDbEntity
  8
M-EA
100
AcDbText
 10
2291.0
 20
215.0
 30
0.0
 40
2.7
  1
EF-B1-01
 72
1
 11
2291.0
 21
215.0
 31
0.0
100
AcDbText
  0
LWPOLYLINE
  5
606
330
17
100
AcDbEntity
  8
M-EA
100
AcDbPolyline
 90
4
 70
1
 10
2335.5
 20
230.5
 10
2340.5
 20
230.5
 10
2340.5
 20
225.5
 10
2335.5
 20
225.5
  0
LINE
  5
607
330
17
100
AcDbEntity
  8
M-EA
100
AcDbLine
 10
2336.1
 20
226.10000000000002
 30
0.0
 11
2339.9
 21
229.89999999999998
 31
0.0
  0
LWPOLYLINE
  5
608
330
17
100
AcDbEntity
  8
M-EA
100
AcDbPolyline
 90
4
 70
1
 10
2336.5
 20
233.25
 10
2339.5
 20
233.25
 10
2339.5
 20
231.0
 10
2336.5
 20
231.0
  0
TEXT
  5
609
330
17
100
AcDbEntity
  8
M-EA
100
AcDbText
 10
2338.0
 20
231.45
 30
0.0
 40
1.4000000000000001
  1
M
 72
1
 11
2338.0
 21
231.45
 31
0.0
100
AcDbText
  0
TEXT
  5
60A
330
17
100
AcDbEntity
  8
M-EA
100
AcDbText
 10
2338.0
 20
223.25
 30
0.0
 40
1.5
  1
MD-EF-B1-01
 72
1
 11
2338.0
 21
223.25
 31
0.0
100
AcDbText
  0
LWPOLYLINE
  5
60B
330
17
100
AcDbEntity
  8
M-EA
100
AcDbPolyline
 90
4
 70
1
 10
2366.0
 20
239.0
 10
2389.0
 20
239.0
 10
2389.0
 20
217.0
 10
2366.0
 20
217.0
  0
LINE
  5
60C
330
17
100
AcDbEntity
  8
M-EA
100
AcDbLine
 10
2369.0
 20
233.5
 30
0.0
 11
2386.0
 21
233.5
 31
0.0
  0
LINE
  5
60D
330
17
100
AcDbEntity
  8
M-EA
100
AcDbLine
 10
2369.0
 20
228.0
 30
0.0
 11
2386.0
 21
228.0
 31
0.0
  0
LINE
  5
60E
330
17
100
AcDbEntity
  8
M-EA
100
AcDbLine
 10
2369.0
 20
222.5
 30
0.0
 11
2386.0
 21
222.5
 31
0.0
  0
TEXT
  5
60F
330
17
100
AcDbEntity
  8
M-EA
100
AcDbText
 10
2377.5
 20
212.0
 30
0.0
 40
2.4
  1
EA-SIL-B1-01
 72
1
 11
2377.5
 21
212.0
 31
0.0
100
AcDbText
  0
CIRCLE
  5
610
330
17
100
AcDbEntity
  8
M-INST
100
AcDbCircle
 10
2300.0
 20
248.0
 30
0.0
 40
3.2
  0
TEXT
  5
611
330
17
100
AcDbEntity
  8
M-INST
100
AcDbText
 10
2300.0
 20
247.04000000000002
 30
0.0
 40
1.4080000000000001
  1
DP
 72
1
 11
2300.0
 21
247.04000000000002
 31
0.0
100
AcDbText
  0
TEXT
  5
612
330
17
100
AcDbEntity
  8
M-INST
100
AcDbText
 10
2300.0
 20
253.2
 30
0.0
 40
1.4080000000000001
  1
DPT-EF-B1-01
 72
1
 11
2300.0
 21
253.2
 31
0.0
100
AcDbText
  0
CIRCLE
  5
613
330
17
100
AcDbEntity
  8
M-INST
100
AcDbCircle
 10
2400.0
 20
248.0
 30
0.0
 40
3.2
  0
TEXT
  5
614
330
17
100
AcDbEntity
  8
M-INST
100
AcDbText
 10
2400.0
 20
247.04000000000002
 30
0.0
 40
1.4080000000000001
  1
VS
 72
1
 11
2400.0
 21
247.04000000000002
 31
0.0
100
AcDbText
  0
TEXT
  5
615
330
17
100
AcDbEntity
  8
M-INST
100
AcDbText
 10
2400.0
 20
253.2
 30
0.0
 40
1.4080000000000001
  1
VS-EF-B1-01
 72
1
 11
2400.0
 21
253.2
 31
0.0
100
AcDbText
  0
LWPOLYLINE
  5
616
330
17
100
AcDbEntity
  8
M-EA
100
AcDbPolyline
 90
4
 70
1
 10
2268.5
 20
230.5
 10
2273.5
 20
230.5
 10
2273.5
 20
225.5
 10
2268.5
 20
225.5
  0
LINE
  5
617
330
17
100
AcDbEntity
  8
M-EA
100
AcDbLine
 10
2269.1
 20
226.10000000000002
 30
0.0
 11
2272.9
 21
229.89999999999998
 31
0.0
  0
LWPOLYLINE
  5
618
330
17
100
AcDbEntity
  8
M-EA
100
AcDbPolyline
 90
4
 70
1
 10
2269.5
 20
233.25
 10
2272.5
 20
233.25
 10
2272.5
 20
231.0
 10
2269.5
 20
231.0
  0
TEXT
  5
619
330
17
100
AcDbEntity
  8
M-EA
100
AcDbText
 10
2271.0
 20
231.45
 30
0.0
 40
1.4000000000000001
  1
M
 72
1
 11
2271.0
 21
231.45
 31
0.0
100
AcDbText
  0
TEXT
  5
61A
330
17
100
AcDbEntity
  8
M-EA
100
AcDbText
 10
2271.0
 20
223.25
 30
0.0
 40
1.5
  1
MD-IEF-B1-01
 72
1
 11
2271.0
 21
223.25
 31
0.0
100
AcDbText
  0
LINE
  5
61B
330
17
100
AcDbEntity
  8
M-INST
100
AcDbLine
 10
2279.0
 20
228.0
 30
0.0
 11
2279.0
 21
248.0
 31
0.0
  0
LINE
  5
61C
330
17
100
AcDbEntity
  8
M-INST
100
AcDbLine
 10
2279.0
 20
248.0
 30
0.0
 11
2296.8
 21
248.0
 31
0.0
  0
LINE
  5
61D
330
17
100
AcDbEntity
  8
M-INST
100
AcDbLine
 10
2309.0
 20
228.0
 30
0.0
 11
2309.0
 21
248.0
 31
0.0
  0
LINE
  5
61E
330
17
100
AcDbEntity
  8
M-INST
100
AcDbLine
 10
2309.0
 20
248.0
 30
0.0
 11
2303.2
 21
248.0
 31
0.0
  0
LINE
  5
61F
330
17
100
AcDbEntity
  8
M-INST
100
AcDbLine
 10
2396.8
 20
248.0
 30
0.0
 11
2364.0
 21
241.0
 31
0.0
  0
LINE
  5
620
330
17
100
AcDbEntity
  8
M-INST
100
AcDbLine
 10
2364.0
 20
241.0
 30
0.0
 11
2297.0
 21
233.0
 31
0.0
  0
LINE
  5
621
330
17
100
AcDbEntity
  8
M-EA
100
AcDbLine
 10
2252.0
 20
176.0
 30
0.0
 11
2423.0
 21
176.0
 31
0.0
  0
LWPOLYLINE
  5
622
330
17
100
AcDbEntity
  8
M-EA
100
AcDbPolyline
 90
3
 70
1
 10
2423.0
 20
176.0
 10
2420.5
 20
177.125
 10
2420.5
 20
174.875
  0
LWPOLYLINE
  5
623
330
17
100
AcDbEntity
  8
M-EA
100
AcDbPolyline
 90
4
 70
1
 10
2257.5
 20
181.5
 10
2262.5
 20
181.5
 10
2262.5
 20
170.5
 10
2257.5
 20
170.5
  0
LINE
  5
624
330
17
100
AcDbEntity
  8
M-EA
100
AcDbLine
 10
2258.25
 20
180.39999999999998
 30
0.0
 11
2259.25
 21
177.10000000000002
 31
0.0
  0
LINE
  5
625
330
17
100
AcDbEntity
  8
M-EA
100
AcDbLine
 10
2259.25
 20
177.10000000000002
 30
0.0
 11
2258.25
 21
173.8
 31
0.0
  0
LINE
  5
626
330
17
100
AcDbEntity
  8
M-EA
100
AcDbLine
 10
2258.25
 20
173.8
 30
0.0
 11
2259.25
 21
171.60000000000002
 31
0.0
  0
LINE
  5
627
330
17
100
AcDbEntity
  8
M-EA
100
AcDbLine
 10
2259.5
 20
180.39999999999998
 30
0.0
 11
2260.5
 21
177.10000000000002
 31
0.0
  0
LINE
  5
628
330
17
100
AcDbEntity
  8
M-EA
100
AcDbLine
 10
2260.5
 20
177.10000000000002
 30
0.0
 11
2259.5
 21
173.8
 31
0.0
  0
LINE
  5
629
330
17
100
AcDbEntity
  8
M-EA
100
AcDbLine
 10
2259.5
 20
173.8
 30
0.0
 11
2260.5
 21
171.60000000000002
 31
0.0
  0
LINE
  5
62A
330
17
100
AcDbEntity
  8
M-EA
100
AcDbLine
 10
2260.75
 20
180.39999999999998
 30
0.0
 11
2261.75
 21
177.10000000000002
 31
0.0
  0
LINE
  5
62B
330
17
100
AcDbEntity
  8
M-EA
100
AcDbLine
 10
2261.75
 20
177.10000000000002
 30
0.0
 11
2260.75
 21
173.8
 31
0.0
  0
LINE
  5
62C
330
17
100
AcDbEntity
  8
M-EA
100
AcDbLine
 10
2260.75
 20
173.8
 30
0.0
 11
2261.75
 21
171.60000000000002
 31
0.0
  0
CIRCLE
  5
62D
330
17
100
AcDbEntity
  8
M-EA
100
AcDbCircle
 10
2291.0
 20
176.0
 30
0.0
 40
8.0
  0
LINE
  5
62E
330
17
100
AcDbEntity
  8
M-EA
100
AcDbLine
 10
2291.0
 20
176.0
 30
0.0
 11
2296.76
 21
176.0
 31
0.0
  0
LINE
  5
62F
330
17
100
AcDbEntity
  8
M-EA
100
AcDbLine
 10
2291.0
 20
176.0
 30
0.0
 11
2288.12
 21
171.01169367420164
 31
0.0
  0
LINE
  5
630
330
17
100
AcDbEntity
  8
M-EA
100
AcDbLine
 10
2291.0
 20
176.0
 30
0.0
 11
2288.12
 21
180.98830632579836
 31
0.0
  0
TEXT
  5
631
330
17
100
AcDbEntity
  8
M-EA
100
AcDbText
 10
2291.0
 20
163.0
 30
0.0
 40
2.7
  1
EF-B1-02
 72
1
 11
2291.0
 21
163.0
 31
0.0
100
AcDbText
  0
LWPOLYLINE
  5
632
330
17
100
AcDbEntity
  8
M-EA
100
AcDbPolyline
 90
4
 70
1
 10
2335.5
 20
178.5
 10
2340.5
 20
178.5
 10
2340.5
 20
173.5
 10
2335.5
 20
173.5
  0
LINE
  5
633
330
17
100
AcDbEntity
  8
M-EA
100
AcDbLine
 10
2336.1
 20
174.10000000000002
 30
0.0
 11
2339.9
 21
177.89999999999998
 31
0.0
  0
LWPOLYLINE
  5
634
330
17
100
AcDbEntity
  8
M-EA
100
AcDbPolyline
 90
4
 70
1
 10
2336.5
 20
181.25
 10
2339.5
 20
181.25
 10
2339.5
 20
179.0
 10
2336.5
 20
179.0
  0
TEXT
  5
635
330
17
100
AcDbEntity
  8
M-EA
100
AcDbText
 10
2338.0
 20
179.45
 30
0.0
 40
1.4000000000000001
  1
M
 72
1
 11
2338.0
 21
179.45
 31
0.0
100
AcDbText
  0
TEXT
  5
636
330
17
100
AcDbEntity
  8
M-EA
100
AcDbText
 10
2338.0
 20
171.25
 30
0.0
 40
1.5
  1
MD-EF-B1-02
 72
1
 11
2338.0
 21
171.25
 31
0.0
100
AcDbText
  0
LWPOLYLINE
  5
637
330
17
100
AcDbEntity
  8
M-EA
100
AcDbPolyline
 90
4
 70
1
 10
2366.0
 20
187.0
 10
2389.0
 20
187.0
 10
2389.0
 20
165.0
 10
2366.0
 20
165.0
  0
LINE
  5
638
330
17
100
AcDbEntity
  8
M-EA
100
AcDbLine
 10
2369.0
 20
181.5
 30
0.0
 11
2386.0
 21
181.5
 31
0.0
  0
LINE
  5
639
330
17
100
AcDbEntity
  8
M-EA
100
AcDbLine
 10
2369.0
 20
176.0
 30
0.0
 11
2386.0
 21
176.0
 31
0.0
  0
LINE
  5
63A
330
17
100
AcDbEntity
  8
M-EA
100
AcDbLine
 10
2369.0
 20
170.5
 30
0.0
 11
2386.0
 21
170.5
 31
0.0
  0
TEXT
  5
63B
330
17
100
AcDbEntity
  8
M-EA
100
AcDbText
 10
2377.5
 20
160.0
 30
0.0
 40
2.4
  1
EA-SIL-B1-02
 72
1
 11
2377.5
 21
160.0
 31
0.0
100
AcDbText
  0
CIRCLE
  5
63C
330
17
100
AcDbEntity
  8
M-INST
100
AcDbCircle
 10
2300.0
 20
196.0
 30
0.0
 40
3.2
  0
TEXT
  5
63D
330
17
100
AcDbEntity
  8
M-INST
100
AcDbText
 10
2300.0
 20
195.04000000000002
 30
0.0
 40
1.4080000000000001
  1
DP
 72
1
 11
2300.0
 21
195.04000000000002
 31
0.0
100
AcDbText
  0
TEXT
  5
63E
330
17
100
AcDbEntity
  8
M-INST
100
AcDbText
 10
2300.0
 20
201.2
 30
0.0
 40
1.4080000000000001
  1
DPT-EF-B1-02
 72
1
 11
2300.0
 21
201.2
 31
0.0
100
AcDbText
  0
CIRCLE
  5
63F
330
17
100
AcDbEntity
  8
M-INST
100
AcDbCircle
 10
2400.0
 20
196.0
 30
0.0
 40
3.2
  0
TEXT
  5
640
330
17
100
AcDbEntity
  8
M-INST
100
AcDbText
 10
2400.0
 20
195.04000000000002
 30
0.0
 40
1.4080000000000001
  1
VS
 72
1
 11
2400.0
 21
195.04000000000002
 31
0.0
100
AcDbText
  0
TEXT
  5
641
330
17
100
AcDbEntity
  8
M-INST
100
AcDbText
 10
2400.0
 20
201.2
 30
0.0
 40
1.4080000000000001
  1
VS-EF-B1-02
 72
1
 11
2400.0
 21
201.2
 31
0.0
100
AcDbText
  0
LWPOLYLINE
  5
642
330
17
100
AcDbEntity
  8
M-EA
100
AcDbPolyline
 90
4
 70
1
 10
2268.5
 20
178.5
 10
2273.5
 20
178.5
 10
2273.5
 20
173.5
 10
2268.5
 20
173.5
  0
LINE
  5
643
330
17
100
AcDbEntity
  8
M-EA
100
AcDbLine
 10
2269.1
 20
174.10000000000002
 30
0.0
 11
2272.9
 21
177.89999999999998
 31
0.0
  0
LWPOLYLINE
  5
644
330
17
100
AcDbEntity
  8
M-EA
100
AcDbPolyline
 90
4
 70
1
 10
2269.5
 20
181.25
 10
2272.5
 20
181.25
 10
2272.5
 20
179.0
 10
2269.5
 20
179.0
  0
TEXT
  5
645
330
17
100
AcDbEntity
  8
M-EA
100
AcDbText
 10
2271.0
 20
179.45
 30
0.0
 40
1.4000000000000001
  1
M
 72
1
 11
2271.0
 21
179.45
 31
0.0
100
AcDbText
  0
TEXT
  5
646
330
17
100
AcDbEntity
  8
M-EA
100
AcDbText
 10
2271.0
 20
171.25
 30
0.0
 40
1.5
  1
MD-IEF-B1-02
 72
1
 11
2271.0
 21
171.25
 31
0.0
100
AcDbText
  0
LINE
  5
647
330
17
100
AcDbEntity
  8
M-INST
100
AcDbLine
 10
2279.0
 20
176.0
 30
0.0
 11
2279.0
 21
196.0
 31
0.0
  0
LINE
  5
648
330
17
100
AcDbEntity
  8
M-INST
100
AcDbLine
 10
2279.0
 20
196.0
 30
0.0
 11
2296.8
 21
196.0
 31
0.0
  0
LINE
  5
649
330
17
100
AcDbEntity
  8
M-INST
100
AcDbLine
 10
2309.0
 20
176.0
 30
0.0
 11
2309.0
 21
196.0
 31
0.0
  0
LINE
  5
64A
330
17
100
AcDbEntity
  8
M-INST
100
AcDbLine
 10
2309.0
 20
196.0
 30
0.0
 11
2303.2
 21
196.0
 31
0.0
  0
LINE
  5
64B
330
17
100
AcDbEntity
  8
M-INST
100
AcDbLine
 10
2396.8
 20
196.0
 30
0.0
 11
2364.0
 21
189.0
 31
0.0
  0
LINE
  5
64C
330
17
100
AcDbEntity
  8
M-INST
100
AcDbLine
 10
2364.0
 20
189.0
 30
0.0
 11
2297.0
 21
181.0
 31
0.0
  0
LINE
  5
64D
330
17
100
AcDbEntity
  8
M-EA
100
AcDbLine
 10
2423.0
 20
228.0
 30
0.0
 11
2423.0
 21
142.0
 31
0.0
  0
LINE
  5
64E
330
17
100
AcDbEntity
  8
M-EA
100
AcDbLine
 10
2423.0
 20
142.0
 30
0.0
 11
2440.0
 21
142.0
 31
0.0
  0
LINE
  5
64F
330
17
100
AcDbEntity
  8
M-EA
100
AcDbLine
 10
2440.0
 20
142.0
 30
0.0
 11
2440.0
 21
129.0
 31
0.0
  0
LINE
  5
650
330
17
100
AcDbEntity
  8
M-EA
100
AcDbLine
 10
2440.0
 20
143.0
 30
0.0
 11
2440.0
 21
129.0
 31
0.0
  0
LWPOLYLINE
  5
651
330
17
100
AcDbEntity
  8
M-EA
100
AcDbPolyline
 90
3
 70
1
 10
2440.0
 20
129.0
 10
2441.125
 20
131.5
 10
2438.875
 20
131.5
  0
TEXT
  5
652
330
17
100
AcDbEntity
  8
M-INK
100
AcDbText
 10
1827.0
 20
107.0
 30
0.0
 40
3.1
  1
NORMAL / FIRE / POST-FIRE
 11
1827.0
 21
107.0
 31
0.0
100
AcDbText
  0
TEXT
  5
653
330
17
100
AcDbEntity
  8
M-INK
100
AcDbText
 10
1827.0
 20
95.0
 30
0.0
 40
2.7
  1
Normal fans satisfy temperature, fresh-air, ACH and pressure criteria together. Confirmed fire stops ALL HVAC fans and heaters, including CAG and basement. Fire damper positions follow the approved compartment and cause-and-effect design. Same-fan post-fire purge remains a separate proposal; no smoke-control fan rating or automatic purge is established here.
 11
1827.0
 21
95.0
 31
0.0
100
AcDbText
  0
TEXT
  5
654
330
17
100
AcDbEntity
  8
M-PENDING
100
AcDbText
 10
1827.0
 20
44.0
 30
0.0
 40
2.7
  1
Basement plan, duct sizes, equipment clearances, penetrations, fan curve and full pressure loss circuit: TBC.
 11
1827.0
 21
44.0
 31
0.0
100
AcDbText
  0
LWPOLYLINE
  5
65B
330
17
100
AcDbEntity
  8
M-INK
100
AcDbPolyline
 90
4
 70
1
 10
2710.0
 20
584.0
 10
3531.0
 20
584.0
 10
3531.0
 20
10.0
 10
2710.0
 20
10.0
  0
LINE
  5
65C
330
17
100
AcDbEntity
  8
M-INK
100
AcDbLine
 10
3375.0
 20
584.0
 30
0.0
 11
3375.0
 21
10.0
 31
0.0
  0
TEXT
  5
65D
330
17
100
AcDbEntity
  8
M-INK
100
AcDbText
 10
2718.0
 20
571.0
 30
0.0
 40
4.2
  1
ADMINISTRATION HVAC - CONTROLS, I/O AND CAUSE-AND-EFFECT
 11
2718.0
 21
571.0
 31
0.0
100
AcDbText
  0
LINE
  5
65E
330
17
100
AcDbEntity
  8
M-INK
100
AcDbLine
 10
2718.0
 20
565.0
 30
0.0
 11
3365.0
 21
565.0
 31
0.0
  0
TEXT
  5
65F
330
17
100
AcDbEntity
  8
M-INK
100
AcDbText
 10
3383.0
 20
571.0
 30
0.0
 40
3.0
  1
GENERAL NOTES / DESIGN HOLDS
 11
3383.0
 21
571.0
 31
0.0
100
AcDbText
  0
TEXT
  5
660
330
17
100
AcDbEntity
  8
M-INK
100
AcDbText
 10
3383.0
 20
560.0
 30
0.0
 40
2.5
  1
1. All duct sizes are clear internal W x H in mm; round sizes are diameters. Add approved insulation outside
 11
3383.0
 21
560.0
 31
0.0
100
AcDbText
  0
TEXT
  5
661
330
17
100
AcDbEntity
  8
M-INK
100
AcDbText
 10
3383.0
 20
556.375
 30
0.0
 40
2.5
  1
these dimensions.
 11
3383.0
 21
556.375
 31
0.0
100
AcDbText
  0
TEXT
  5
662
330
17
100
AcDbEntity
  8
M-INK
100
AcDbText
 10
3383.0
 20
548.75
 30
0.0
 40
2.5
  1
2. HAP reference supply 3697.80 L/s. Assumed return 3006.68 L/s. Final IAQ, outdoor air, revised thermal loads
 11
3383.0
 21
548.75
 31
0.0
100
AcDbText
  0
TEXT
  5
663
330
17
100
AcDbEntity
  8
M-INK
100
AcDbText
 10
3383.0
 20
545.125
 30
0.0
 40
2.5
  1
and OEM fan pressure remain open.
 11
3383.0
 21
545.125
 31
0.0
100
AcDbText
  0
TEXT
  5
664
330
17
100
AcDbEntity
  8
M-INK
100
AcDbText
 10
3383.0
 20
537.5
 30
0.0
 40
2.5
  1
3. Room targets: +50 Pa normal rooms; +25 Pa kitchen, toilet and clean-agent relative to outdoors. Actual
 11
3383.0
 21
537.5
 31
0.0
100
AcDbText
  0
TEXT
  5
665
330
17
100
AcDbEntity
  8
M-INK
100
AcDbText
 10
3383.0
 20
533.875
 30
0.0
 40
2.5
  1
pressure / outward paths are unverified.
 11
3383.0
 21
533.875
 31
0.0
100
AcDbText
  0
TEXT
  5
666
330
17
100
AcDbEntity
  8
M-INK
100
AcDbText
 10
3383.0
 20
526.25
 30
0.0
 40
2.5
  1
4. Confirmed fire stops the entire HVAC system. Fire ESD restart requires local manual reset; post-fire purge is
 11
3383.0
 21
526.25
 31
0.0
100
AcDbText
  0
TEXT
  5
667
330
17
100
AcDbEntity
  8
M-INK
100
AcDbText
 10
3383.0
 20
522.625
 30
0.0
 40
2.5
  1
a separate approved design.
 11
3383.0
 21
522.625
 31
0.0
100
AcDbText
  0
TEXT
  5
668
330
17
100
AcDbEntity
  8
M-INK
100
AcDbText
 10
3383.0
 20
515.0
 30
0.0
 40
2.5
  1
5. Reference substation drawings guide drafting style only. Project requirements follow the supplied TAQA
 11
3383.0
 21
515.0
 31
0.0
100
AcDbText
  0
TEXT
  5
669
330
17
100
AcDbEntity
  8
M-INK
100
AcDbText
 10
3383.0
 20
511.375
 30
0.0
 40
2.5
  1
specification and accepted room basis.
 11
3383.0
 21
511.375
 31
0.0
100
AcDbText
  0
TEXT
  5
66A
330
17
100
AcDbEntity
  8
M-INK
100
AcDbText
 10
3383.0
 20
503.75
 30
0.0
 40
2.5
  1
6. Control logic, alarm limits, delays, communication protocol and actuator fail positions require I&C / OEM
 11
3383.0
 21
503.75
 31
0.0
100
AcDbText
  0
TEXT
  5
66B
330
17
100
AcDbEntity
  8
M-INK
100
AcDbText
 10
3383.0
 20
500.125
 30
0.0
 40
2.5
  1
approval.
 11
3383.0
 21
500.125
 31
0.0
100
AcDbText
  0
TEXT
  5
66C
330
17
100
AcDbEntity
  8
M-INK
100
AcDbText
 10
3383.0
 20
492.5
 30
0.0
 40
2.5
  1
7. Room DPTs beyond the TAQA minimum and extract fan pressure proof are explicit added provisions, not
 11
3383.0
 21
492.5
 31
0.0
100
AcDbText
  0
TEXT
  5
66D
330
17
100
AcDbEntity
  8
M-INK
100
AcDbText
 10
3383.0
 20
488.875
 30
0.0
 40
2.5
  1
quoted minimum requirements.
 11
3383.0
 21
488.875
 31
0.0
100
AcDbText
  0
TEXT
  5
66E
330
17
100
AcDbEntity
  8
M-INK
100
AcDbText
 10
3383.0
 20
481.25
 30
0.0
 40
2.5
  1
8. Point schedule is preliminary. CAG quantity, conditional fire dampers, humidifier and final energy-meter
 11
3383.0
 21
481.25
 31
0.0
100
AcDbText
  0
TEXT
  5
66F
330
17
100
AcDbEntity
  8
M-INK
100
AcDbText
 10
3383.0
 20
477.625
 30
0.0
 40
2.5
  1
feeder count can change I/O.
 11
3383.0
 21
477.625
 31
0.0
100
AcDbText
  0
LINE
  5
670
330
17
100
AcDbEntity
  8
M-INK
100
AcDbLine
 10
3375.0
 20
234.0
 30
0.0
 11
3531.0
 21
234.0
 31
0.0
  0
TEXT
  5
671
330
17
100
AcDbEntity
  8
M-PENDING
100
AcDbText
 10
3383.0
 20
221.0
 30
0.0
 40
3.3
  1
FOR COORDINATION - NOT FOR CONSTRUCTION
 11
3383.0
 21
221.0
 31
0.0
100
AcDbText
  0
TEXT
  5
672
330
17
100
AcDbEntity
  8
M-PENDING
100
AcDbText
 10
3383.0
 20
203.0
 30
0.0
 40
2.4
  1
Unconfirmed routes, levels, outdoor air and OEM selections: Insufficient data to verify.
 11
3383.0
 21
203.0
 31
0.0
100
AcDbText
  0
LINE
  5
673
330
17
100
AcDbEntity
  8
M-INK
100
AcDbLine
 10
3375.0
 20
178.0
 30
0.0
 11
3531.0
 21
178.0
 31
0.0
  0
TEXT
  5
674
330
17
100
AcDbEntity
  8
M-DIM
100
AcDbText
 10
3383.0
 20
168.0
 30
0.0
 40
2.1
  1
CLIENT / DESIGN BASIS
 11
3383.0
 21
168.0
 31
0.0
100
AcDbText
  0
TEXT
  5
675
330
17
100
AcDbEntity
  8
M-INK
100
AcDbText
 10
3383.0
 20
159.0
 30
0.0
 40
3.5
  1
TAQA TRANSMISSION
 11
3383.0
 21
159.0
 31
0.0
100
AcDbText
  0
TEXT
  5
676
330
17
100
AcDbEntity
  8
M-INK
100
AcDbText
 10
3383.0
 20
149.0
 30
0.0
 40
2.6
  1
N-19082-RO-012 / Design Standardization for Pumping Stations
 11
3383.0
 21
149.0
 31
0.0
100
AcDbText
  0
LINE
  5
677
330
17
100
AcDbEntity
  8
M-INK
100
AcDbLine
 10
3375.0
 20
125.0
 30
0.0
 11
3531.0
 21
125.0
 31
0.0
  0
TEXT
  5
678
330
17
100
AcDbEntity
  8
M-DIM
100
AcDbText
 10
3383.0
 20
116.0
 30
0.0
 40
2.1
  1
DRAWING TITLE
 11
3383.0
 21
116.0
 31
0.0
100
AcDbText
  0
TEXT
  5
679
330
17
100
AcDbEntity
  8
M-INK
100
AcDbText
 10
3383.0
 20
106.0
 30
0.0
 40
3.2
  1
Administration HVAC - controls, I/O and cause-and-effect
 11
3383.0
 21
106.0
 31
0.0
100
AcDbText
  0
LINE
  5
67A
330
17
100
AcDbEntity
  8
M-INK
100
AcDbLine
 10
3375.0
 20
76.0
 30
0.0
 11
3531.0
 21
76.0
 31
0.0
  0
TEXT
  5
67B
330
17
100
AcDbEntity
  8
M-DIM
100
AcDbText
 10
3383.0
 20
67.0
 30
0.0
 40
2.1
  1
DRAWING NUMBER
 11
3383.0
 21
67.0
 31
0.0
100
AcDbText
  0
TEXT
  5
67C
330
17
100
AcDbEntity
  8
M-INK
100
AcDbText
 10
3383.0
 20
57.0
 30
0.0
 40
3.5
  1
ADM-HVAC-S-004
 11
3383.0
 21
57.0
 31
0.0
100
AcDbText
  0
LINE
  5
67D
330
17
100
AcDbEntity
  8
M-INK
100
AcDbLine
 10
3375.0
 20
51.0
 30
0.0
 11
3531.0
 21
51.0
 31
0.0
  0
LINE
  5
67E
330
17
100
AcDbEntity
  8
M-INK
100
AcDbLine
 10
3375.0
 20
34.0
 30
0.0
 11
3531.0
 21
34.0
 31
0.0
  0
LINE
  5
67F
330
17
100
AcDbEntity
  8
M-INK
100
AcDbLine
 10
3375.0
 20
20.0
 30
0.0
 11
3531.0
 21
20.0
 31
0.0
  0
TEXT
  5
680
330
17
100
AcDbEntity
  8
M-INK
100
AcDbText
 10
3383.0
 20
43.0
 30
0.0
 40
2.5
  1
REV 09   |   07 Oct 2026   |   4/4
 11
3383.0
 21
43.0
 31
0.0
100
AcDbText
  0
TEXT
  5
681
330
17
100
AcDbEntity
  8
M-INK
100
AcDbText
 10
3383.0
 20
26.0
 30
0.0
 40
2.4
  1
SCALE NTS   |   A1 / mm / L/s / Pa
 11
3383.0
 21
26.0
 31
0.0
100
AcDbText
  0
TEXT
  5
682
330
17
100
AcDbEntity
  8
M-DIM
100
AcDbText
 10
3383.0
 20
13.0
 30
0.0
 40
2.1
  1
Prepared: draft   Checked / approved: pending
 11
3383.0
 21
13.0
 31
0.0
100
AcDbText
  0
TEXT
  5
683
330
17
100
AcDbEntity
  8
M-DIM
100
AcDbText
 10
2718.0
 20
15.0
 30
0.0
 40
2.2
  1
SOURCE: HAP / ADMIN ARCHITECTURE / C-H-SS-001 Rev0. All new equipment and instrument tags are proposed.
 11
2718.0
 21
15.0
 31
0.0
100
AcDbText
  0
LWPOLYLINE
  5
684
330
17
100
AcDbEntity
  8
M-INST
100
AcDbPolyline
 90
4
 70
1
 10
2727.0
 20
547.0
 10
2900.0
 20
547.0
 10
2900.0
 20
398.0
 10
2727.0
 20
398.0
  0
TEXT
  5
685
330
17
100
AcDbEntity
  8
M-INST
100
AcDbText
 10
2735.0
 20
533.0
 30
0.0
 40
3.2
  1
FIELD MONITORING
 11
2735.0
 21
533.0
 31
0.0
100
AcDbText
  0
TEXT
  5
686
330
17
100
AcDbEntity
  8
M-INST
100
AcDbText
 10
2735.0
 20
518.0
 30
0.0
 40
2.5
  1
TT: all GF rooms, basement, main SA / RA
 11
2735.0
 21
518.0
 31
0.0
100
AcDbText
  0
TEXT
  5
687
330
17
100
AcDbEntity
  8
M-INST
100
AcDbText
 10
2735.0
 20
503.0
 30
0.0
 40
2.5
  1
RHT: occupied / electrical rooms + return
 11
2735.0
 21
503.0
 31
0.0
100
AcDbText
  0
TEXT
  5
688
330
17
100
AcDbEntity
  8
M-INST
100
AcDbText
 10
2735.0
 20
488.0
 30
0.0
 40
2.5
  1
DPT: room pressure, fan proof
 11
2735.0
 21
488.0
 31
0.0
100
AcDbText
  0
TEXT
  5
689
330
17
100
AcDbEntity
  8
M-INST
100
AcDbText
 10
2735.0
 20
473.0
 30
0.0
 40
2.5
  1
PDT + local PDI: every PAU filter bank
 11
2735.0
 21
473.0
 31
0.0
100
AcDbText
  0
TEXT
  5
68A
330
17
100
AcDbEntity
  8
M-INST
100
AcDbText
 10
2735.0
 20
458.0
 30
0.0
 40
2.5
  1
FIT: common supply / return ducts
 11
2735.0
 21
458.0
 31
0.0
100
AcDbText
  0
TEXT
  5
68B
330
17
100
AcDbEntity
  8
M-INST
100
AcDbText
 10
2735.0
 20
443.0
 30
0.0
 40
2.5
  1
VS: PAUs and ventilation fans
 11
2735.0
 21
443.0
 31
0.0
100
AcDbText
  0
TEXT
  5
68C
330
17
100
AcDbEntity
  8
M-INST
100
AcDbText
 10
2735.0
 20
428.0
 30
0.0
 40
2.5
  1
AFS / TSHH: heater airflow / high limit
 11
2735.0
 21
428.0
 31
0.0
100
AcDbText
  0
TEXT
  5
68D
330
17
100
AcDbEntity
  8
M-INST
100
AcDbText
 10
2735.0
 20
413.0
 30
0.0
 40
2.5
  1
EM: feeders >7.5 kW; final quantity TBC
 11
2735.0
 21
413.0
 31
0.0
100
AcDbText
  0
LWPOLYLINE
  5
68E
330
17
100
AcDbEntity
  8
M-INK
100
AcDbPolyline
 90
4
 70
1
 10
2974.0
 20
546.0
 10
3142.0
 20
546.0
 10
3142.0
 20
397.0
 10
2974.0
 20
397.0
  0
TEXT
  5
68F
330
17
100
AcDbEntity
  8
M-INK
100
AcDbText
 10
2983.0
 20
532.0
 30
0.0
 40
3.3
  1
HPCP-01 / DEDICATED PLC
 11
2983.0
 21
532.0
 31
0.0
100
AcDbText
  0
TEXT
  5
690
330
17
100
AcDbEntity
  8
M-INK
100
AcDbText
 10
2983.0
 20
519.0
 30
0.0
 40
2.6
  1
Separate AI / AO / DI / DO cards. Separate duty / standby loop modules. >=20% spare connected I/O terminals
 11
2983.0
 21
519.0
 31
0.0
100
AcDbText
  0
TEXT
  5
691
330
17
100
AcDbEntity
  8
M-INK
100
AcDbText
 10
2983.0
 20
515.23
 30
0.0
 40
2.6
  1
and CPU capacity.
 11
2983.0
 21
515.23
 31
0.0
100
AcDbText
  0
LWPOLYLINE
  5
692
330
17
100
AcDbEntity
  8
M-INST
100
AcDbPolyline
 90
4
 70
1
 10
2990.0
 20
476.0
 10
3126.0
 20
476.0
 10
3126.0
 20
439.0
 10
2990.0
 20
439.0
  0
TEXT
  5
693
330
17
100
AcDbEntity
  8
M-INST
100
AcDbText
 10
3058.0
 20
462.0
 30
0.0
 40
3.0
  1
HMI-01: >=10 inch
 72
1
 11
3058.0
 21
462.0
 31
0.0
100
AcDbText
  0
TEXT
  5
694
330
17
100
AcDbEntity
  8
M-INST
100
AcDbText
 10
3058.0
 20
451.0
 30
0.0
 40
2.4
  1
Mimic / alarms / trends / hours / security
 72
1
 11
3058.0
 21
451.0
 31
0.0
100
AcDbText
  0
TEXT
  5
695
330
17
100
AcDbEntity
  8
M-INK
100
AcDbText
 10
2983.0
 20
423.0
 30
0.0
 40
2.5
  1
Manual-test / Stop / Auto selectors
 11
2983.0
 21
423.0
 31
0.0
100
AcDbText
  0
TEXT
  5
696
330
17
100
AcDbEntity
  8
M-INK
100
AcDbText
 10
2983.0
 20
413.0
 30
0.0
 40
2.4
  1
Run GREEN / Standby YELLOW / Trip RED
 11
2983.0
 21
413.0
 31
0.0
100
AcDbText
  0
LINE
  5
697
330
17
100
AcDbEntity
  8
M-CTRL
  6
DASHED
100
AcDbLine
 10
2900.0
 20
489.0
 30
0.0
 11
2974.0
 21
489.0
 31
0.0
  0
LWPOLYLINE
  5
698
330
17
100
AcDbEntity
  8
M-CTRL
100
AcDbPolyline
 90
3
 70
1
 10
2974.0
 20
489.0
 10
2971.5
 20
490.125
 10
2971.5
 20
487.875
  0
TEXT
  5
699
330
17
100
AcDbEntity
  8
M-CTRL
100
AcDbText
 10
2931.0
 20
499.0
 30
0.0
 40
2.7
  1
AI / DI
 72
1
 11
2931.0
 21
499.0
 31
0.0
100
AcDbText
  0
LWPOLYLINE
  5
69A
330
17
100
AcDbEntity
  8
M-SA
100
AcDbPolyline
 90
4
 70
1
 10
3207.0
 20
546.0
 10
3353.0
 20
546.0
 10
3353.0
 20
397.0
 10
3207.0
 20
397.0
  0
TEXT
  5
69B
330
17
100
AcDbEntity
  8
M-SA
100
AcDbText
 10
3215.0
 20
532.0
 30
0.0
 40
3.1
  1
CONTROLLED EQUIPMENT
 11
3215.0
 21
532.0
 31
0.0
100
AcDbText
  0
TEXT
  5
69C
330
17
100
AcDbEntity
  8
M-SA
100
AcDbText
 10
3215.0
 20
517.0
 30
0.0
 40
2.4
  1
3 x 50% PAUs: rotating duty pair
 11
3215.0
 21
517.0
 31
0.0
100
AcDbText
  0
TEXT
  5
69D
330
17
100
AcDbEntity
  8
M-SA
100
AcDbText
 10
3215.0
 20
502.0
 30
0.0
 40
2.4
  1
Kitchen / toilet 2 x 100% fans
 11
3215.0
 21
502.0
 31
0.0
100
AcDbText
  0
TEXT
  5
69E
330
17
100
AcDbEntity
  8
M-SA
100
AcDbText
 10
3215.0
 20
487.0
 30
0.0
 40
2.4
  1
CAG fan quantity / duty TBC
 11
3215.0
 21
487.0
 31
0.0
100
AcDbText
  0
TEXT
  5
69F
330
17
100
AcDbEntity
  8
M-SA
100
AcDbText
 10
3215.0
 20
472.0
 30
0.0
 40
2.4
  1
Basement SF / EF: 2 x 100% each
 11
3215.0
 21
472.0
 31
0.0
100
AcDbText
  0
TEXT
  5
6A0
330
17
100
AcDbEntity
  8
M-SA
100
AcDbText
 10
3215.0
 20
457.0
 30
0.0
 40
2.4
  1
Motorized shut-off / RCD dampers
 11
3215.0
 21
457.0
 31
0.0
100
AcDbText
  0
TEXT
  5
6A1
330
17
100
AcDbEntity
  8
M-SA
100
AcDbText
 10
3215.0
 20
442.0
 30
0.0
 40
2.4
  1
Common and comfort heaters
 11
3215.0
 21
442.0
 31
0.0
100
AcDbText
  0
TEXT
  5
6A2
330
17
100
AcDbEntity
  8
M-SA
100
AcDbText
 10
3215.0
 20
427.0
 30
0.0
 40
2.4
  1
Conditional HUM / final OEM interfaces
 11
3215.0
 21
427.0
 31
0.0
100
AcDbText
  0
LINE
  5
6A3
330
17
100
AcDbEntity
  8
M-CTRL
  6
DASHED
100
AcDbLine
 10
3142.0
 20
489.0
 30
0.0
 11
3207.0
 21
489.0
 31
0.0
  0
LWPOLYLINE
  5
6A4
330
17
100
AcDbEntity
  8
M-CTRL
100
AcDbPolyline
 90
3
 70
1
 10
3207.0
 20
489.0
 10
3204.5
 20
490.125
 10
3204.5
 20
487.875
  0
TEXT
  5
6A5
330
17
100
AcDbEntity
  8
M-CTRL
100
AcDbText
 10
3174.0
 20
499.0
 30
0.0
 40
2.7
  1
DO / AO
 72
1
 11
3174.0
 21
499.0
 31
0.0
100
AcDbText
  0
LWPOLYLINE
  5
6A6
330
17
100
AcDbEntity
  8
M-PENDING
100
AcDbPolyline
 90
4
 70
1
 10
2728.0
 20
374.0
 10
2900.0
 20
374.0
 10
2900.0
 20
342.0
 10
2728.0
 20
342.0
  0
TEXT
  5
6A7
330
17
100
AcDbEntity
  8
M-PENDING
100
AcDbText
 10
2735.0
 20
363.0
 30
0.0
 40
2.9
  1
FACP: CONFIRMED FIRE
 11
2735.0
 21
363.0
 31
0.0
100
AcDbText
  0
TEXT
  5
6A8
330
17
100
AcDbEntity
  8
M-PENDING
100
AcDbText
 10
2735.0
 20
352.0
 30
0.0
 40
2.4
  1
Hardwired signal to HPCP: stop entire HVAC
 11
2735.0
 21
352.0
 31
0.0
100
AcDbText
  0
LINE
  5
6A9
330
17
100
AcDbEntity
  8
M-PENDING
100
AcDbLine
 10
2900.0
 20
359.0
 30
0.0
 11
2975.0
 21
359.0
 31
0.0
  0
LWPOLYLINE
  5
6AA
330
17
100
AcDbEntity
  8
M-PENDING
100
AcDbPolyline
 90
3
 70
1
 10
2975.0
 20
359.0
 10
2972.5
 20
360.125
 10
2972.5
 20
357.875
  0
LINE
  5
6AB
330
17
100
AcDbEntity
  8
M-PENDING
100
AcDbLine
 10
2975.0
 20
359.0
 30
0.0
 11
2975.0
 21
396.0
 31
0.0
  0
LWPOLYLINE
  5
6AC
330
17
100
AcDbEntity
  8
M-INST
100
AcDbPolyline
 90
4
 70
1
 10
3006.0
 20
375.0
 10
3165.0
 20
375.0
 10
3165.0
 20
341.0
 10
3006.0
 20
341.0
  0
TEXT
  5
6AD
330
17
100
AcDbEntity
  8
M-INST
100
AcDbText
 10
3014.0
 20
363.0
 30
0.0
 40
2.6
  1
BMS / SCADA + CONTROL-ROOM MONITOR
 11
3014.0
 21
363.0
 31
0.0
100
AcDbText
  0
TEXT
  5
6AE
330
17
100
AcDbEntity
  8
M-INST
100
AcDbText
 10
3014.0
 20
351.0
 30
0.0
 40
2.5
  1
Initial start / E-stop / all monitoring
 11
3014.0
 21
351.0
 31
0.0
100
AcDbText
  0
LINE
  5
6AF
330
17
100
AcDbEntity
  8
M-CTRL
  6
DASHED
100
AcDbLine
 10
3058.0
 20
396.0
 30
0.0
 11
3058.0
 21
375.0
 31
0.0
  0
LWPOLYLINE
  5
6B0
330
17
100
AcDbEntity
  8
M-CTRL
100
AcDbPolyline
 90
3
 70
1
 10
3058.0
 20
375.0
 10
3059.125
 20
377.5
 10
3056.875
 20
377.5
  0
LWPOLYLINE
  5
6B1
330
17
100
AcDbEntity
  8
M-PENDING
100
AcDbPolyline
 90
4
 70
1
 10
3207.0
 20
374.0
 10
3352.0
 20
374.0
 10
3352.0
 20
342.0
 10
3207.0
 20
342.0
  0
TEXT
  5
6B2
330
17
100
AcDbEntity
  8
M-PENDING
100
AcDbText
 10
3215.0
 20
363.0
 30
0.0
 40
2.5
  1
Local lockable E-stop hardwired directly to related feeder; status to PLC (8.3.1).
 11
3215.0
 21
363.0
 31
0.0
100
AcDbText
  0
TEXT
  5
6B3
330
17
100
AcDbEntity
  8
M-INK
100
AcDbText
 10
2728.0
 20
321.0
 30
0.0
 40
3.1
  1
PRELIMINARY WIRED I/O ALLOCATION
 11
2728.0
 21
321.0
 31
0.0
100
AcDbText
  0
LWPOLYLINE
  5
6B4
330
17
100
AcDbEntity
  8
M-INK
100
AcDbPolyline
 90
4
 70
1
 10
2728.0
 20
315.0
 10
3018.0
 20
315.0
 10
3018.0
 20
302.0
 10
2728.0
 20
302.0
  0
TEXT
  5
6B5
330
17
100
AcDbEntity
  8
M-INK
100
AcDbText
 10
2730.0
 20
311.0
 30
0.0
 40
2.4
  1
Type
 11
2730.0
 21
311.0
 31
0.0
100
AcDbText
  0
TEXT
  5
6B6
330
17
100
AcDbEntity
  8
M-INK
100
AcDbText
 10
2788.0
 20
311.0
 30
0.0
 40
2.4
  1
Shown points
 11
2788.0
 21
311.0
 31
0.0
100
AcDbText
  0
TEXT
  5
6B7
330
17
100
AcDbEntity
  8
M-INK
100
AcDbText
 10
2846.0
 20
311.0
 30
0.0
 40
2.4
  1
20% spare minimum
 11
2846.0
 21
311.0
 31
0.0
100
AcDbText
  0
TEXT
  5
6B8
330
17
100
AcDbEntity
  8
M-INK
100
AcDbText
 10
2933.0
 20
311.0
 30
0.0
 40
2.4
  1
Minimum channels
 11
2933.0
 21
311.0
 31
0.0
100
AcDbText
  0
LINE
  5
6B9
330
17
100
AcDbEntity
  8
M-DIM
100
AcDbLine
 10
2728.0
 20
295.0
 30
0.0
 11
3018.0
 21
295.0
 31
0.0
  0
TEXT
  5
6BA
330
17
100
AcDbEntity
  8
M-INK
100
AcDbText
 10
2730.0
 20
298.8
 30
0.0
 40
2.4
  1
AI
 11
2730.0
 21
298.8
 31
0.0
100
AcDbText
  0
TEXT
  5
6BB
330
17
100
AcDbEntity
  8
M-INK
100
AcDbText
 10
2788.0
 20
298.8
 30
0.0
 40
2.4
  1
65
 11
2788.0
 21
298.8
 31
0.0
100
AcDbText
  0
TEXT
  5
6BC
330
17
100
AcDbEntity
  8
M-INK
100
AcDbText
 10
2846.0
 20
298.8
 30
0.0
 40
2.4
  1
13
 11
2846.0
 21
298.8
 31
0.0
100
AcDbText
  0
TEXT
  5
6BD
330
17
100
AcDbEntity
  8
M-INK
100
AcDbText
 10
2933.0
 20
298.8
 30
0.0
 40
2.4
  1
78
 11
2933.0
 21
298.8
 31
0.0
100
AcDbText
  0
LINE
  5
6BE
330
17
100
AcDbEntity
  8
M-DIM
100
AcDbLine
 10
2728.0
 20
288.0
 30
0.0
 11
3018.0
 21
288.0
 31
0.0
  0
TEXT
  5
6BF
330
17
100
AcDbEntity
  8
M-INK
100
AcDbText
 10
2730.0
 20
291.8
 30
0.0
 40
2.4
  1
AO
 11
2730.0
 21
291.8
 31
0.0
100
AcDbText
  0
TEXT
  5
6C0
330
17
100
AcDbEntity
  8
M-INK
100
AcDbText
 10
2788.0
 20
291.8
 30
0.0
 40
2.4
  1
22
 11
2788.0
 21
291.8
 31
0.0
100
AcDbText
  0
TEXT
  5
6C1
330
17
100
AcDbEntity
  8
M-INK
100
AcDbText
 10
2846.0
 20
291.8
 30
0.0
 40
2.4
  1
5
 11
2846.0
 21
291.8
 31
0.0
100
AcDbText
  0
TEXT
  5
6C2
330
17
100
AcDbEntity
  8
M-INK
100
AcDbText
 10
2933.0
 20
291.8
 30
0.0
 40
2.4
  1
27
 11
2933.0
 21
291.8
 31
0.0
100
AcDbText
  0
LINE
  5
6C3
330
17
100
AcDbEntity
  8
M-DIM
100
AcDbLine
 10
2728.0
 20
281.0
 30
0.0
 11
3018.0
 21
281.0
 31
0.0
  0
TEXT
  5
6C4
330
17
100
AcDbEntity
  8
M-INK
100
AcDbText
 10
2730.0
 20
284.8
 30
0.0
 40
2.4
  1
DI
 11
2730.0
 21
284.8
 31
0.0
100
AcDbText
  0
TEXT
  5
6C5
330
17
100
AcDbEntity
  8
M-INK
100
AcDbText
 10
2788.0
 20
284.8
 30
0.0
 40
2.4
  1
141
 11
2788.0
 21
284.8
 31
0.0
100
AcDbText
  0
TEXT
  5
6C6
330
17
100
AcDbEntity
  8
M-INK
100
AcDbText
 10
2846.0
 20
284.8
 30
0.0
 40
2.4
  1
29
 11
2846.0
 21
284.8
 31
0.0
100
AcDbText
  0
TEXT
  5
6C7
330
17
100
AcDbEntity
  8
M-INK
100
AcDbText
 10
2933.0
 20
284.8
 30
0.0
 40
2.4
  1
170
 11
2933.0
 21
284.8
 31
0.0
100
AcDbText
  0
LINE
  5
6C8
330
17
100
AcDbEntity
  8
M-DIM
100
AcDbLine
 10
2728.0
 20
274.0
 30
0.0
 11
3018.0
 21
274.0
 31
0.0
  0
TEXT
  5
6C9
330
17
100
AcDbEntity
  8
M-INK
100
AcDbText
 10
2730.0
 20
277.8
 30
0.0
 40
2.4
  1
DO
 11
2730.0
 21
277.8
 31
0.0
100
AcDbText
  0
TEXT
  5
6CA
330
17
100
AcDbEntity
  8
M-INK
100
AcDbText
 10
2788.0
 20
277.8
 30
0.0
 40
2.4
  1
44
 11
2788.0
 21
277.8
 31
0.0
100
AcDbText
  0
TEXT
  5
6CB
330
17
100
AcDbEntity
  8
M-INK
100
AcDbText
 10
2846.0
 20
277.8
 30
0.0
 40
2.4
  1
9
 11
2846.0
 21
277.8
 31
0.0
100
AcDbText
  0
TEXT
  5
6CC
330
17
100
AcDbEntity
  8
M-INK
100
AcDbText
 10
2933.0
 20
277.8
 30
0.0
 40
2.4
  1
53
 11
2933.0
 21
277.8
 31
0.0
100
AcDbText
  0
TEXT
  5
6CD
330
17
100
AcDbEntity
  8
M-INK
100
AcDbText
 10
3037.0
 20
310.0
 30
0.0
 40
2.6
  1
Full unique tag register, equipment list and individual points are included as CSV files in the CAD package. COMM values and OEM-internal safety circuits are not counted as wired AI/DI points. All new tags are draft allocations.
 11
3037.0
 21
310.0
 31
0.0
100
AcDbText
  0
TEXT
  5
6CE
330
17
100
AcDbEntity
  8
M-INK
100
AcDbText
 10
2728.0
 20
264.0
 30
0.0
 40
3.2
  1
DRAFT OPERATING SEQUENCE / CAUSE-AND-EFFECT
 11
2728.0
 21
264.0
 31
0.0
100
AcDbText
  0
LWPOLYLINE
  5
6CF
330
17
100
AcDbEntity
  8
M-INK
100
AcDbPolyline
 90
4
 70
1
 10
2728.0
 20
257.0
 10
3352.0
 20
257.0
 10
3352.0
 20
244.0
 10
2728.0
 20
244.0
  0
TEXT
  5
6D0
330
17
100
AcDbEntity
  8
M-INK
100
AcDbText
 10
2730.0
 20
253.0
 30
0.0
 40
2.25
  1
Trigger
 11
2730.0
 21
253.0
 31
0.0
100
AcDbText
  0
TEXT
  5
6D1
330
17
100
AcDbEntity
  8
M-INK
100
AcDbText
 10
2814.740740740741
 20
253.0
 30
0.0
 40
2.25
  1
Input
 11
2814.740740740741
 21
253.0
 31
0.0
100
AcDbText
  0
TEXT
  5
6D2
330
17
100
AcDbEntity
  8
M-INK
100
AcDbText
 10
2891.777777777778
 20
253.0
 30
0.0
 40
2.25
  1
Equipment action
 11
2891.777777777778
 21
253.0
 31
0.0
100
AcDbText
  0
TEXT
  5
6D3
330
17
100
AcDbEntity
  8
M-INK
100
AcDbText
 10
3061.259259259259
 20
253.0
 30
0.0
 40
2.25
  1
Damper / permissive action
 11
3061.259259259259
 21
253.0
 31
0.0
100
AcDbText
  0
TEXT
  5
6D4
330
17
100
AcDbEntity
  8
M-INK
100
AcDbText
 10
3223.0370370370374
 20
253.0
 30
0.0
 40
2.25
  1
Restart / limits
 11
3223.0370370370374
 21
253.0
 31
0.0
100
AcDbText
  0
LINE
  5
6D5
330
17
100
AcDbEntity
  8
M-DIM
100
AcDbLine
 10
2728.0
 20
217.0
 30
0.0
 11
3352.0
 21
217.0
 31
0.0
  0
TEXT
  5
6D6
330
17
100
AcDbEntity
  8
M-INK
100
AcDbText
 10
2730.0
 20
240.8
 30
0.0
 40
2.25
  1
Confirmed fire
 11
2730.0
 21
240.8
 31
0.0
100
AcDbText
  0
TEXT
  5
6D7
330
17
100
AcDbEntity
  8
M-INK
100
AcDbText
 10
2814.740740740741
 20
240.8
 30
0.0
 40
2.25
  1
FACP -> HPCP
 11
2814.740740740741
 21
240.8
 31
0.0
100
AcDbText
  0
TEXT
  5
6D8
330
17
100
AcDbEntity
  8
M-INK
100
AcDbText
 10
2891.777777777778
 20
240.8
 30
0.0
 40
2.25
  1
STOP all PAUs, extract and basement fans; heaters off
 11
2891.777777777778
 21
240.8
 31
0.0
100
AcDbText
  0
TEXT
  5
6D9
330
17
100
AcDbEntity
  8
M-INK
100
AcDbText
 10
3061.259259259259
 20
240.8
 30
0.0
 40
2.25
  1
Damper fire positions per approved cause-and-effect; not inferred
 11
3061.259259259259
 21
240.8
 31
0.0
100
AcDbText
  0
TEXT
  5
6DA
330
17
100
AcDbEntity
  8
M-INK
100
AcDbText
 10
3223.0370370370374
 20
240.8
 30
0.0
 40
2.25
  1
Local manual reset after fire clears
 11
3223.0370370370374
 21
240.8
 31
0.0
100
AcDbText
  0
LINE
  5
6DB
330
17
100
AcDbEntity
  8
M-DIM
100
AcDbLine
 10
2728.0
 20
190.0
 30
0.0
 11
3352.0
 21
190.0
 31
0.0
  0
TEXT
  5
6DC
330
17
100
AcDbEntity
  8
M-INK
100
AcDbText
 10
2730.0
 20
213.8
 30
0.0
 40
2.25
  1
Normal start
 11
2730.0
 21
213.8
 31
0.0
100
AcDbText
  0
TEXT
  5
6DD
330
17
100
AcDbEntity
  8
M-INK
100
AcDbText
 10
2814.740740740741
 20
213.8
 30
0.0
 40
2.25
  1
HMI / BMS start + Auto
 11
2814.740740740741
 21
213.8
 31
0.0
100
AcDbText
  0
TEXT
  5
6DE
330
17
100
AcDbEntity
  8
M-INK
100
AcDbText
 10
2891.777777777778
 20
213.8
 30
0.0
 40
2.25
  1
Prove duty path dampers; start chosen duty pair and duty extract fans
 11
2891.777777777778
 21
213.8
 31
0.0
100
AcDbText
  0
TEXT
  5
6DF
330
17
100
AcDbEntity
  8
M-INK
100
AcDbText
 10
3061.259259259259
 20
213.8
 30
0.0
 40
2.25
  1
Standby PAU and parallel fan inlet / outlet paths isolated
 11
3061.259259259259
 21
213.8
 31
0.0
100
AcDbText
  0
TEXT
  5
6E0
330
17
100
AcDbEntity
  8
M-INK
100
AcDbText
 10
3223.0370370370374
 20
213.8
 30
0.0
 40
2.25
  1
Sequence / delays by approved OEM logic
 11
3223.0370370370374
 21
213.8
 31
0.0
100
AcDbText
  0
LINE
  5
6E1
330
17
100
AcDbEntity
  8
M-DIM
100
AcDbLine
 10
2728.0
 20
163.0
 30
0.0
 11
3352.0
 21
163.0
 31
0.0
  0
TEXT
  5
6E2
330
17
100
AcDbEntity
  8
M-INK
100
AcDbText
 10
2730.0
 20
186.8
 30
0.0
 40
2.25
  1
Duty PAU fault
 11
2730.0
 21
186.8
 31
0.0
100
AcDbText
  0
TEXT
  5
6E3
330
17
100
AcDbEntity
  8
M-INK
100
AcDbText
 10
2814.740740740741
 20
186.8
 30
0.0
 40
2.25
  1
Unit fault / fan DP
 11
2814.740740740741
 21
186.8
 31
0.0
100
AcDbText
  0
TEXT
  5
6E4
330
17
100
AcDbEntity
  8
M-INK
100
AcDbText
 10
2891.777777777778
 20
186.8
 30
0.0
 40
2.25
  1
Alarm; isolate failed unit; enable available alternate
 11
2891.777777777778
 21
186.8
 31
0.0
100
AcDbText
  0
TEXT
  5
6E5
330
17
100
AcDbEntity
  8
M-INK
100
AcDbText
 10
3061.259259259259
 20
186.8
 30
0.0
 40
2.25
  1
Maintain two healthy 50% units when available
 11
3061.259259259259
 21
186.8
 31
0.0
100
AcDbText
  0
TEXT
  5
6E6
330
17
100
AcDbEntity
  8
M-INK
100
AcDbText
 10
3223.0370370370374
 20
186.8
 30
0.0
 40
2.25
  1
Automatic fault changeover; minimum-runtime delay TBC
 11
3223.0370370370374
 21
186.8
 31
0.0
100
AcDbText
  0
LINE
  5
6E7
330
17
100
AcDbEntity
  8
M-DIM
100
AcDbLine
 10
2728.0
 20
136.0
 30
0.0
 11
3352.0
 21
136.0
 31
0.0
  0
TEXT
  5
6E8
330
17
100
AcDbEntity
  8
M-INK
100
AcDbText
 10
2730.0
 20
159.8
 30
0.0
 40
2.25
  1
Low / high room pressure
 11
2730.0
 21
159.8
 31
0.0
100
AcDbText
  0
TEXT
  5
6E9
330
17
100
AcDbEntity
  8
M-INK
100
AcDbText
 10
2814.740740740741
 20
159.8
 30
0.0
 40
2.25
  1
Room DPT
 11
2814.740740740741
 21
159.8
 31
0.0
100
AcDbText
  0
TEXT
  5
6EA
330
17
100
AcDbEntity
  8
M-INK
100
AcDbText
 10
2891.777777777778
 20
159.8
 30
0.0
 40
2.25
  1
Proposed RCD / OA or extract-speed adjustment within airflow constraints
 11
2891.777777777778
 21
159.8
 31
0.0
100
AcDbText
  0
TEXT
  5
6EB
330
17
100
AcDbEntity
  8
M-INK
100
AcDbText
 10
3061.259259259259
 20
159.8
 30
0.0
 40
2.25
  1
Respect cooling, fresh-air and minimum ACH limits
 11
3061.259259259259
 21
159.8
 31
0.0
100
AcDbText
  0
TEXT
  5
6EC
330
17
100
AcDbEntity
  8
M-INK
100
AcDbText
 10
3223.0370370370374
 20
159.8
 30
0.0
 40
2.25
  1
Alarm if targets cannot be met; revise supply / balance
 11
3223.0370370370374
 21
159.8
 31
0.0
100
AcDbText
  0
LINE
  5
6ED
330
17
100
AcDbEntity
  8
M-DIM
100
AcDbLine
 10
2728.0
 20
109.0
 30
0.0
 11
3352.0
 21
109.0
 31
0.0
  0
TEXT
  5
6EE
330
17
100
AcDbEntity
  8
M-INK
100
AcDbText
 10
2730.0
 20
132.8
 30
0.0
 40
2.25
  1
Extract duty fan fault
 11
2730.0
 21
132.8
 31
0.0
100
AcDbText
  0
TEXT
  5
6EF
330
17
100
AcDbEntity
  8
M-INK
100
AcDbText
 10
2814.740740740741
 20
132.8
 30
0.0
 40
2.25
  1
Fan fault / proof
 11
2814.740740740741
 21
132.8
 31
0.0
100
AcDbText
  0
TEXT
  5
6F0
330
17
100
AcDbEntity
  8
M-INK
100
AcDbText
 10
2891.777777777778
 20
132.8
 30
0.0
 40
2.25
  1
Start standby for kitchen / toilet / basement
 11
2891.777777777778
 21
132.8
 31
0.0
100
AcDbText
  0
TEXT
  5
6F1
330
17
100
AcDbEntity
  8
M-INK
100
AcDbText
 10
3061.259259259259
 20
132.8
 30
0.0
 40
2.25
  1
Prove available path; isolate failed path
 11
3061.259259259259
 21
132.8
 31
0.0
100
AcDbText
  0
TEXT
  5
6F2
330
17
100
AcDbEntity
  8
M-INK
100
AcDbText
 10
3223.0370370370374
 20
132.8
 30
0.0
 40
2.25
  1
CAG standby arrangement TBC
 11
3223.0370370370374
 21
132.8
 31
0.0
100
AcDbText
  0
LINE
  5
6F3
330
17
100
AcDbEntity
  8
M-DIM
100
AcDbLine
 10
2728.0
 20
82.0
 30
0.0
 11
3352.0
 21
82.0
 31
0.0
  0
TEXT
  5
6F4
330
17
100
AcDbEntity
  8
M-INK
100
AcDbText
 10
2730.0
 20
105.80000000000001
 30
0.0
 40
2.25
  1
Heater high limit / no flow
 11
2730.0
 21
105.80000000000001
 31
0.0
100
AcDbText
  0
TEXT
  5
6F5
330
17
100
AcDbEntity
  8
M-INK
100
AcDbText
 10
2814.740740740741
 20
105.80000000000001
 30
0.0
 40
2.25
  1
TSHH / AFS
 11
2814.740740740741
 21
105.80000000000001
 31
0.0
100
AcDbText
  0
TEXT
  5
6F6
330
17
100
AcDbEntity
  8
M-INK
100
AcDbText
 10
2891.777777777778
 20
105.80000000000001
 30
0.0
 40
2.25
  1
Heater OFF
 11
2891.777777777778
 21
105.80000000000001
 31
0.0
100
AcDbText
  0
TEXT
  5
6F7
330
17
100
AcDbEntity
  8
M-INK
100
AcDbText
 10
3061.259259259259
 20
105.80000000000001
 30
0.0
 40
2.25
  1
Fans / dampers per OEM sequence; fire overrides
 11
3061.259259259259
 21
105.80000000000001
 31
0.0
100
AcDbText
  0
TEXT
  5
6F8
330
17
100
AcDbEntity
  8
M-INK
100
AcDbText
 10
3223.0370370370374
 20
105.80000000000001
 30
0.0
 40
2.25
  1
Manual or OEM reset only after fault clears
 11
3223.0370370370374
 21
105.80000000000001
 31
0.0
100
AcDbText
  0
LINE
  5
6F9
330
17
100
AcDbEntity
  8
M-DIM
100
AcDbLine
 10
2728.0
 20
55.0
 30
0.0
 11
3352.0
 21
55.0
 31
0.0
  0
TEXT
  5
6FA
330
17
100
AcDbEntity
  8
M-INK
100
AcDbText
 10
2730.0
 20
78.79999999999995
 30
0.0
 40
2.25
  1
Power loss / return
 11
2730.0
 21
78.79999999999995
 31
0.0
100
AcDbText
  0
TEXT
  5
6FB
330
17
100
AcDbEntity
  8
M-INK
100
AcDbText
 10
2814.740740740741
 20
78.79999999999995
 30
0.0
 40
2.25
  1
Mains / feeder status
 11
2814.740740740741
 21
78.79999999999995
 31
0.0
100
AcDbText
  0
TEXT
  5
6FC
330
17
100
AcDbEntity
  8
M-INK
100
AcDbText
 10
2891.777777777778
 20
78.79999999999995
 30
0.0
 40
2.25
  1
HVAC stops; normal restart on restored power
 11
2891.777777777778
 21
78.79999999999995
 31
0.0
100
AcDbText
  0
TEXT
  5
6FD
330
17
100
AcDbEntity
  8
M-INK
100
AcDbText
 10
3061.259259259259
 20
78.79999999999995
 30
0.0
 40
2.25
  1
Fire ESD latch overrides automatic restart
 11
3061.259259259259
 21
78.79999999999995
 31
0.0
100
AcDbText
  0
TEXT
  5
6FE
330
17
100
AcDbEntity
  8
M-INK
100
AcDbText
 10
3223.0370370370374
 20
78.79999999999995
 30
0.0
 40
2.25
  1
Automatic power-return restart only without fire latch
 11
3223.0370370370374
 21
78.79999999999995
 31
0.0
100
AcDbText
  0
LINE
  5
6FF
330
17
100
AcDbEntity
  8
M-DIM
100
AcDbLine
 10
2728.0
 20
28.0
 30
0.0
 11
3352.0
 21
28.0
 31
0.0
  0
TEXT
  5
700
330
17
100
AcDbEntity
  8
M-INK
100
AcDbText
 10
2730.0
 20
51.799999999999955
 30
0.0
 40
2.25
  1
Post-fire purge
 11
2730.0
 21
51.799999999999955
 31
0.0
100
AcDbText
  0
TEXT
  5
701
330
17
100
AcDbEntity
  8
M-INK
100
AcDbText
 10
2814.740740740741
 20
51.799999999999955
 30
0.0
 40
2.25
  1
Separate approved command
 11
2814.740740740741
 21
51.799999999999955
 31
0.0
100
AcDbText
  0
TEXT
  5
702
330
17
100
AcDbEntity
  8
M-INK
100
AcDbText
 10
2891.777777777778
 20
51.799999999999955
 30
0.0
 40
2.25
  1
Not enabled by this drawing
 11
2891.777777777778
 21
51.799999999999955
 31
0.0
100
AcDbText
  0
TEXT
  5
703
330
17
100
AcDbEntity
  8
M-INK
100
AcDbText
 10
3061.259259259259
 20
51.799999999999955
 30
0.0
 40
2.25
  1
Agent, fire fan suitability and makeup to be approved
 11
3061.259259259259
 21
51.799999999999955
 31
0.0
100
AcDbText
  0
TEXT
  5
704
330
17
100
AcDbEntity
  8
M-INK
100
AcDbText
 10
3223.0370370370374
 20
51.799999999999955
 30
0.0
 40
2.25
  1
No automatic purge assumed
 11
3223.0370370370374
 21
51.799999999999955
 31
0.0
100
AcDbText
  0
ENDSEC
  0
SECTION
  2
OBJECTS
  0
DICTIONARY
  5
A
330
0
100
AcDbDictionary
281
1
  3
ACAD_COLOR
350
B
  3
ACAD_GROUP
350
C
  3
ACAD_LAYOUT
350
D
  3
ACAD_MATERIAL
350
E
  3
ACAD_MLEADERSTYLE
350
F
  3
ACAD_MLINESTYLE
350
10
  3
ACAD_PLOTSETTINGS
350
11
  3
ACAD_PLOTSTYLENAME
350
12
  3
ACAD_SCALELIST
350
14
  3
ACAD_TABLESTYLE
350
15
  3
ACAD_VISUALSTYLE
350
16
  3
EZDXF_META
350
2D
  0
DICTIONARY
  5
B
330
A
100
AcDbDictionary
281
1
  0
DICTIONARY
  5
C
330
A
100
AcDbDictionary
281
1
  0
DICTIONARY
  5
D
330
A
100
AcDbDictionary
281
1
  3
Model
350
1A
  3
Layout1
350
1E
  3
S01_A1
350
229
  3
S02_A1
350
449
  3
S03_A1
350
658
  3
S04_A1
350
708
  0
DICTIONARY
  5
E
330
A
100
AcDbDictionary
281
1
  3
ByBlock
350
1F
  3
ByLayer
350
20
  3
Global
350
21
  0
DICTIONARY
  5
F
330
A
100
AcDbDictionary
281
1
  3
Standard
350
2C
  0
DICTIONARY
  5
10
330
A
100
AcDbDictionary
281
1
  3
Standard
350
22
  0
DICTIONARY
  5
11
330
A
100
AcDbDictionary
281
1
  0
ACDBDICTIONARYWDFLT
  5
12
330
A
100
AcDbDictionary
281
1
  3
Normal
350
13
100
AcDbDictionaryWithDefault
340
13
  0
ACDBPLACEHOLDER
  5
13
330
12
  0
DICTIONARY
  5
14
330
A
100
AcDbDictionary
281
1
  0
DICTIONARY
  5
15
330
A
100
AcDbDictionary
281
1
  0
DICTIONARY
  5
16
330
A
100
AcDbDictionary
281
1
  0
LAYOUT
  5
1A
330
D
100
AcDbPlotSettings
  1

  4
A3
  6

 40
7.5
 41
20.0
 42
7.5
 43
20.0
 44
420.0
 45
297.0
 46
0.0
 47
0.0
 48
0.0
 49
0.0
140
0.0
141
0.0
142
1.0
143
1.0
 70
1024
 72
1
 73
0
 74
5
  7

 75
16
 76
0
 77
2
 78
300
147
1.0
148
0.0
149
0.0
100
AcDbLayout
  1
Model
 70
1
 71
0
 10
0.0
 20
0.0
 11
420.0
 21
297.0
 12
0.0
 22
0.0
 32
0.0
 14
1e+20
 24
1e+20
 34
1e+20
 15
-1e+20
 25
-1e+20
 35
-1e+20
146
0.0
 13
0.0
 23
0.0
 33
0.0
 16
1.0
 26
0.0
 36
0.0
 17
0.0
 27
1.0
 37
0.0
 76
1
330
17
  0
LAYOUT
  5
1E
330
D
100
AcDbPlotSettings
  1

  4
A3
  6

 40
7.5
 41
20.0
 42
7.5
 43
20.0
 44
420.0
 45
297.0
 46
0.0
 47
0.0
 48
0.0
 49
0.0
140
0.0
141
0.0
142
1.0
143
1.0
 70
0
 72
1
 73
0
 74
5
  7

 75
16
 76
0
 77
2
 78
300
147
1.0
148
0.0
149
0.0
100
AcDbLayout
  1
Layout1
 70
1
 71
1
 10
0.0
 20
0.0
 11
420.0
 21
297.0
 12
0.0
 22
0.0
 32
0.0
 14
1e+20
 24
1e+20
 34
1e+20
 15
-1e+20
 25
-1e+20
 35
-1e+20
146
0.0
 13
0.0
 23
0.0
 33
0.0
 16
1.0
 26
0.0
 36
0.0
 17
0.0
 27
1.0
 37
0.0
 76
1
330
1B
  0
MATERIAL
  5
1F
102
{ACAD_REACTORS
330
E
102
}
330
E
100
AcDbMaterial
  1
ByBlock
  2

 70
0
 40
1.0
 71
1
 41
1.0
 91
-1023410177
 42
1.0
 72
1
  3

 73
1
 74
1
 75
1
 44
0.5
 73
0
 45
1.0
 46
1.0
 77
1
  4

 78
1
 79
1
170
1
 48
1.0
171
1
  6

172
1
173
1
174
1
140
1.0
141
1.0
175
1
  7

176
1
177
1
178
1
143
1.0
179
1
  8

270
1
271
1
272
1
145
1.0
146
1.0
273
1
  9

274
1
275
1
276
1
 42
1.0
 72
1
  3

 73
1
 74
1
 75
1
 94
63
  0
MATERIAL
  5
20
102
{ACAD_REACTORS
330
E
102
}
330
E
100
AcDbMaterial
  1
ByLayer
  2

 70
0
 40
1.0
 71
1
 41
1.0
 91
-1023410177
 42
1.0
 72
1
  3

 73
1
 74
1
 75
1
 44
0.5
 73
0
 45
1.0
 46
1.0
 77
1
  4

 78
1
 79
1
170
1
 48
1.0
171
1
  6

172
1
173
1
174
1
140
1.0
141
1.0
175
1
  7

176
1
177
1
178
1
143
1.0
179
1
  8

270
1
271
1
272
1
145
1.0
146
1.0
273
1
  9

274
1
275
1
276
1
 42
1.0
 72
1
  3

 73
1
 74
1
 75
1
 94
63
  0
MATERIAL
  5
21
102
{ACAD_REACTORS
330
E
102
}
330
E
100
AcDbMaterial
  1
Global
  2

 70
0
 40
1.0
 71
1
 41
1.0
 91
-1023410177
 42
1.0
 72
1
  3

 73
1
 74
1
 75
1
 44
0.5
 73
0
 45
1.0
 46
1.0
 77
1
  4

 78
1
 79
1
170
1
 48
1.0
171
1
  6

172
1
173
1
174
1
140
1.0
141
1.0
175
1
  7

176
1
177
1
178
1
143
1.0
179
1
  8

270
1
271
1
272
1
145
1.0
146
1.0
273
1
  9

274
1
275
1
276
1
 42
1.0
 72
1
  3

 73
1
 74
1
 75
1
 94
63
  0
MLINESTYLE
  5
22
102
{ACAD_REACTORS
330
10
102
}
330
10
100
AcDbMlineStyle
  2
Standard
 70
0
  3

 62
256
 51
90.0
 52
90.0
 71
2
 49
0.5
 62
256
  6
BYLAYER
 49
-0.5
 62
256
  6
BYLAYER
  0
MLEADERSTYLE
  5
2C
102
{ACAD_REACTORS
330
F
102
}
330
F
100
AcDbMLeaderStyle
179
2
170
2
171
1
172
0
 90
2
 40
0.0
 41
0.0
173
1
 91
-1056964608
 92
-2
290
1
 42
2.0
291
1
 43
8.0
  3
Standard
 44
4.0
300

342
29
174
1
175
1
176
0
178
1
 93
-1056964608
 45
4.0
292
0
297
0
 46
4.0
 94
-1056964608
 47
1.0
 49
1.0
140
1.0
294
1
141
0.0
177
0
142
1.0
295
0
296
0
143
3.75
271
0
272
9
273
9
  0
DICTIONARY
  5
2D
330
A
100
AcDbDictionary
280
1
281
1
  3
CREATED_BY_EZDXF
350
2E
  3
WRITTEN_BY_EZDXF
350
70E
  0
DICTIONARYVAR
  5
2E
330
2D
100
DictionaryVariables
280
0
  1
1.4.4 @ 2026-10-07T08:40:57.452529+00:00
  0
LAYOUT
  5
229
330
D
100
AcDbPlotSettings
  1

  2
DWG to PDF.pc3
  4
ezdxf_(841.00_x_594.00_MM)
  6

 40
0.0
 41
0.0
 42
0.0
 43
0.0
 44
841.0
 45
594.0
 46
0.0
 47
0.0
 48
0.0
 49
0.0
140
0.0
141
0.0
142
1.0
143
1.0
 70
672
 72
1
 73
0
 74
5
  7

 75
16
 76
0
 77
2
 78
300
147
1.0
148
0.0
149
0.0
100
AcDbLayout
  1
S01_A1
 70
1
 71
3
 10
-0.0
 20
-0.0
 11
841.0
 21
594.0
 12
0.0
 22
0.0
 32
0.0
 14
1e+20
 24
1e+20
 34
1e+20
 15
-1e+20
 25
-1e+20
 35
-1e+20
146
0.0
 13
0.0
 23
0.0
 33
0.0
 16
1.0
 26
0.0
 36
0.0
 17
0.0
 27
1.0
 37
0.0
 76
1
330
226
331
22A
  0
LAYOUT
  5
449
330
D
100
AcDbPlotSettings
  1

  2
DWG to PDF.pc3
  4
ezdxf_(841.00_x_594.00_MM)
  6

 40
0.0
 41
0.0
 42
0.0
 43
0.0
 44
841.0
 45
594.0
 46
0.0
 47
0.0
 48
0.0
 49
0.0
140
0.0
141
0.0
142
1.0
143
1.0
 70
672
 72
1
 73
0
 74
5
  7

 75
16
 76
0
 77
2
 78
300
147
1.0
148
0.0
149
0.0
100
AcDbLayout
  1
S02_A1
 70
1
 71
4
 10
-0.0
 20
-0.0
 11
841.0
 21
594.0
 12
0.0
 22
0.0
 32
0.0
 14
1e+20
 24
1e+20
 34
1e+20
 15
-1e+20
 25
-1e+20
 35
-1e+20
146
0.0
 13
0.0
 23
0.0
 33
0.0
 16
1.0
 26
0.0
 36
0.0
 17
0.0
 27
1.0
 37
0.0
 76
1
330
446
331
44A
  0
LAYOUT
  5
658
330
D
100
AcDbPlotSettings
  1

  2
DWG to PDF.pc3
  4
ezdxf_(841.00_x_594.00_MM)
  6

 40
0.0
 41
0.0
 42
0.0
 43
0.0
 44
841.0
 45
594.0
 46
0.0
 47
0.0
 48
0.0
 49
0.0
140
0.0
141
0.0
142
1.0
143
1.0
 70
672
 72
1
 73
0
 74
5
  7

 75
16
 76
0
 77
2
 78
300
147
1.0
148
0.0
149
0.0
100
AcDbLayout
  1
S03_A1
 70
1
 71
5
 10
-0.0
 20
-0.0
 11
841.0
 21
594.0
 12
0.0
 22
0.0
 32
0.0
 14
1e+20
 24
1e+20
 34
1e+20
 15
-1e+20
 25
-1e+20
 35
-1e+20
146
0.0
 13
0.0
 23
0.0
 33
0.0
 16
1.0
 26
0.0
 36
0.0
 17
0.0
 27
1.0
 37
0.0
 76
1
330
655
331
659
  0
LAYOUT
  5
708
330
D
100
AcDbPlotSettings
  1

  2
DWG to PDF.pc3
  4
ezdxf_(841.00_x_594.00_MM)
  6

 40
0.0
 41
0.0
 42
0.0
 43
0.0
 44
841.0
 45
594.0
 46
0.0
 47
0.0
 48
0.0
 49
0.0
140
0.0
141
0.0
142
1.0
143
1.0
 70
672
 72
1
 73
0
 74
5
  7

 75
16
 76
0
 77
2
 78
300
147
1.0
148
0.0
149
0.0
100
AcDbLayout
  1
S04_A1
 70
1
 71
6
 10
-0.0
 20
-0.0
 11
841.0
 21
594.0
 12
0.0
 22
0.0
 32
0.0
 14
1e+20
 24
1e+20
 34
1e+20
 15
-1e+20
 25
-1e+20
 35
-1e+20
146
0.0
 13
0.0
 23
0.0
 33
0.0
 16
1.0
 26
0.0
 36
0.0
 17
0.0
 27
1.0
 37
0.0
 76
1
330
705
331
709
  0
DICTIONARYVAR
  5
70E
330
2D
100
DictionaryVariables
280
0
  1
1.4.4 @ 2026-10-07T08:40:57.485332+00:00
  0
ENDSEC
  0
EOF
